model,asset_tag,rows,actual_failures,failure_rate,Accuracy,Precision,Recall,F1,PR_AUC,TN,FP,FN,TP,predicted_alerts,probability_cutoff,note
로지스틱 회귀,AST-1041,2973,688,0.23141607803565423,0.7685839219643458,0.0,0.0,0.0,0.2928834687552276,2285,0,688,0,0,0.5,예측 경보 0건: Precision 해석 불가
로지스틱 회귀,AST-1042,2978,655,0.21994627266621894,0.7800537273337811,0.0,0.0,0.0,0.299009959522478,2323,0,655,0,0,0.5,예측 경보 0건: Precision 해석 불가
로지스틱 회귀,AST-2017,2848,884,0.3103932584269663,0.6896067415730337,0.0,0.0,0.0,0.386648202244256,1964,0,884,0,0,0.5,예측 경보 0건: Precision 해석 불가
로지스틱 회귀,AST-2031,2913,799,0.2742876759354617,0.7257123240645382,0.0,0.0,0.0,0.35282024262293454,2114,0,799,0,0,0.5,예측 경보 0건: Precision 해석 불가
로지스틱 회귀,AST-3008,2952,715,0.24220867208672087,0.7577913279132791,0.0,0.0,0.0,0.3005378877262779,2237,0,715,0,0,0.5,예측 경보 0건: Precision 해석 불가
로지스틱 회귀,AST-3019,2979,634,0.21282309499832158,0.7871769050016784,0.0,0.0,0.0,0.28069234741303173,2345,0,634,0,0,0.5,예측 경보 0건: Precision 해석 불가
로지스틱 회귀,AST-4055,2858,922,0.32260321903428973,0.6773967809657103,0.0,0.0,0.0,0.3993948137711849,1936,0,922,0,0,0.5,예측 경보 0건: Precision 해석 불가
로지스틱 회귀,AST-4061,2912,815,0.27987637362637363,0.7201236263736264,0.0,0.0,0.0,0.33643806789860997,2097,0,815,0,0,0.5,예측 경보 0건: Precision 해석 불가
로지스틱 회귀,AST-5003,2855,894,0.31313485113835376,0.6868651488616462,0.0,0.0,0.0,0.36588184816964886,1961,0,894,0,0,0.5,예측 경보 0건: Precision 해석 불가
로지스틱 회귀,AST-5007,2985,663,0.2221105527638191,0.7778894472361809,0.0,0.0,0.0,0.22455562483978636,2322,0,663,0,0,0.5,예측 경보 0건: Precision 해석 불가
랜덤 포레스트,AST-1041,2973,688,0.23141607803565423,0.7611839892364615,0.3625,0.04215116279069767,0.07552083333333333,0.2698399368711021,2234,51,659,29,80,0.5,
랜덤 포레스트,AST-1042,2978,655,0.21994627266621894,0.7780389523169913,0.43478260869565216,0.030534351145038167,0.05706134094151213,0.2589611820281066,2297,26,635,20,46,0.5,
랜덤 포레스트,AST-2017,2848,884,0.3103932584269663,0.680126404494382,0.43478260869565216,0.10180995475113122,0.16498625114573787,0.3546949552394415,1847,117,794,90,207,0.5,
랜덤 포레스트,AST-2031,2913,799,0.2742876759354617,0.7058015791280466,0.30405405405405406,0.056320400500625784,0.09503695881731784,0.29544136919286734,2011,103,754,45,148,0.5,
랜덤 포레스트,AST-3008,2952,715,0.24220867208672087,0.7489837398373984,0.2903225806451613,0.025174825174825177,0.04633204633204633,0.26548063081855644,2193,44,697,18,62,0.5,
랜덤 포레스트,AST-3019,2979,634,0.21282309499832158,0.7754279959718026,0.21311475409836064,0.02050473186119874,0.03741007194244604,0.22976950321612394,2297,48,621,13,61,0.5,
랜덤 포레스트,AST-4055,2858,922,0.32260321903428973,0.6613016095171449,0.3883495145631068,0.08676789587852494,0.14184397163120568,0.37307984457534255,1810,126,842,80,206,0.5,
랜덤 포레스트,AST-4061,2912,815,0.27987637362637363,0.7218406593406593,0.5555555555555556,0.03067484662576687,0.05813953488372093,0.3383135108113423,2077,20,790,25,45,0.5,
랜덤 포레스트,AST-5003,2855,894,0.31313485113835376,0.6816112084063047,0.45161290322580644,0.07829977628635347,0.1334604385128694,0.35356840775986814,1876,85,824,70,155,0.5,
랜덤 포레스트,AST-5007,2985,663,0.2221105527638191,0.7715242881072026,0.24324324324324326,0.013574660633484163,0.025714285714285714,0.21893580365428694,2294,28,654,9,37,0.5,
