period,part_family,row_count,total_parts,affected_count,affected_rate,severe_count,severe_rate,all_failed_count,all_failed_rate
overall,Bearing,10950,3,3479,0.31771689497716893,3479,0.31771689497716893,58,0.0052968036529680365
overall,Seal & Gasket,10950,3,2748,0.25095890410958904,1448,0.13223744292237444,19,0.001735159817351598
overall,Drive Belt,10950,2,1977,0.18054794520547945,157,0.014337899543378996,157,0.014337899543378996
overall,Filter,10950,2,1997,0.1823744292237443,139,0.012694063926940639,139,0.012694063926940639
overall,Electrical,10950,2,2240,0.2045662100456621,1393,0.1272146118721461,177,0.016164383561643837
overall,Coupling,10950,2,1875,0.17123287671232876,112,0.010228310502283105,112,0.010228310502283105
overall,Lubrication,10950,2,1476,0.13479452054794522,67,0.006118721461187215,67,0.006118721461187215
overall,Sensor,10950,2,2261,0.20648401826484017,1398,0.12767123287671234,193,0.01762557077625571
overall,Fastener,10950,2,1532,0.13990867579908675,94,0.008584474885844748,94,0.008584474885844748
train,Bearing,7280,3,2289,0.3144230769230769,2289,0.3144230769230769,43,0.005906593406593406
train,Seal & Gasket,7280,3,1846,0.25357142857142856,955,0.1311813186813187,11,0.001510989010989011
train,Drive Belt,7280,2,1265,0.17376373626373626,103,0.014148351648351648,103,0.014148351648351648
train,Filter,7280,2,1361,0.18695054945054945,92,0.012637362637362638,92,0.012637362637362638
train,Electrical,7280,2,1482,0.20357142857142857,912,0.12527472527472527,124,0.01703296703296703
train,Coupling,7280,2,1245,0.17101648351648352,74,0.010164835164835165,74,0.010164835164835165
train,Lubrication,7280,2,974,0.1337912087912088,50,0.006868131868131868,50,0.006868131868131868
train,Sensor,7280,2,1494,0.2052197802197802,928,0.12747252747252746,128,0.017582417582417582
train,Fastener,7280,2,1005,0.13804945054945056,61,0.008379120879120879,61,0.008379120879120879
valid,Bearing,1820,3,576,0.31648351648351647,576,0.31648351648351647,7,0.0038461538461538464
valid,Seal & Gasket,1820,3,454,0.24945054945054945,241,0.13241758241758242,4,0.002197802197802198
valid,Drive Belt,1820,2,346,0.1901098901098901,24,0.013186813186813187,24,0.013186813186813187
valid,Filter,1820,2,318,0.17472527472527472,21,0.011538461538461539,21,0.011538461538461539
valid,Electrical,1820,2,392,0.2153846153846154,249,0.13681318681318683,26,0.014285714285714285
valid,Coupling,1820,2,312,0.17142857142857143,20,0.01098901098901099,20,0.01098901098901099
valid,Lubrication,1820,2,243,0.13351648351648351,11,0.006043956043956044,11,0.006043956043956044
valid,Sensor,1820,2,368,0.2021978021978022,223,0.12252747252747252,38,0.020879120879120878
valid,Fastener,1820,2,264,0.14505494505494507,14,0.007692307692307693,14,0.007692307692307693
test,Bearing,1850,3,614,0.3318918918918919,614,0.3318918918918919,8,0.004324324324324324
test,Seal & Gasket,1850,3,448,0.24216216216216216,252,0.1362162162162162,4,0.002162162162162162
test,Drive Belt,1850,2,366,0.19783783783783784,30,0.016216216216216217,30,0.016216216216216217
test,Filter,1850,2,318,0.17189189189189188,26,0.014054054054054054,26,0.014054054054054054
test,Electrical,1850,2,366,0.19783783783783784,232,0.1254054054054054,27,0.014594594594594595
test,Coupling,1850,2,318,0.17189189189189188,18,0.00972972972972973,18,0.00972972972972973
test,Lubrication,1850,2,259,0.14,6,0.003243243243243243,6,0.003243243243243243
test,Sensor,1850,2,399,0.21567567567567567,247,0.1335135135135135,27,0.014594594594594595
test,Fastener,1850,2,263,0.14216216216216215,19,0.01027027027027027,19,0.01027027027027027
