criterion,description,dataset,rows,failures,failure_rate,always_normal_accuracy
failed_unit_cost_ge_1000,"고장 표시 부품 단가 합계 1,000 INR 이상",전체,10950,5883,0.5372602739726028,0.4627397260273972
failed_unit_cost_ge_1000,"고장 표시 부품 단가 합계 1,000 INR 이상",Train,7660,4112,0.5368146214099216,0.46318537859007836
failed_unit_cost_ge_1000,"고장 표시 부품 단가 합계 1,000 INR 이상",Validation,1640,873,0.5323170731707317,0.46768292682926826
failed_unit_cost_ge_1000,"고장 표시 부품 단가 합계 1,000 INR 이상",Test,1650,898,0.5442424242424242,0.4557575757575758
failed_unit_cost_ge_2500,"고장 표시 부품 단가 합계 2,500 INR 이상",전체,10950,3660,0.33424657534246577,0.6657534246575343
failed_unit_cost_ge_2500,"고장 표시 부품 단가 합계 2,500 INR 이상",Train,7660,2547,0.3325065274151436,0.6674934725848565
failed_unit_cost_ge_2500,"고장 표시 부품 단가 합계 2,500 INR 이상",Validation,1640,560,0.34146341463414637,0.6585365853658536
failed_unit_cost_ge_2500,"고장 표시 부품 단가 합계 2,500 INR 이상",Test,1650,553,0.33515151515151514,0.6648484848484848
failed_unit_cost_ge_5000,"고장 표시 부품 단가 합계 5,000 INR 이상",전체,10950,1068,0.09753424657534246,0.9024657534246575
failed_unit_cost_ge_5000,"고장 표시 부품 단가 합계 5,000 INR 이상",Train,7660,751,0.09804177545691906,0.9019582245430809
failed_unit_cost_ge_5000,"고장 표시 부품 단가 합계 5,000 INR 이상",Validation,1640,155,0.09451219512195122,0.9054878048780488
failed_unit_cost_ge_5000,"고장 표시 부품 단가 합계 5,000 INR 이상",Test,1650,162,0.09818181818181818,0.9018181818181819
failed_unit_cost_ge_10000,"고장 표시 부품 단가 합계 10,000 INR 이상",전체,10950,7,0.0006392694063926941,0.9993607305936073
failed_unit_cost_ge_10000,"고장 표시 부품 단가 합계 10,000 INR 이상",Train,7660,7,0.0009138381201044386,0.9990861618798955
failed_unit_cost_ge_10000,"고장 표시 부품 단가 합계 10,000 INR 이상",Validation,1640,0,0.0,1.0
failed_unit_cost_ge_10000,"고장 표시 부품 단가 합계 10,000 INR 이상",Test,1650,0,0.0,1.0
failed_unit_cost_ge_20000,"고장 표시 부품 단가 합계 20,000 INR 이상",전체,10950,0,0.0,1.0
failed_unit_cost_ge_20000,"고장 표시 부품 단가 합계 20,000 INR 이상",Train,7660,0,0.0,1.0
failed_unit_cost_ge_20000,"고장 표시 부품 단가 합계 20,000 INR 이상",Validation,1640,0,0.0,1.0
failed_unit_cost_ge_20000,"고장 표시 부품 단가 합계 20,000 INR 이상",Test,1650,0,0.0,1.0
