model,asset_tag,rows,target_mean,zero_day_rate,MAE,RMSE
학습 평균,AST-1041,2898,0.5710835058661146,0.5455486542443064,0.6336263947700077,0.7219554595460097
학습 평균,AST-1042,2902,0.565816678152998,0.569262577532736,0.6609211716599314,0.7478962830698811
학습 평균,AST-2017,2780,0.8194244604316546,0.43633093525179856,0.7320004232295172,0.9041139888370866
학습 평균,AST-2031,2839,0.7087002465656922,0.46706586826347307,0.6634783673133263,0.7814077596063307
학습 평균,AST-3008,2875,0.6299130434782608,0.5099130434782608,0.6435246503906172,0.7440079144576551
학습 평균,AST-3019,2902,0.5527222605099931,0.5782219159200551,0.660128827803893,0.75161397436385
학습 평균,AST-4055,2786,0.8248384781048098,0.40380473797559224,0.6927526967422251,0.8434110879980896
학습 평균,AST-4061,2841,0.7215769095388948,0.45688137979584653,0.6623707020699963,0.7776925147661294
학습 평균,AST-5003,2782,0.8382458662832495,0.41480948957584474,0.721270717016575,0.8674206946852053
학습 평균,AST-5007,2909,0.5589549673427294,0.5452045376418013,0.6210253494997706,0.706620325218866
릿지 회귀,AST-1041,2898,0.5710835058661146,0.5455486542443064,0.5970298076064935,0.6943387764922958
릿지 회귀,AST-1042,2902,0.565816678152998,0.569262577532736,0.6179116373646311,0.7162319183467564
릿지 회귀,AST-2017,2780,0.8194244604316546,0.43633093525179856,0.7083472901047266,0.8898077812673648
릿지 회귀,AST-2031,2839,0.7087002465656922,0.46706586826347307,0.6267445960740575,0.7697103341429388
릿지 회귀,AST-3008,2875,0.6299130434782608,0.5099130434782608,0.6133624364053128,0.7261385190775463
릿지 회귀,AST-3019,2902,0.5527222605099931,0.5782219159200551,0.6222301468272812,0.728803233975394
릿지 회귀,AST-4055,2786,0.8248384781048098,0.40380473797559224,0.644484688844027,0.8079325153536314
릿지 회귀,AST-4061,2841,0.7215769095388948,0.45688137979584653,0.6345021554409822,0.7591999913798239
릿지 회귀,AST-5003,2782,0.8382458662832495,0.41480948957584474,0.673761784442878,0.8348555828187146
릿지 회귀,AST-5007,2909,0.5589549673427294,0.5452045376418013,0.6074521157586686,0.7054027504434233
랜덤 포레스트 회귀,AST-1041,2898,0.5710835058661146,0.5455486542443064,0.6158040027605245,0.7245849815205492
랜덤 포레스트 회귀,AST-1042,2902,0.565816678152998,0.569262577532736,0.6612267401791868,0.7754943733435632
랜덤 포레스트 회귀,AST-2017,2780,0.8194244604316546,0.43633093525179856,0.7291115107913669,0.9059683995632487
랜덤 포레스트 회귀,AST-2031,2839,0.7087002465656922,0.46706586826347307,0.6671997182106376,0.8177788024753949
랜덤 포레스트 회귀,AST-3008,2875,0.6299130434782608,0.5099130434782608,0.63792,0.7575342150401668
랜덤 포레스트 회귀,AST-3019,2902,0.5527222605099931,0.5782219159200551,0.6416919365954514,0.7519143269452127
랜덤 포레스트 회귀,AST-4055,2786,0.8248384781048098,0.40380473797559224,0.669529791816224,0.8271661505596866
랜덤 포레스트 회귀,AST-4061,2841,0.7215769095388948,0.45688137979584653,0.6383280535022879,0.7701282137937151
랜덤 포레스트 회귀,AST-5003,2782,0.8382458662832495,0.41480948957584474,0.6917505391804457,0.8528969325599041
랜덤 포레스트 회귀,AST-5007,2909,0.5589549673427294,0.5452045376418013,0.6165005156411139,0.7241777024957512
