model,actual_class,predicted_class,rows
로지스틱 회귀,0,0,14039
로지스틱 회귀,0,1,39
로지스틱 회귀,0,2,1
로지스틱 회귀,0,3,0
로지스틱 회귀,1,0,6880
로지스틱 회귀,1,1,56
로지스틱 회귀,1,2,4
로지스틱 회귀,1,3,0
로지스틱 회귀,2,0,4724
로지스틱 회귀,2,1,30
로지스틱 회귀,2,2,2
로지스틱 회귀,2,3,0
로지스틱 회귀,3,0,2715
로지스틱 회귀,3,1,24
로지스틱 회귀,3,2,0
로지스틱 회귀,3,3,0
랜덤 포레스트,0,0,12099
랜덤 포레스트,0,1,1473
랜덤 포레스트,0,2,457
랜덤 포레스트,0,3,50
랜덤 포레스트,1,0,5580
랜덤 포레스트,1,1,1029
랜덤 포레스트,1,2,296
랜덤 포레스트,1,3,35
랜덤 포레스트,2,0,3786
랜덤 포레스트,2,1,642
랜덤 포레스트,2,2,297
랜덤 포레스트,2,3,31
랜덤 포레스트,3,0,2181
랜덤 포레스트,3,1,402
랜덤 포레스트,3,2,131
랜덤 포레스트,3,3,25
