asset_tag,machine_type,sensor,normal_rows,median,mad,scale,selected_scope,fallback_reason
,,temp_bearing_degC,2388,65.7,2.0,2.9652,global,machine_baseline_unavailable
,Belt Conveyor,temp_bearing_degC,503,66.5,1.7000000000000028,2.520420000000004,machine_type,
,CNC Lathe,temp_bearing_degC,484,66.8,1.4000000000000057,2.0756400000000084,machine_type,
,EOT Crane,temp_bearing_degC,488,65.05,1.75,2.59455,machine_type,
,Hydraulic Press,temp_bearing_degC,459,66.3,2.0,2.9652,machine_type,
,Screw Compressor,temp_bearing_degC,454,59.6,6.300000000000004,9.340380000000005,machine_type,
AST-3008,Belt Conveyor,temp_bearing_degC,243,67.7,1.2999999999999972,1.9273799999999957,asset_tag,
AST-3019,Belt Conveyor,temp_bearing_degC,260,65.55,1.6500000000000057,2.4462900000000083,asset_tag,
AST-1041,CNC Lathe,temp_bearing_degC,235,67.0,1.4000000000000057,2.0756400000000084,asset_tag,
AST-1042,CNC Lathe,temp_bearing_degC,249,66.8,1.4000000000000057,2.0756400000000084,asset_tag,
AST-5003,EOT Crane,temp_bearing_degC,228,66.2,1.2000000000000028,1.779120000000004,asset_tag,
AST-5007,EOT Crane,temp_bearing_degC,260,64.0,1.5499999999999972,2.298029999999996,asset_tag,
AST-2017,Hydraulic Press,temp_bearing_degC,224,64.9,1.5999999999999943,2.3721599999999916,asset_tag,
AST-2031,Hydraulic Press,temp_bearing_degC,235,68.2,1.5999999999999943,2.3721599999999916,asset_tag,
AST-4055,Screw Compressor,temp_bearing_degC,220,52.3,1.5,2.2239,asset_tag,
AST-4061,Screw Compressor,temp_bearing_degC,234,64.8,1.6500000000000021,2.446290000000003,asset_tag,
,,temp_motor_degC,2388,70.7,6.200000000000003,9.192120000000005,global,machine_baseline_unavailable
,Belt Conveyor,temp_motor_degC,503,74.5,8.700000000000003,12.898620000000003,machine_type,
,CNC Lathe,temp_motor_degC,484,71.75,4.75,7.04235,machine_type,
,EOT Crane,temp_motor_degC,488,70.80000000000001,6.949999999999999,10.304069999999998,machine_type,
,Hydraulic Press,temp_motor_degC,459,74.5,2.799999999999997,4.151279999999995,machine_type,
,Screw Compressor,temp_motor_degC,454,65.9,2.8999999999999986,4.299539999999998,machine_type,
AST-3008,Belt Conveyor,temp_motor_degC,243,61.4,1.6999999999999957,2.5204199999999934,asset_tag,
AST-3019,Belt Conveyor,temp_motor_degC,260,80.05,1.5,2.2239,asset_tag,
AST-1041,CNC Lathe,temp_motor_degC,235,67.0,1.7000000000000028,2.520420000000004,asset_tag,
AST-1042,CNC Lathe,temp_motor_degC,249,76.3,1.7000000000000028,2.520420000000004,asset_tag,
AST-5003,EOT Crane,temp_motor_degC,228,60.8,1.3500000000000014,2.001510000000002,asset_tag,
AST-5007,EOT Crane,temp_motor_degC,260,75.2,1.5999999999999943,2.3721599999999916,asset_tag,
AST-2017,Hydraulic Press,temp_motor_degC,224,77.5,1.5,2.2239,asset_tag,
AST-2031,Hydraulic Press,temp_motor_degC,235,72.2,1.5,2.2239,asset_tag,
AST-4055,Screw Compressor,temp_motor_degC,220,69.15,1.5499999999999972,2.298029999999996,asset_tag,
AST-4061,Screw Compressor,temp_motor_degC,234,63.5,1.5,2.2239,asset_tag,
,,vibration_h_mms,2388,3.353,0.6220000000000001,0.9221772000000001,global,machine_baseline_unavailable
,Belt Conveyor,vibration_h_mms,503,3.148,0.42200000000000015,0.6256572000000002,machine_type,
,CNC Lathe,vibration_h_mms,484,3.948,1.1985,1.7768960999999996,machine_type,
,EOT Crane,vibration_h_mms,488,3.0635,0.2410000000000001,0.35730660000000014,machine_type,
,Hydraulic Press,vibration_h_mms,459,3.893,0.35399999999999965,0.5248403999999994,machine_type,
,Screw Compressor,vibration_h_mms,454,3.862,0.7270000000000003,1.0778502000000003,machine_type,
AST-3008,Belt Conveyor,vibration_h_mms,243,3.546,0.23999999999999977,0.35582399999999964,asset_tag,
AST-3019,Belt Conveyor,vibration_h_mms,260,2.7345,0.2510000000000001,0.37213260000000015,asset_tag,
AST-1041,CNC Lathe,vibration_h_mms,235,4.583,0.22199999999999953,0.3291371999999993,asset_tag,
AST-1042,CNC Lathe,vibration_h_mms,249,2.379,0.22599999999999998,0.33506759999999997,asset_tag,
AST-5003,EOT Crane,vibration_h_mms,228,3.0164999999999997,0.2084999999999999,0.30912209999999984,asset_tag,
AST-5007,EOT Crane,vibration_h_mms,260,3.0949999999999998,0.25249999999999995,0.3743564999999999,asset_tag,
AST-2017,Hydraulic Press,vibration_h_mms,224,3.567,0.24550000000000005,0.36397830000000003,asset_tag,
AST-2031,Hydraulic Press,vibration_h_mms,235,4.185,0.23100000000000076,0.34248060000000113,asset_tag,
AST-4055,Screw Compressor,vibration_h_mms,220,3.0265,0.21199999999999997,0.31431119999999996,asset_tag,
AST-4061,Screw Compressor,vibration_h_mms,234,4.4085,0.21700000000000008,0.3217242000000001,asset_tag,
,,vibration_v_mms,2388,2.523,0.4750000000000001,0.704235,global,machine_baseline_unavailable
,Belt Conveyor,vibration_v_mms,503,2.347,0.3340000000000001,0.4951884000000001,machine_type,
,CNC Lathe,vibration_v_mms,484,2.8129999999999997,0.8565,1.2698469,machine_type,
,EOT Crane,vibration_v_mms,488,2.2904999999999998,0.22949999999999982,0.3402566999999997,machine_type,
,Hydraulic Press,vibration_v_mms,459,2.903,0.31300000000000017,0.46405380000000024,machine_type,
,Screw Compressor,vibration_v_mms,454,2.816,0.5355000000000001,0.7939323,machine_type,
AST-3008,Belt Conveyor,vibration_v_mms,243,2.642,0.25,0.37065,asset_tag,
AST-3019,Belt Conveyor,vibration_v_mms,260,2.0215,0.2469999999999999,0.3662021999999998,asset_tag,
AST-1041,CNC Lathe,vibration_v_mms,235,3.446,0.19799999999999995,0.2935547999999999,asset_tag,
AST-1042,CNC Lathe,vibration_v_mms,249,1.806,0.2470000000000001,0.36620220000000014,asset_tag,
AST-5003,EOT Crane,vibration_v_mms,228,2.256,0.1964999999999999,0.29133089999999984,asset_tag,
AST-5007,EOT Crane,vibration_v_mms,260,2.3615000000000004,0.24150000000000005,0.35804790000000003,asset_tag,
AST-2017,Hydraulic Press,vibration_v_mms,224,2.6365,0.21649999999999991,0.32098289999999985,asset_tag,
AST-2031,Hydraulic Press,vibration_v_mms,235,3.146,0.22799999999999976,0.33803279999999963,asset_tag,
AST-4055,Screw Compressor,vibration_v_mms,220,2.2855,0.19099999999999984,0.2831765999999997,asset_tag,
AST-4061,Screw Compressor,vibration_v_mms,234,3.3209999999999997,0.24599999999999955,0.3647195999999993,asset_tag,
,,oil_pressure_bar,2388,4.93,0.69,1.022994,global,machine_baseline_unavailable
,Belt Conveyor,oil_pressure_bar,503,4.86,0.54,0.800604,machine_type,
,CNC Lathe,oil_pressure_bar,484,4.5,0.45999999999999996,0.6819959999999999,machine_type,
,EOT Crane,oil_pressure_bar,488,4.205,0.4849999999999999,0.7190609999999997,machine_type,
,Hydraulic Press,oil_pressure_bar,459,6.57,0.6099999999999994,0.9043859999999991,machine_type,
,Screw Compressor,oil_pressure_bar,454,4.93,0.11000000000000032,0.16308600000000045,machine_type,
AST-3008,Belt Conveyor,oil_pressure_bar,243,4.06,0.09999999999999964,0.14825999999999948,asset_tag,
AST-3019,Belt Conveyor,oil_pressure_bar,260,5.125,0.09499999999999975,0.1408469999999996,asset_tag,
AST-1041,CNC Lathe,oil_pressure_bar,235,3.83,0.10999999999999988,0.16308599999999981,asset_tag,
AST-1042,CNC Lathe,oil_pressure_bar,249,4.79,0.11000000000000032,0.16308600000000045,asset_tag,
AST-5003,EOT Crane,oil_pressure_bar,228,6.24,0.09999999999999964,0.14825999999999948,asset_tag,
AST-5007,EOT Crane,oil_pressure_bar,260,3.98,0.10999999999999988,0.16308599999999981,asset_tag,
AST-2017,Hydraulic Press,oil_pressure_bar,224,5.42,0.11000000000000032,0.16308600000000045,asset_tag,
AST-2031,Hydraulic Press,oil_pressure_bar,235,6.88,0.08999999999999986,0.13343399999999978,asset_tag,
AST-4055,Screw Compressor,oil_pressure_bar,220,5.02,0.11000000000000032,0.16308600000000045,asset_tag,
AST-4061,Screw Compressor,oil_pressure_bar,234,4.87,0.09999999999999964,0.14825999999999948,asset_tag,
,,load_pct,2388,62.0,9.299999999999997,13.788179999999995,global,machine_baseline_unavailable
,Belt Conveyor,load_pct,503,58.3,6.1000000000000085,9.043860000000013,machine_type,
,CNC Lathe,load_pct,484,70.0,3.0999999999999943,4.596059999999992,machine_type,
,EOT Crane,load_pct,488,57.0,6.299999999999997,9.340379999999996,machine_type,
,Hydraulic Press,load_pct,459,66.2,13.599999999999994,20.16335999999999,machine_type,
,Screw Compressor,load_pct,454,61.95,8.700000000000003,12.898620000000003,machine_type,
AST-3008,Belt Conveyor,load_pct,243,62.0,3.0,4.4478,asset_tag,
AST-3019,Belt Conveyor,load_pct,260,50.9,3.1999999999999957,4.744319999999993,asset_tag,
AST-1041,CNC Lathe,load_pct,235,68.3,2.6000000000000085,3.8547600000000126,asset_tag,
AST-1042,CNC Lathe,load_pct,249,72.1,3.3999999999999915,5.040839999999987,asset_tag,
AST-5003,EOT Crane,load_pct,228,61.3,2.5,3.7064999999999997,asset_tag,
AST-5007,EOT Crane,load_pct,260,48.55,3.150000000000002,4.6701900000000025,asset_tag,
AST-2017,Hydraulic Press,load_pct,224,46.05,2.6000000000000014,3.854760000000002,asset_tag,
AST-2031,Hydraulic Press,load_pct,235,73.8,2.4000000000000057,3.558240000000008,asset_tag,
AST-4055,Screw Compressor,load_pct,220,67.75,2.700000000000003,4.003020000000004,asset_tag,
AST-4061,Screw Compressor,load_pct,234,50.4,2.6999999999999993,4.0030199999999985,asset_tag,
,,shaft_rpm,2388,1383.0,465.0,689.409,global,machine_baseline_unavailable
,Belt Conveyor,shaft_rpm,503,1384.0,18.0,26.686799999999998,machine_type,
,CNC Lathe,shaft_rpm,484,1714.0,18.0,26.686799999999998,machine_type,
,EOT Crane,shaft_rpm,488,687.0,18.0,26.686799999999998,machine_type,
,Hydraulic Press,shaft_rpm,459,914.0,16.0,23.7216,machine_type,
,Screw Compressor,shaft_rpm,454,2806.0,17.0,25.2042,machine_type,
AST-3008,Belt Conveyor,shaft_rpm,243,1382.0,17.0,25.2042,asset_tag,
AST-3019,Belt Conveyor,shaft_rpm,260,1385.5,19.5,28.9107,asset_tag,
AST-1041,CNC Lathe,shaft_rpm,235,1715.0,18.0,26.686799999999998,asset_tag,
AST-1042,CNC Lathe,shaft_rpm,249,1713.0,18.0,26.686799999999998,asset_tag,
AST-5003,EOT Crane,shaft_rpm,228,688.5,15.5,22.9803,asset_tag,
AST-5007,EOT Crane,shaft_rpm,260,686.0,19.0,28.1694,asset_tag,
AST-2017,Hydraulic Press,shaft_rpm,224,914.5,16.5,24.462899999999998,asset_tag,
AST-2031,Hydraulic Press,shaft_rpm,235,913.0,15.0,22.238999999999997,asset_tag,
AST-4055,Screw Compressor,shaft_rpm,220,2806.0,17.0,25.2042,asset_tag,
AST-4061,Screw Compressor,shaft_rpm,234,2805.0,17.5,25.9455,asset_tag,
,,power_consumption_kw,2388,14.55,7.115,10.548699,global,machine_baseline_unavailable
,Belt Conveyor,power_consumption_kw,503,7.28,0.7200000000000006,1.0674720000000009,machine_type,
,CNC Lathe,power_consumption_kw,484,13.105,0.9500000000000002,1.40847,machine_type,
,EOT Crane,power_consumption_kw,488,14.19,1.0899999999999999,1.6160339999999997,machine_type,
,Hydraulic Press,power_consumption_kw,459,59.42,15.36,22.772736,machine_type,
,Screw Compressor,power_consumption_kw,454,33.769999999999996,4.794999999999996,7.109066999999994,machine_type,
AST-3008,Belt Conveyor,power_consumption_kw,243,6.95,0.6100000000000003,0.9043860000000005,asset_tag,
AST-3019,Belt Conveyor,power_consumption_kw,260,7.65,0.7250000000000005,1.0748850000000008,asset_tag,
AST-1041,CNC Lathe,power_consumption_kw,235,12.56,0.8200000000000003,1.2157320000000003,asset_tag,
AST-1042,CNC Lathe,power_consumption_kw,249,13.51,0.8699999999999992,1.2898619999999987,asset_tag,
AST-5003,EOT Crane,power_consumption_kw,228,13.645,0.8550000000000004,1.2676230000000006,asset_tag,
AST-5007,EOT Crane,power_consumption_kw,260,14.725000000000001,1.1000000000000005,1.6308600000000006,asset_tag,
AST-2017,Hydraulic Press,power_consumption_kw,224,34.475,1.9849999999999994,2.942960999999999,asset_tag,
AST-2031,Hydraulic Press,power_consumption_kw,235,66.56,2.219999999999999,3.291371999999998,asset_tag,
AST-4055,Screw Compressor,power_consumption_kw,220,37.235,1.4899999999999984,2.2090739999999975,asset_tag,
AST-4061,Screw Compressor,power_consumption_kw,234,27.604999999999997,1.6799999999999997,2.4907679999999996,asset_tag,
