asset_tag,sensor,normal_rows,selected_scope,fallback_reason,residual_median,residual_mad,residual_std,residual_scale,scale_method
,temp_bearing_degC,2388,global,,0.062416408937593815,0.645248145223583,1.100677583020724,0.956644900108484,mad
AST-1041,temp_bearing_degC,235,asset_tag,,0.01512344625692208,0.5318039287321881,0.8732316644427464,0.7884525047383419,mad
AST-1042,temp_bearing_degC,249,asset_tag,,0.03868226812829789,0.4866859414761109,0.8037350232518534,0.721560576832482,mad
AST-2017,temp_bearing_degC,224,asset_tag,,0.08952226890801285,0.5671537238541902,0.9942639775491925,0.8408621109862223,mad
AST-2031,temp_bearing_degC,235,asset_tag,,0.0694070475660169,0.4983906220398495,1.0759701933975772,0.7389139362362809,mad
AST-3008,temp_bearing_degC,243,asset_tag,,0.05923297296712349,0.5154452450925788,0.8477794743701103,0.7641991203742573,mad
AST-3019,temp_bearing_degC,260,asset_tag,,0.035861526841834745,0.5302388800915949,0.9070118180884562,0.7861321636237986,mad
AST-4055,temp_bearing_degC,220,asset_tag,,0.060249139961040754,0.595251829759448,1.0082986896184436,0.8825203628013576,mad
AST-4061,temp_bearing_degC,234,asset_tag,,0.0379342878073885,0.44592683710410697,1.0211707532024767,0.6611311286905489,mad
AST-5003,temp_bearing_degC,228,asset_tag,,0.03020859532973219,0.5122232930263451,0.9704411265763476,0.7594222542408592,mad
AST-5007,temp_bearing_degC,260,asset_tag,,0.04907701088383831,0.5064867620191755,0.7864256014729333,0.7509172733696295,mad
,temp_motor_degC,2388,global,,0.10786870939251259,0.8494827396699449,1.441988705731641,1.2594431098346603,mad
AST-1041,temp_motor_degC,235,asset_tag,,0.06680297044529482,0.674686460083123,1.2123525780526048,1.0002901457192381,mad
AST-1042,temp_motor_degC,249,asset_tag,,0.09691351635953538,0.6477054852334589,1.2153537054342127,0.9602881524071262,mad
AST-2017,temp_motor_degC,224,asset_tag,,0.11643715942615529,0.6851532883158669,1.2018333262750693,1.015808265257104,mad
AST-2031,temp_motor_degC,235,asset_tag,,0.0516110922872457,0.727837790578107,1.245754686561347,1.0790923083111015,mad
AST-3008,temp_motor_degC,243,asset_tag,,-0.010566520219946085,0.7699548389738453,1.3051718762782767,1.141535044262623,mad
AST-3019,temp_motor_degC,260,asset_tag,,0.03946713249381162,0.5974019194373952,1.1022396795102067,0.8857080857578821,mad
AST-4055,temp_motor_degC,220,asset_tag,,0.17939197312713162,0.7547384199169827,1.316489203155175,1.1189751813689184,mad
AST-4061,temp_motor_degC,234,asset_tag,,0.05378671238636201,0.6541159176296887,1.1671965325875173,0.9697922594777764,mad
AST-5003,temp_motor_degC,228,asset_tag,,0.08115186360949522,0.6383492163409556,1.21937774103804,0.9464165481471007,mad
AST-5007,temp_motor_degC,260,asset_tag,,0.01855453836443388,0.5896757737900202,1.031105906981286,0.874253302221084,mad
,vibration_h_mms,2388,global,,-0.06994529002477146,0.22938800368421708,0.7641856498885908,0.34009065426222024,mad
AST-1041,vibration_h_mms,235,asset_tag,,-0.03023206019688729,0.15699111092795448,0.5054109492350689,0.2327550210617853,mad
AST-1042,vibration_h_mms,249,asset_tag,,-0.043314394123057376,0.244271066366212,0.688367981030842,0.3621562829945459,mad
AST-2017,vibration_h_mms,224,asset_tag,,-0.03686633126362637,0.19821068358143012,0.6138246167729471,0.29386715947782827,mad
AST-2031,vibration_h_mms,235,asset_tag,,-0.06554324857208371,0.20034374292387724,0.6838688619144281,0.2970296332589404,mad
AST-3008,vibration_h_mms,243,asset_tag,,-0.05311768346636381,0.17626487539668556,0.625182018893327,0.261330304263126,mad
AST-3019,vibration_h_mms,260,asset_tag,,-0.07588988764843019,0.21665219063556695,0.6970863196641366,0.32120853783629155,mad
AST-4055,vibration_h_mms,220,asset_tag,,-0.06534669450644515,0.21071975670071375,0.6648284574830589,0.3124131112844782,mad
AST-4061,vibration_h_mms,234,asset_tag,,-0.018152180789001715,0.13965939741678257,0.49302454523678396,0.20705902261012182,mad
AST-5003,vibration_h_mms,228,asset_tag,,-0.030421312456021088,0.18273979864567802,0.6225787231505119,0.2709300254720822,mad
AST-5007,vibration_h_mms,260,asset_tag,,-0.056372990377848264,0.20089387964359773,0.7854304994178919,0.297845265959598,mad
,vibration_v_mms,2388,global,,-0.0635424836554459,0.20263544734246786,0.5948976597576736,0.30042731422994284,mad
AST-1041,vibration_v_mms,235,asset_tag,,-0.03031432662501965,0.14275090276592461,0.3835671786473665,0.21164248844075984,mad
AST-1042,vibration_v_mms,249,asset_tag,,-0.05954430308242897,0.21111366690829914,0.5233137692633054,0.3129971225582443,mad
AST-2017,vibration_v_mms,224,asset_tag,,-0.04696445556887241,0.1647595300384863,0.4769258871531904,0.2442724792350598,mad
AST-2031,vibration_v_mms,235,asset_tag,,-0.029935959882896768,0.17050480511293387,0.5239170611094427,0.2527904240604357,mad
AST-3008,vibration_v_mms,243,asset_tag,,-0.04556492804662682,0.146589288634555,0.48710643464054076,0.21733327932959123,mad
AST-3019,vibration_v_mms,260,asset_tag,,-0.06063893012797883,0.15440149549373627,0.5506495957359477,0.22891565721901339,mad
AST-4055,vibration_v_mms,220,asset_tag,,-0.051030384823521624,0.16909515557593946,0.5117225333230524,0.25070047765688785,mad
AST-4061,vibration_v_mms,234,asset_tag,,-0.014483073708142946,0.14767022527055373,0.39282723779781764,0.21893587598612296,mad
AST-5003,vibration_v_mms,228,asset_tag,,-0.027038972051223187,0.15711879402662032,0.4806335283869402,0.23294432402386728,mad
AST-5007,vibration_v_mms,260,asset_tag,,-0.015143394215949568,0.18455861241621885,0.603227043837907,0.27362659876828604,mad
,oil_pressure_bar,2388,global,,0.001084846050744659,0.07498698041677088,0.11508456398919999,0.11117569716590449,mad
AST-1041,oil_pressure_bar,235,asset_tag,,0.006753273127355186,0.059411088280532987,0.09455698604657023,0.0880828794847182,mad
AST-1042,oil_pressure_bar,249,asset_tag,,0.0034342997081378,0.06121814307822682,0.08655736646934935,0.09076201892777908,mad
AST-2017,oil_pressure_bar,224,asset_tag,,-0.00930181422482379,0.05862203562190871,0.09750446836380237,0.08691303001304185,mad
AST-2031,oil_pressure_bar,235,asset_tag,,-0.00264591787030799,0.050663076808443286,0.0924136091308473,0.07511307767619801,mad
AST-3008,oil_pressure_bar,243,asset_tag,,0.0003899283517596608,0.05400156608350626,0.07843081123850627,0.08006272187540638,mad
AST-3019,oil_pressure_bar,260,asset_tag,,-0.0008412977084768514,0.05529295416623725,0.09225956685428356,0.08197733384686334,mad
AST-4055,oil_pressure_bar,220,asset_tag,,-0.008829497678248366,0.06926767816176005,0.09778382160814589,0.10269625964262544,mad
AST-4061,oil_pressure_bar,234,asset_tag,,-0.0009197549123038939,0.06494907522310545,0.09088303895911169,0.09629349892577613,mad
AST-5003,oil_pressure_bar,228,asset_tag,,0.0005246904365181493,0.05131614763451031,0.08197307561658963,0.07608132048292499,mad
AST-5007,oil_pressure_bar,260,asset_tag,,0.005952315777582484,0.054056649066358986,0.09037304231412806,0.08014438790578383,mad
