split,model_variant,high_risk_threshold,policy,true_negative,false_positive,false_negative,true_positive,confusion_type,actual_severity,predicted_severity,count
train,A1,12,fpr_05,5965.0,389.0,527.0,399.0,high_risk,,,
train,A1,12,fpr_10,5669.0,685.0,434.0,492.0,high_risk,,,
train,A1,13,fpr_05,6202.0,444.0,329.0,305.0,high_risk,,,
train,A1,13,fpr_10,5866.0,780.0,265.0,369.0,high_risk,,,
train,A2,12,fpr_05,6109.0,245.0,622.0,304.0,high_risk,,,
train,A2,12,fpr_10,5749.0,605.0,477.0,449.0,high_risk,,,
train,A2,13,fpr_05,6346.0,300.0,385.0,249.0,high_risk,,,
train,A2,13,fpr_10,5964.0,682.0,294.0,340.0,high_risk,,,
train,B0,12,fpr_05,6354.0,0.0,926.0,0.0,high_risk,,,
train,B0,12,fpr_10,5778.0,576.0,774.0,152.0,high_risk,,,
train,B0,13,fpr_05,6646.0,0.0,634.0,0.0,high_risk,,,
train,B0,13,fpr_10,6029.0,617.0,523.0,111.0,high_risk,,,
selection,A1,12,fpr_05,719.0,57.0,76.0,58.0,high_risk,,,
selection,A1,12,fpr_10,696.0,80.0,59.0,75.0,high_risk,,,
selection,A1,13,fpr_05,745.0,64.0,53.0,48.0,high_risk,,,
selection,A1,13,fpr_10,718.0,91.0,40.0,61.0,high_risk,,,
selection,A2,12,fpr_05,743.0,33.0,85.0,49.0,high_risk,,,
selection,A2,12,fpr_10,705.0,71.0,67.0,67.0,high_risk,,,
selection,A2,13,fpr_05,768.0,41.0,60.0,41.0,high_risk,,,
selection,A2,13,fpr_10,729.0,80.0,45.0,56.0,high_risk,,,
selection,B0,12,fpr_05,776.0,0.0,134.0,0.0,high_risk,,,
selection,B0,12,fpr_10,707.0,69.0,112.0,22.0,high_risk,,,
selection,B0,13,fpr_05,809.0,0.0,101.0,0.0,high_risk,,,
selection,B0,13,fpr_10,733.0,76.0,86.0,15.0,high_risk,,,
calibration,A1,12,fpr_05,772.0,40.0,83.0,15.0,high_risk,,,
calibration,A1,12,fpr_10,731.0,81.0,73.0,25.0,high_risk,,,
calibration,A1,13,fpr_05,799.0,42.0,59.0,10.0,high_risk,,,
calibration,A1,13,fpr_10,757.0,84.0,51.0,18.0,high_risk,,,
calibration,A2,12,fpr_05,772.0,40.0,84.0,14.0,high_risk,,,
calibration,A2,12,fpr_10,731.0,81.0,73.0,25.0,high_risk,,,
calibration,A2,13,fpr_05,799.0,42.0,60.0,9.0,high_risk,,,
calibration,A2,13,fpr_10,757.0,84.0,51.0,18.0,high_risk,,,
calibration,B0,12,fpr_05,812.0,0.0,98.0,0.0,high_risk,,,
calibration,B0,12,fpr_10,740.0,72.0,79.0,19.0,high_risk,,,
calibration,B0,13,fpr_05,841.0,0.0,69.0,0.0,high_risk,,,
calibration,B0,13,fpr_10,765.0,76.0,54.0,15.0,high_risk,,,
test,A1,12,fpr_05,1472.0,157.0,156.0,65.0,high_risk,,,
test,A1,12,fpr_10,1384.0,245.0,134.0,87.0,high_risk,,,
test,A1,13,fpr_05,1531.0,168.0,106.0,45.0,high_risk,,,
test,A1,13,fpr_10,1435.0,264.0,91.0,60.0,high_risk,,,
test,A2,12,fpr_05,1537.0,92.0,173.0,48.0,high_risk,,,
test,A2,12,fpr_10,1416.0,213.0,137.0,84.0,high_risk,,,
test,A2,13,fpr_05,1593.0,106.0,117.0,34.0,high_risk,,,
test,A2,13,fpr_10,1464.0,235.0,91.0,60.0,high_risk,,,
test,B0,12,fpr_05,1629.0,0.0,221.0,0.0,high_risk,,,
test,B0,12,fpr_10,1483.0,146.0,182.0,39.0,high_risk,,,
test,B0,13,fpr_05,1699.0,0.0,151.0,0.0,high_risk,,,
test,B0,13,fpr_10,1545.0,154.0,120.0,31.0,high_risk,,,
train,A1,12,,,,,,severity,normal,normal,2080.0
train,A1,12,,,,,,severity,normal,caution,134.0
train,A1,12,,,,,,severity,normal,risk,174.0
train,A1,12,,,,,,severity,normal,high_risk,0.0
train,A1,12,,,,,,severity,caution,normal,0.0
train,A1,12,,,,,,severity,caution,caution,449.0
train,A1,12,,,,,,severity,caution,risk,1262.0
train,A1,12,,,,,,severity,caution,high_risk,0.0
train,A1,12,,,,,,severity,risk,normal,0.0
train,A1,12,,,,,,severity,risk,caution,232.0
train,A1,12,,,,,,severity,risk,risk,2021.0
train,A1,12,,,,,,severity,risk,high_risk,2.0
train,A1,12,,,,,,severity,high_risk,normal,0.0
train,A1,12,,,,,,severity,high_risk,caution,22.0
train,A1,12,,,,,,severity,high_risk,risk,852.0
train,A1,12,,,,,,severity,high_risk,high_risk,52.0
train,A1,13,,,,,,severity,normal,normal,2080.0
train,A1,13,,,,,,severity,normal,caution,96.0
train,A1,13,,,,,,severity,normal,risk,212.0
train,A1,13,,,,,,severity,normal,high_risk,0.0
train,A1,13,,,,,,severity,caution,normal,0.0
train,A1,13,,,,,,severity,caution,caution,285.0
train,A1,13,,,,,,severity,caution,risk,1426.0
train,A1,13,,,,,,severity,caution,high_risk,0.0
train,A1,13,,,,,,severity,risk,normal,0.0
train,A1,13,,,,,,severity,risk,caution,107.0
train,A1,13,,,,,,severity,risk,risk,2440.0
train,A1,13,,,,,,severity,risk,high_risk,0.0
train,A1,13,,,,,,severity,high_risk,normal,0.0
train,A1,13,,,,,,severity,high_risk,caution,3.0
train,A1,13,,,,,,severity,high_risk,risk,611.0
train,A1,13,,,,,,severity,high_risk,high_risk,20.0
train,A2,12,,,,,,severity,normal,normal,2080.0
train,A2,12,,,,,,severity,normal,caution,101.0
train,A2,12,,,,,,severity,normal,risk,207.0
train,A2,12,,,,,,severity,normal,high_risk,0.0
train,A2,12,,,,,,severity,caution,normal,0.0
train,A2,12,,,,,,severity,caution,caution,374.0
train,A2,12,,,,,,severity,caution,risk,1337.0
train,A2,12,,,,,,severity,caution,high_risk,0.0
train,A2,12,,,,,,severity,risk,normal,0.0
train,A2,12,,,,,,severity,risk,caution,247.0
train,A2,12,,,,,,severity,risk,risk,2007.0
train,A2,12,,,,,,severity,risk,high_risk,1.0
train,A2,12,,,,,,severity,high_risk,normal,0.0
train,A2,12,,,,,,severity,high_risk,caution,23.0
train,A2,12,,,,,,severity,high_risk,risk,876.0
train,A2,12,,,,,,severity,high_risk,high_risk,27.0
train,A2,13,,,,,,severity,normal,normal,2080.0
train,A2,13,,,,,,severity,normal,caution,61.0
train,A2,13,,,,,,severity,normal,risk,247.0
train,A2,13,,,,,,severity,normal,high_risk,0.0
train,A2,13,,,,,,severity,caution,normal,0.0
train,A2,13,,,,,,severity,caution,caution,234.0
train,A2,13,,,,,,severity,caution,risk,1477.0
train,A2,13,,,,,,severity,caution,high_risk,0.0
train,A2,13,,,,,,severity,risk,normal,0.0
train,A2,13,,,,,,severity,risk,caution,124.0
train,A2,13,,,,,,severity,risk,risk,2423.0
train,A2,13,,,,,,severity,risk,high_risk,0.0
train,A2,13,,,,,,severity,high_risk,normal,0.0
train,A2,13,,,,,,severity,high_risk,caution,5.0
train,A2,13,,,,,,severity,high_risk,risk,620.0
train,A2,13,,,,,,severity,high_risk,high_risk,9.0
train,B0,12,,,,,,severity,normal,normal,0.0
train,B0,12,,,,,,severity,normal,caution,1716.0
train,B0,12,,,,,,severity,normal,risk,672.0
train,B0,12,,,,,,severity,normal,high_risk,0.0
train,B0,12,,,,,,severity,caution,normal,0.0
train,B0,12,,,,,,severity,caution,caution,1329.0
train,B0,12,,,,,,severity,caution,risk,382.0
train,B0,12,,,,,,severity,caution,high_risk,0.0
train,B0,12,,,,,,severity,risk,normal,0.0
train,B0,12,,,,,,severity,risk,caution,1556.0
train,B0,12,,,,,,severity,risk,risk,699.0
train,B0,12,,,,,,severity,risk,high_risk,0.0
train,B0,12,,,,,,severity,high_risk,normal,0.0
train,B0,12,,,,,,severity,high_risk,caution,495.0
train,B0,12,,,,,,severity,high_risk,risk,431.0
train,B0,12,,,,,,severity,high_risk,high_risk,0.0
train,B0,13,,,,,,severity,normal,normal,0.0
train,B0,13,,,,,,severity,normal,caution,1481.0
train,B0,13,,,,,,severity,normal,risk,907.0
train,B0,13,,,,,,severity,normal,high_risk,0.0
train,B0,13,,,,,,severity,caution,normal,0.0
train,B0,13,,,,,,severity,caution,caution,1172.0
train,B0,13,,,,,,severity,caution,risk,539.0
train,B0,13,,,,,,severity,caution,high_risk,0.0
train,B0,13,,,,,,severity,risk,normal,0.0
train,B0,13,,,,,,severity,risk,caution,1480.0
train,B0,13,,,,,,severity,risk,risk,1067.0
train,B0,13,,,,,,severity,risk,high_risk,0.0
train,B0,13,,,,,,severity,high_risk,normal,0.0
train,B0,13,,,,,,severity,high_risk,caution,235.0
train,B0,13,,,,,,severity,high_risk,risk,399.0
train,B0,13,,,,,,severity,high_risk,high_risk,0.0
selection,A1,12,,,,,,severity,normal,normal,260.0
selection,A1,12,,,,,,severity,normal,caution,14.0
selection,A1,12,,,,,,severity,normal,risk,22.0
selection,A1,12,,,,,,severity,normal,high_risk,0.0
selection,A1,12,,,,,,severity,caution,normal,0.0
selection,A1,12,,,,,,severity,caution,caution,37.0
selection,A1,12,,,,,,severity,caution,risk,163.0
selection,A1,12,,,,,,severity,caution,high_risk,0.0
selection,A1,12,,,,,,severity,risk,normal,0.0
selection,A1,12,,,,,,severity,risk,caution,23.0
selection,A1,12,,,,,,severity,risk,risk,257.0
selection,A1,12,,,,,,severity,risk,high_risk,0.0
selection,A1,12,,,,,,severity,high_risk,normal,0.0
selection,A1,12,,,,,,severity,high_risk,caution,1.0
selection,A1,12,,,,,,severity,high_risk,risk,125.0
selection,A1,12,,,,,,severity,high_risk,high_risk,8.0
selection,A1,13,,,,,,severity,normal,normal,260.0
selection,A1,13,,,,,,severity,normal,caution,5.0
selection,A1,13,,,,,,severity,normal,risk,31.0
selection,A1,13,,,,,,severity,normal,high_risk,0.0
selection,A1,13,,,,,,severity,caution,normal,0.0
selection,A1,13,,,,,,severity,caution,caution,19.0
selection,A1,13,,,,,,severity,caution,risk,181.0
selection,A1,13,,,,,,severity,caution,high_risk,0.0
selection,A1,13,,,,,,severity,risk,normal,0.0
selection,A1,13,,,,,,severity,risk,caution,8.0
selection,A1,13,,,,,,severity,risk,risk,305.0
selection,A1,13,,,,,,severity,risk,high_risk,0.0
selection,A1,13,,,,,,severity,high_risk,normal,0.0
selection,A1,13,,,,,,severity,high_risk,caution,0.0
selection,A1,13,,,,,,severity,high_risk,risk,98.0
selection,A1,13,,,,,,severity,high_risk,high_risk,3.0
selection,A2,12,,,,,,severity,normal,normal,260.0
selection,A2,12,,,,,,severity,normal,caution,7.0
selection,A2,12,,,,,,severity,normal,risk,29.0
selection,A2,12,,,,,,severity,normal,high_risk,0.0
selection,A2,12,,,,,,severity,caution,normal,0.0
selection,A2,12,,,,,,severity,caution,caution,30.0
selection,A2,12,,,,,,severity,caution,risk,170.0
selection,A2,12,,,,,,severity,caution,high_risk,0.0
selection,A2,12,,,,,,severity,risk,normal,0.0
selection,A2,12,,,,,,severity,risk,caution,20.0
selection,A2,12,,,,,,severity,risk,risk,260.0
selection,A2,12,,,,,,severity,risk,high_risk,0.0
selection,A2,12,,,,,,severity,high_risk,normal,0.0
selection,A2,12,,,,,,severity,high_risk,caution,1.0
selection,A2,12,,,,,,severity,high_risk,risk,126.0
selection,A2,12,,,,,,severity,high_risk,high_risk,7.0
selection,A2,13,,,,,,severity,normal,normal,260.0
selection,A2,13,,,,,,severity,normal,caution,2.0
selection,A2,13,,,,,,severity,normal,risk,34.0
selection,A2,13,,,,,,severity,normal,high_risk,0.0
selection,A2,13,,,,,,severity,caution,normal,0.0
selection,A2,13,,,,,,severity,caution,caution,8.0
selection,A2,13,,,,,,severity,caution,risk,192.0
selection,A2,13,,,,,,severity,caution,high_risk,0.0
selection,A2,13,,,,,,severity,risk,normal,0.0
selection,A2,13,,,,,,severity,risk,caution,8.0
selection,A2,13,,,,,,severity,risk,risk,305.0
selection,A2,13,,,,,,severity,risk,high_risk,0.0
selection,A2,13,,,,,,severity,high_risk,normal,0.0
selection,A2,13,,,,,,severity,high_risk,caution,0.0
selection,A2,13,,,,,,severity,high_risk,risk,100.0
selection,A2,13,,,,,,severity,high_risk,high_risk,1.0
selection,B0,12,,,,,,severity,normal,normal,0.0
selection,B0,12,,,,,,severity,normal,caution,212.0
selection,B0,12,,,,,,severity,normal,risk,84.0
selection,B0,12,,,,,,severity,normal,high_risk,0.0
selection,B0,12,,,,,,severity,caution,normal,0.0
selection,B0,12,,,,,,severity,caution,caution,160.0
selection,B0,12,,,,,,severity,caution,risk,40.0
selection,B0,12,,,,,,severity,caution,high_risk,0.0
selection,B0,12,,,,,,severity,risk,normal,0.0
selection,B0,12,,,,,,severity,risk,caution,195.0
selection,B0,12,,,,,,severity,risk,risk,85.0
selection,B0,12,,,,,,severity,risk,high_risk,0.0
selection,B0,12,,,,,,severity,high_risk,normal,0.0
selection,B0,12,,,,,,severity,high_risk,caution,70.0
selection,B0,12,,,,,,severity,high_risk,risk,64.0
selection,B0,12,,,,,,severity,high_risk,high_risk,0.0
selection,B0,13,,,,,,severity,normal,normal,0.0
selection,B0,13,,,,,,severity,normal,caution,182.0
selection,B0,13,,,,,,severity,normal,risk,114.0
selection,B0,13,,,,,,severity,normal,high_risk,0.0
selection,B0,13,,,,,,severity,caution,normal,0.0
selection,B0,13,,,,,,severity,caution,caution,138.0
selection,B0,13,,,,,,severity,caution,risk,62.0
selection,B0,13,,,,,,severity,caution,high_risk,0.0
selection,B0,13,,,,,,severity,risk,normal,0.0
selection,B0,13,,,,,,severity,risk,caution,186.0
selection,B0,13,,,,,,severity,risk,risk,127.0
selection,B0,13,,,,,,severity,risk,high_risk,0.0
selection,B0,13,,,,,,severity,high_risk,normal,0.0
selection,B0,13,,,,,,severity,high_risk,caution,40.0
selection,B0,13,,,,,,severity,high_risk,risk,61.0
selection,B0,13,,,,,,severity,high_risk,high_risk,0.0
calibration,A1,12,,,,,,severity,normal,normal,260.0
calibration,A1,12,,,,,,severity,normal,caution,13.0
calibration,A1,12,,,,,,severity,normal,risk,22.0
calibration,A1,12,,,,,,severity,normal,high_risk,0.0
calibration,A1,12,,,,,,severity,caution,normal,0.0
calibration,A1,12,,,,,,severity,caution,caution,61.0
calibration,A1,12,,,,,,severity,caution,risk,169.0
calibration,A1,12,,,,,,severity,caution,high_risk,0.0
calibration,A1,12,,,,,,severity,risk,normal,0.0
calibration,A1,12,,,,,,severity,risk,caution,55.0
calibration,A1,12,,,,,,severity,risk,risk,230.0
calibration,A1,12,,,,,,severity,risk,high_risk,2.0
calibration,A1,12,,,,,,severity,high_risk,normal,0.0
calibration,A1,12,,,,,,severity,high_risk,caution,10.0
calibration,A1,12,,,,,,severity,high_risk,risk,88.0
calibration,A1,12,,,,,,severity,high_risk,high_risk,0.0
calibration,A1,13,,,,,,severity,normal,normal,260.0
calibration,A1,13,,,,,,severity,normal,caution,5.0
calibration,A1,13,,,,,,severity,normal,risk,30.0
calibration,A1,13,,,,,,severity,normal,high_risk,0.0
calibration,A1,13,,,,,,severity,caution,normal,0.0
calibration,A1,13,,,,,,severity,caution,caution,36.0
calibration,A1,13,,,,,,severity,caution,risk,194.0
calibration,A1,13,,,,,,severity,caution,high_risk,0.0
calibration,A1,13,,,,,,severity,risk,normal,0.0
calibration,A1,13,,,,,,severity,risk,caution,33.0
calibration,A1,13,,,,,,severity,risk,risk,283.0
calibration,A1,13,,,,,,severity,risk,high_risk,0.0
calibration,A1,13,,,,,,severity,high_risk,normal,0.0
calibration,A1,13,,,,,,severity,high_risk,caution,6.0
calibration,A1,13,,,,,,severity,high_risk,risk,63.0
calibration,A1,13,,,,,,severity,high_risk,high_risk,0.0
calibration,A2,12,,,,,,severity,normal,normal,260.0
calibration,A2,12,,,,,,severity,normal,caution,12.0
calibration,A2,12,,,,,,severity,normal,risk,23.0
calibration,A2,12,,,,,,severity,normal,high_risk,0.0
calibration,A2,12,,,,,,severity,caution,normal,0.0
calibration,A2,12,,,,,,severity,caution,caution,53.0
calibration,A2,12,,,,,,severity,caution,risk,177.0
calibration,A2,12,,,,,,severity,caution,high_risk,0.0
calibration,A2,12,,,,,,severity,risk,normal,0.0
calibration,A2,12,,,,,,severity,risk,caution,47.0
calibration,A2,12,,,,,,severity,risk,risk,238.0
calibration,A2,12,,,,,,severity,risk,high_risk,2.0
calibration,A2,12,,,,,,severity,high_risk,normal,0.0
calibration,A2,12,,,,,,severity,high_risk,caution,8.0
calibration,A2,12,,,,,,severity,high_risk,risk,90.0
calibration,A2,12,,,,,,severity,high_risk,high_risk,0.0
calibration,A2,13,,,,,,severity,normal,normal,260.0
calibration,A2,13,,,,,,severity,normal,caution,6.0
calibration,A2,13,,,,,,severity,normal,risk,29.0
calibration,A2,13,,,,,,severity,normal,high_risk,0.0
calibration,A2,13,,,,,,severity,caution,normal,0.0
calibration,A2,13,,,,,,severity,caution,caution,34.0
calibration,A2,13,,,,,,severity,caution,risk,196.0
calibration,A2,13,,,,,,severity,caution,high_risk,0.0
calibration,A2,13,,,,,,severity,risk,normal,0.0
calibration,A2,13,,,,,,severity,risk,caution,33.0
calibration,A2,13,,,,,,severity,risk,risk,283.0
calibration,A2,13,,,,,,severity,risk,high_risk,0.0
calibration,A2,13,,,,,,severity,high_risk,normal,0.0
calibration,A2,13,,,,,,severity,high_risk,caution,5.0
calibration,A2,13,,,,,,severity,high_risk,risk,64.0
calibration,A2,13,,,,,,severity,high_risk,high_risk,0.0
calibration,B0,12,,,,,,severity,normal,normal,0.0
calibration,B0,12,,,,,,severity,normal,caution,214.0
calibration,B0,12,,,,,,severity,normal,risk,81.0
calibration,B0,12,,,,,,severity,normal,high_risk,0.0
calibration,B0,12,,,,,,severity,caution,normal,0.0
calibration,B0,12,,,,,,severity,caution,caution,186.0
calibration,B0,12,,,,,,severity,caution,risk,44.0
calibration,B0,12,,,,,,severity,caution,high_risk,0.0
calibration,B0,12,,,,,,severity,risk,normal,0.0
calibration,B0,12,,,,,,severity,risk,caution,189.0
calibration,B0,12,,,,,,severity,risk,risk,98.0
calibration,B0,12,,,,,,severity,risk,high_risk,0.0
calibration,B0,12,,,,,,severity,high_risk,normal,0.0
calibration,B0,12,,,,,,severity,high_risk,caution,48.0
calibration,B0,12,,,,,,severity,high_risk,risk,50.0
calibration,B0,12,,,,,,severity,high_risk,high_risk,0.0
calibration,B0,13,,,,,,severity,normal,normal,0.0
calibration,B0,13,,,,,,severity,normal,caution,185.0
calibration,B0,13,,,,,,severity,normal,risk,110.0
calibration,B0,13,,,,,,severity,normal,high_risk,0.0
calibration,B0,13,,,,,,severity,caution,normal,0.0
calibration,B0,13,,,,,,severity,caution,caution,161.0
calibration,B0,13,,,,,,severity,caution,risk,69.0
calibration,B0,13,,,,,,severity,caution,high_risk,0.0
calibration,B0,13,,,,,,severity,risk,normal,0.0
calibration,B0,13,,,,,,severity,risk,caution,173.0
calibration,B0,13,,,,,,severity,risk,risk,143.0
calibration,B0,13,,,,,,severity,risk,high_risk,0.0
calibration,B0,13,,,,,,severity,high_risk,normal,0.0
calibration,B0,13,,,,,,severity,high_risk,caution,27.0
calibration,B0,13,,,,,,severity,high_risk,risk,42.0
calibration,B0,13,,,,,,severity,high_risk,high_risk,0.0
test,A1,12,,,,,,severity,normal,normal,520.0
test,A1,12,,,,,,severity,normal,caution,11.0
test,A1,12,,,,,,severity,normal,risk,64.0
test,A1,12,,,,,,severity,normal,high_risk,0.0
test,A1,12,,,,,,severity,caution,normal,0.0
test,A1,12,,,,,,severity,caution,caution,50.0
test,A1,12,,,,,,severity,caution,risk,366.0
test,A1,12,,,,,,severity,caution,high_risk,2.0
test,A1,12,,,,,,severity,risk,normal,0.0
test,A1,12,,,,,,severity,risk,caution,60.0
test,A1,12,,,,,,severity,risk,risk,552.0
test,A1,12,,,,,,severity,risk,high_risk,4.0
test,A1,12,,,,,,severity,high_risk,normal,0.0
test,A1,12,,,,,,severity,high_risk,caution,8.0
test,A1,12,,,,,,severity,high_risk,risk,210.0
test,A1,12,,,,,,severity,high_risk,high_risk,3.0
test,A1,13,,,,,,severity,normal,normal,520.0
test,A1,13,,,,,,severity,normal,caution,0.0
test,A1,13,,,,,,severity,normal,risk,75.0
test,A1,13,,,,,,severity,normal,high_risk,0.0
test,A1,13,,,,,,severity,caution,normal,0.0
test,A1,13,,,,,,severity,caution,caution,30.0
test,A1,13,,,,,,severity,caution,risk,387.0
test,A1,13,,,,,,severity,caution,high_risk,1.0
test,A1,13,,,,,,severity,risk,normal,0.0
test,A1,13,,,,,,severity,risk,caution,30.0
test,A1,13,,,,,,severity,risk,risk,655.0
test,A1,13,,,,,,severity,risk,high_risk,1.0
test,A1,13,,,,,,severity,high_risk,normal,0.0
test,A1,13,,,,,,severity,high_risk,caution,3.0
test,A1,13,,,,,,severity,high_risk,risk,146.0
test,A1,13,,,,,,severity,high_risk,high_risk,2.0
test,A2,12,,,,,,severity,normal,normal,520.0
test,A2,12,,,,,,severity,normal,caution,8.0
test,A2,12,,,,,,severity,normal,risk,67.0
test,A2,12,,,,,,severity,normal,high_risk,0.0
test,A2,12,,,,,,severity,caution,normal,0.0
test,A2,12,,,,,,severity,caution,caution,46.0
test,A2,12,,,,,,severity,caution,risk,370.0
test,A2,12,,,,,,severity,caution,high_risk,2.0
test,A2,12,,,,,,severity,risk,normal,0.0
test,A2,12,,,,,,severity,risk,caution,58.0
test,A2,12,,,,,,severity,risk,risk,555.0
test,A2,12,,,,,,severity,risk,high_risk,3.0
test,A2,12,,,,,,severity,high_risk,normal,0.0
test,A2,12,,,,,,severity,high_risk,caution,8.0
test,A2,12,,,,,,severity,high_risk,risk,206.0
test,A2,12,,,,,,severity,high_risk,high_risk,7.0
test,A2,13,,,,,,severity,normal,normal,520.0
test,A2,13,,,,,,severity,normal,caution,3.0
test,A2,13,,,,,,severity,normal,risk,72.0
test,A2,13,,,,,,severity,normal,high_risk,0.0
test,A2,13,,,,,,severity,caution,normal,0.0
test,A2,13,,,,,,severity,caution,caution,24.0
test,A2,13,,,,,,severity,caution,risk,393.0
test,A2,13,,,,,,severity,caution,high_risk,1.0
test,A2,13,,,,,,severity,risk,normal,0.0
test,A2,13,,,,,,severity,risk,caution,24.0
test,A2,13,,,,,,severity,risk,risk,661.0
test,A2,13,,,,,,severity,risk,high_risk,1.0
test,A2,13,,,,,,severity,high_risk,normal,0.0
test,A2,13,,,,,,severity,high_risk,caution,2.0
test,A2,13,,,,,,severity,high_risk,risk,148.0
test,A2,13,,,,,,severity,high_risk,high_risk,1.0
test,B0,12,,,,,,severity,normal,normal,0.0
test,B0,12,,,,,,severity,normal,caution,429.0
test,B0,12,,,,,,severity,normal,risk,166.0
test,B0,12,,,,,,severity,normal,high_risk,0.0
test,B0,12,,,,,,severity,caution,normal,0.0
test,B0,12,,,,,,severity,caution,caution,323.0
test,B0,12,,,,,,severity,caution,risk,95.0
test,B0,12,,,,,,severity,caution,high_risk,0.0
test,B0,12,,,,,,severity,risk,normal,0.0
test,B0,12,,,,,,severity,risk,caution,433.0
test,B0,12,,,,,,severity,risk,risk,183.0
test,B0,12,,,,,,severity,risk,high_risk,0.0
test,B0,12,,,,,,severity,high_risk,normal,0.0
test,B0,12,,,,,,severity,high_risk,caution,110.0
test,B0,12,,,,,,severity,high_risk,risk,111.0
test,B0,12,,,,,,severity,high_risk,high_risk,0.0
test,B0,13,,,,,,severity,normal,normal,0.0
test,B0,13,,,,,,severity,normal,caution,370.0
test,B0,13,,,,,,severity,normal,risk,225.0
test,B0,13,,,,,,severity,normal,high_risk,0.0
test,B0,13,,,,,,severity,caution,normal,0.0
test,B0,13,,,,,,severity,caution,caution,285.0
test,B0,13,,,,,,severity,caution,risk,133.0
test,B0,13,,,,,,severity,caution,high_risk,0.0
test,B0,13,,,,,,severity,risk,normal,0.0
test,B0,13,,,,,,severity,risk,caution,405.0
test,B0,13,,,,,,severity,risk,risk,281.0
test,B0,13,,,,,,severity,risk,high_risk,0.0
test,B0,13,,,,,,severity,high_risk,normal,0.0
test,B0,13,,,,,,severity,high_risk,caution,50.0
test,B0,13,,,,,,severity,high_risk,risk,101.0
test,B0,13,,,,,,severity,high_risk,high_risk,0.0
