split,model_variant,scope_kind,scope_value,status,row_count,actual_mean,expected_mean,score_mae,score_rmse,pearson,spearman,pearson_status,spearman_status,actual_mean_in_decile
train,A1,overall,all,ok,7280,5.1141483516483515,5.120942644000743,2.3177318170177856,3.395191144030368,0.7395926189177923,0.7776806138568423,ok,ok,
train,A1,machine_type,Belt Conveyor,ok,1456,4.447115384615385,4.514565663346229,2.201226855485757,3.2164929836011455,0.7041281502285227,0.7570420851649321,ok,ok,
train,A1,machine_type,CNC Lathe,ok,1456,4.845467032967033,4.849254280709086,2.1947184734086274,3.206248868045977,0.7415432046693397,0.7884422168900204,ok,ok,
train,A1,machine_type,EOT Crane,ok,1456,4.883928571428571,4.96112264384338,2.3602993538558374,3.4527548112597226,0.7283326410135661,0.7871440967114292,ok,ok,
train,A1,machine_type,Hydraulic Press,ok,1456,5.957417582417582,5.842409042206769,2.487772390406266,3.6692989353211938,0.7531672470386471,0.79809724845031,ok,ok,
train,A1,machine_type,Screw Compressor,ok,1456,5.436813186813187,5.4373615898982495,2.344642011932439,3.409616568132446,0.7438918730908348,0.7652747199340416,ok,ok,
train,A1,asset_tag,AST-1041,ok,728,5.009615384615385,4.989373443677994,2.156750437201591,3.1650255737936925,0.7625007944583201,0.8076696229828584,ok,ok,
train,A1,asset_tag,AST-1042,ok,728,4.681318681318682,4.709135117740178,2.2326865096156636,3.2469488331238185,0.717317173510917,0.7688073443067183,ok,ok,
train,A1,asset_tag,AST-2017,ok,728,6.332417582417582,6.121341455019992,2.487883718818296,3.669306523809802,0.7687729712178272,0.8127578127899141,ok,ok,
train,A1,asset_tag,AST-2031,ok,728,5.582417582417582,5.563476629393547,2.487661061994236,3.669291346816892,0.7326687711838081,0.7969959011475151,ok,ok,
train,A1,asset_tag,AST-3008,ok,728,4.700549450549451,4.848145541554118,2.2099095938943414,3.2272553749537582,0.7175481801464494,0.7951543445954069,ok,ok,
train,A1,asset_tag,AST-3019,ok,728,4.193681318681318,4.18098578513834,2.1925441170771722,3.2056944601666073,0.6878091258959044,0.7520144342065478,ok,ok,
train,A1,asset_tag,AST-4055,ok,728,6.089285714285714,5.981331935309225,2.5077628336866438,3.6139394027654355,0.7532774874922438,0.7774873420748114,ok,ok,
train,A1,asset_tag,AST-4061,ok,728,4.78434065934066,4.893391244487275,2.181521190178235,3.192242515302679,0.7183205474271743,0.756635159066183,ok,ok,
train,A1,asset_tag,AST-5003,ok,728,5.907967032967033,5.808880851225903,2.631107281509759,3.8407652837675026,0.7325752424180967,0.7944619923599464,ok,ok,
train,A1,asset_tag,AST-5007,ok,728,3.85989010989011,4.1133644364608575,2.089491426201915,3.015220325011201,0.6801585505867622,0.7501219132798145,ok,ok,
train,A1,expected_score_decile,1,ok,728,0.0,0.001909835282734444,0.001909835282734444,0.001910074855670604,,,not_defined_constant_input,not_defined_constant_input,0.0
train,A1,expected_score_decile,2,ok,728,0.0,0.0019294353787204317,0.0019294353787204317,0.0019294361954133852,,,not_defined_constant_input,not_defined_constant_input,0.0
train,A1,expected_score_decile,3,ok,728,0.3090659340659341,0.6848057729076624,0.4380197883252415,1.2917947505157494,0.6756285725036608,0.48536264994725553,ok,ok,0.3090659340659341
train,A1,expected_score_decile,4,ok,728,4.329670329670329,5.52046894985375,2.936733874325776,3.4836268301358726,0.13608464606831383,0.12934032272950244,ok,ok,4.329670329670329
train,A1,expected_score_decile,5,ok,728,5.40934065934066,6.077484810772352,2.9317308961459654,3.6215211822178928,0.07131897419637949,0.06084776834876302,ok,ok,5.40934065934066
train,A1,expected_score_decile,6,ok,728,6.489010989010989,6.5392019122402,3.00698548969627,3.7026440129123643,0.027855087064883044,0.025760970468850564,ok,ok,6.489010989010989
train,A1,expected_score_decile,7,ok,728,6.789835164835165,7.116780840064243,3.1460190355003785,3.88757925280406,0.03773440736526282,0.027188478421329054,ok,ok,6.789835164835165
train,A1,expected_score_decile,8,ok,728,7.572802197802198,7.708991347694764,3.416311659231459,4.184524175422193,0.021026232187652018,0.015006595546894506,ok,ok,7.572802197802198
train,A1,expected_score_decile,9,ok,728,8.649725274725276,8.253000328149994,3.354236428259978,4.250104719107097,0.07644968946981111,0.08872530261149175,ok,ok,8.649725274725276
train,A1,expected_score_decile,10,ok,728,11.592032967032967,9.304853207663006,3.9434417280313316,4.8945825767167745,0.4556374963169686,0.4246246696123696,ok,ok,11.592032967032967
train,A2,overall,all,ok,7280,5.1141483516483515,5.076354189592366,2.377348892950328,3.4811365301901684,0.7233670931881123,0.7576517369871626,ok,ok,
train,A2,machine_type,Belt Conveyor,ok,1456,4.447115384615385,4.5028949741200055,2.2675909584348846,3.3085912327764375,0.6819825037132622,0.7144755958506126,ok,ok,
train,A2,machine_type,CNC Lathe,ok,1456,4.845467032967033,4.8100329884054895,2.2820740084803206,3.324914300422579,0.717332324384206,0.74985240620971,ok,ok,
train,A2,machine_type,EOT Crane,ok,1456,4.883928571428571,4.918853989575994,2.3861665498260547,3.4940216177212493,0.7207134968958658,0.7784672174796939,ok,ok,
train,A2,machine_type,Hydraulic Press,ok,1456,5.957417582417582,5.7719341061989615,2.5548746914809364,3.7631019805536488,0.7383069960212935,0.7829428099571872,ok,ok,
train,A2,machine_type,Screw Compressor,ok,1456,5.436813186813187,5.378054889661384,2.396038256529446,3.495797917101667,0.7281895708273706,0.7478490541527266,ok,ok,
train,A2,asset_tag,AST-1041,ok,728,5.009615384615385,4.938737217698739,2.2445007343814734,3.2740785837025608,0.7428405834753383,0.7892574615174134,ok,ok,
train,A2,asset_tag,AST-1042,ok,728,4.681318681318682,4.68132875911224,2.319647282579168,3.3749843907860333,0.6881496455097235,0.7054005239061225,ok,ok,
train,A2,asset_tag,AST-2017,ok,728,6.332417582417582,6.034692954861682,2.5855759805004492,3.8111649947931414,0.7476066269888431,0.7910798468653366,ok,ok,
train,A2,asset_tag,AST-2031,ok,728,5.582417582417582,5.5091752575362385,2.524173402461423,3.7144171029324347,0.7250483784039452,0.7971514209263709,ok,ok,
train,A2,asset_tag,AST-3008,ok,728,4.700549450549451,4.8201221468155815,2.2852400530146846,3.3287650415962537,0.6946213238947803,0.7422917941502353,ok,ok,
train,A2,asset_tag,AST-3019,ok,728,4.193681318681318,4.185667801424429,2.249941863855084,3.288293659188136,0.6659111287220598,0.702991617600281,ok,ok,
train,A2,asset_tag,AST-4055,ok,728,6.089285714285714,5.883234074691472,2.5372311965790764,3.6724090857258735,0.744862517956382,0.7710473381899356,ok,ok,
train,A2,asset_tag,AST-4061,ok,728,4.78434065934066,4.872875704631298,2.2548453164798157,3.3097760742235653,0.6918347939183122,0.7048422208157309,ok,ok,
train,A2,asset_tag,AST-5003,ok,728,5.907967032967033,5.717610642699592,2.647947499950484,3.8738926655418,0.7285188872035975,0.7948745658190831,ok,ok,
train,A2,asset_tag,AST-5007,ok,728,3.85989010989011,4.120097336452396,2.124385599701625,3.0674630798215468,0.6659674654267628,0.7181504776851692,ok,ok,
train,A2,expected_score_decile,1,ok,728,0.0,0.0031747856737886345,0.0031747856737886345,0.0031759525128521758,,,not_defined_constant_input,not_defined_constant_input,0.0
train,A2,expected_score_decile,2,ok,728,0.0,0.003252236677251723,0.003252236677251723,0.0032522615713944346,,,not_defined_constant_input,not_defined_constant_input,0.0
train,A2,expected_score_decile,3,ok,728,0.4519230769230769,0.7113732259240528,0.3841803398509521,1.1784039580618688,0.7561003228079123,0.5312214379717878,ok,ok,0.4519230769230769
train,A2,expected_score_decile,4,ok,728,4.771978021978022,5.596056932079843,2.9585589866336535,3.5265735606930484,0.08474935653541886,0.08590008841900196,ok,ok,4.771978021978022
train,A2,expected_score_decile,5,ok,728,5.638736263736264,6.131290975905908,3.1216775921298194,3.8444699049977267,0.061610991339731906,0.05191316011241163,ok,ok,5.638736263736264
train,A2,expected_score_decile,6,ok,728,6.247252747252747,6.551132989809596,3.1962450896177077,3.8755224856345207,0.00431516268052136,0.008102595948983327,ok,ok,6.247252747252747
train,A2,expected_score_decile,7,ok,728,6.570054945054945,7.062387154133335,3.265183610917934,4.024028489321096,-0.010696832494181612,-0.030728061715461934,ok,ok,6.570054945054945
train,A2,expected_score_decile,8,ok,728,7.674450549450549,7.573150508324422,3.2154617769557103,3.989522864256457,0.12248633727192085,0.12977741855499197,ok,ok,7.674450549450549
train,A2,expected_score_decile,9,ok,728,8.340659340659341,8.116834971036724,3.466567286295631,4.267840306734663,0.07019326882962926,0.08112135279673835,ok,ok,8.340659340659341
train,A2,expected_score_decile,10,ok,728,11.446428571428571,9.01488811635875,4.159187224750836,5.218673734660537,0.39623680335494554,0.39330517062686,ok,ok,11.446428571428571
train,B0,overall,all,ok,7280,5.1141483516483515,5.126798866608163,4.142402365760432,4.964207408235819,0.15603123695645815,0.12994049891865977,ok,ok,
train,B0,machine_type,Belt Conveyor,ok,1456,4.447115384615385,4.4469418940217516,3.7650031158728066,4.512158863263138,0.05608903507929645,0.052431634486403096,ok,ok,
train,B0,machine_type,CNC Lathe,ok,1456,4.845467032967033,4.828944277811978,3.990267102672963,4.752931104770268,0.034515949976293155,0.02973419718069699,ok,ok,
train,B0,machine_type,EOT Crane,ok,1456,4.883928571428571,4.952305422031286,4.052476200119588,4.916289997896016,0.2039483700830756,0.16514894885228124,ok,ok,
train,B0,machine_type,Hydraulic Press,ok,1456,5.957417582417582,5.935618890446065,4.664907343984345,5.532731693589874,0.06762419561023666,0.06519530237490728,ok,ok,
train,B0,machine_type,Screw Compressor,ok,1456,5.436813186813187,5.470183848729737,4.239358066152458,5.048347940587479,0.1281837505048109,0.10782197981286362,ok,ok,
train,B0,asset_tag,AST-1041,ok,728,5.009615384615385,5.003556911900177,4.04853619466843,4.8574401148393545,,,not_defined_constant_input,not_defined_constant_input,
train,B0,asset_tag,AST-1042,ok,728,4.681318681318682,4.654331643723778,3.9319980106774954,4.6460718574011395,,,not_defined_constant_input,not_defined_constant_input,
train,B0,asset_tag,AST-2017,ok,728,6.332417582417582,6.328944277811977,4.856781121797691,5.6897299670776125,,,not_defined_constant_input,not_defined_constant_input,
train,B0,asset_tag,AST-2031,ok,728,5.582417582417582,5.542293503080153,4.473033566171002,5.371146329066703,,,not_defined_constant_input,not_defined_constant_input,
train,B0,asset_tag,AST-3008,ok,728,4.700549450549451,4.787823896405541,3.9164116383906427,4.6226070185429675,,,not_defined_constant_input,not_defined_constant_input,
train,B0,asset_tag,AST-3019,ok,728,4.193681318681318,4.106059891637961,3.61359459335497,4.398938459079131,,,not_defined_constant_input,not_defined_constant_input,
train,B0,asset_tag,AST-4055,ok,728,6.089285714285714,6.091757150279201,4.628101845501549,5.475118654340787,,,not_defined_constant_input,not_defined_constant_input,
train,B0,asset_tag,AST-4061,ok,728,4.78434065934066,4.8486105471802725,3.8506142868033653,4.581998426380918,,,not_defined_constant_input,not_defined_constant_input,
train,B0,asset_tag,AST-5003,ok,728,5.907967032967033,5.923699939313765,4.715681591239227,5.61628005294834,,,not_defined_constant_input,not_defined_constant_input,
train,B0,asset_tag,AST-5007,ok,728,3.85989010989011,3.980910904748806,3.3892708089999477,4.098440319643489,,,not_defined_constant_input,not_defined_constant_input,
train,B0,expected_score_decile,1,ok,728,3.85989010989011,3.980910904748806,3.3892708089999477,4.098440319643489,,,not_defined_constant_input,not_defined_constant_input,3.85989010989011
train,B0,expected_score_decile,2,ok,728,4.193681318681318,4.106059891637961,3.61359459335497,4.398938459079131,,,not_defined_constant_input,not_defined_constant_input,4.193681318681318
train,B0,expected_score_decile,3,ok,728,4.681318681318682,4.654331643723778,3.9319980106774954,4.6460718574011395,,,not_defined_constant_input,not_defined_constant_input,4.681318681318682
train,B0,expected_score_decile,4,ok,728,4.700549450549451,4.787823896405541,3.9164116383906427,4.6226070185429675,,,not_defined_constant_input,not_defined_constant_input,4.700549450549451
train,B0,expected_score_decile,5,ok,728,4.78434065934066,4.8486105471802725,3.8506142868033653,4.581998426380918,,,not_defined_constant_input,not_defined_constant_input,4.78434065934066
train,B0,expected_score_decile,6,ok,728,5.009615384615385,5.003556911900177,4.04853619466843,4.8574401148393545,,,not_defined_constant_input,not_defined_constant_input,5.009615384615385
train,B0,expected_score_decile,7,ok,728,5.582417582417582,5.542293503080153,4.473033566171002,5.371146329066703,,,not_defined_constant_input,not_defined_constant_input,5.582417582417582
train,B0,expected_score_decile,8,ok,728,5.907967032967033,5.923699939313765,4.715681591239227,5.61628005294834,,,not_defined_constant_input,not_defined_constant_input,5.907967032967033
train,B0,expected_score_decile,9,ok,728,6.089285714285714,6.091757150279201,4.628101845501549,5.475118654340787,,,not_defined_constant_input,not_defined_constant_input,6.089285714285714
train,B0,expected_score_decile,10,ok,728,6.332417582417582,6.328944277811977,4.856781121797691,5.6897299670776125,,,not_defined_constant_input,not_defined_constant_input,6.332417582417582
selection,A1,overall,all,ok,910,5.332967032967033,5.21018149644685,2.324614667267406,3.3825417995974676,0.7567792445581129,0.8072582399726836,ok,ok,
selection,A1,machine_type,Belt Conveyor,ok,182,4.4010989010989015,4.628359315711846,2.2196471531305737,3.1456851772121173,0.71745634437479,0.8028938521318807,ok,ok,
selection,A1,machine_type,CNC Lathe,ok,182,4.736263736263736,4.823217902149703,2.1971780692460383,3.19874047407393,0.723283242459946,0.8190765757734966,ok,ok,
selection,A1,machine_type,EOT Crane,ok,182,5.565934065934066,5.189180207223519,2.3711165996674,3.424038935854223,0.7646536672311678,0.7881920858047372,ok,ok,
selection,A1,machine_type,Hydraulic Press,ok,182,6.043956043956044,5.87308489491805,2.3675002613748326,3.496551689001371,0.7807634886736227,0.831313818979854,ok,ok,
selection,A1,machine_type,Screw Compressor,ok,182,5.917582417582418,5.537065162231132,2.467631252918189,3.6236380789760965,0.7601459864781013,0.8218187031023859,ok,ok,
selection,A1,asset_tag,AST-1041,ok,91,5.032967032967033,4.9707860637038594,2.3128959149605492,3.466197711535863,0.7283865782434007,0.8476077060842833,ok,ok,
selection,A1,asset_tag,AST-1042,ok,91,4.43956043956044,4.675649740595547,2.0814602235315274,2.9067773677220217,0.7175347307475369,0.7879970108098348,ok,ok,
selection,A1,asset_tag,AST-2017,ok,91,6.670329670329671,6.197772567167359,2.179666288449771,3.3775836931371006,0.8109147711939153,0.8299234748533648,ok,ok,
selection,A1,asset_tag,AST-2031,ok,91,5.417582417582418,5.54839722266874,2.5553342342998944,3.611602943787014,0.7424221004501632,0.8511709683087569,ok,ok,
selection,A1,asset_tag,AST-3008,ok,91,5.516483516483516,5.061752377217456,2.3169218096355855,3.2861676801161477,0.7734311577119365,0.8297218029803516,ok,ok,
selection,A1,asset_tag,AST-3019,ok,91,3.2857142857142856,4.1949662542062365,2.122372496625562,2.998628427535515,0.6084426722994606,0.6524504906479663,ok,ok,
selection,A1,asset_tag,AST-4055,ok,91,6.428571428571429,5.984921192637764,2.637494464470139,3.7303561979727404,0.7705055952346992,0.8382907997297573,ok,ok,
selection,A1,asset_tag,AST-4061,ok,91,5.406593406593407,5.089209131824501,2.2977680413662385,3.5136801919152387,0.7415554270311313,0.8488733956467991,ok,ok,
selection,A1,asset_tag,AST-5003,ok,91,6.329670329670329,5.988529774188318,2.5211666229819594,3.6450544767297113,0.7814549718997771,0.8652061645990945,ok,ok,
selection,A1,asset_tag,AST-5007,ok,91,4.802197802197802,4.38983064025872,2.2210665763528405,3.1877363645954366,0.7221707672345868,0.7455198041112283,ok,ok,
selection,A1,expected_score_decile,1,ok,91,0.0,0.001909620053179478,0.001909620053179478,0.0019097958786065449,,,not_defined_constant_input,not_defined_constant_input,0.0
selection,A1,expected_score_decile,2,ok,91,0.0,0.0019297751570800058,0.0019297751570800058,0.0019297759053403059,,,not_defined_constant_input,not_defined_constant_input,0.0
selection,A1,expected_score_decile,3,ok,91,0.25274725274725274,0.738157814932978,0.49964478959479647,1.4261808713025963,0.7024580039408687,0.5220105545125838,ok,ok,0.25274725274725274
selection,A1,expected_score_decile,4,ok,91,4.21978021978022,5.720019550057007,2.9632520786779057,3.5503079713173142,-0.060044295416156954,-0.073119806515237,ok,ok,4.21978021978022
selection,A1,expected_score_decile,5,ok,91,5.285714285714286,6.240859848463194,2.9464885172891075,3.5649909441623695,0.20160933282180507,0.15869373004658918,ok,ok,5.285714285714286
selection,A1,expected_score_decile,6,ok,91,6.65934065934066,6.744461368580644,3.205721085658812,3.8714478391588165,0.10715064777808081,0.11631798552226286,ok,ok,6.65934065934066
selection,A1,expected_score_decile,7,ok,91,7.285714285714286,7.229474067598338,3.0904631163976495,3.7897922971379714,-0.008578506271926764,0.012368287958418591,ok,ok,7.285714285714286
selection,A1,expected_score_decile,8,ok,91,7.956043956043956,7.735732138769849,3.3347525836564404,4.306036276118246,0.13160077423809197,0.08754458735471511,ok,ok,7.956043956043956
selection,A1,expected_score_decile,9,ok,91,9.736263736263735,8.341047151101623,3.6957140473017795,4.521814380494172,0.093303285648251,0.05877123721864231,ok,ok,9.736263736263735
selection,A1,expected_score_decile,10,ok,91,11.934065934065934,9.348223629754607,3.5062710588873154,4.327661742603394,0.42262734041994127,0.36768890544464977,ok,ok,11.934065934065934
selection,A2,overall,all,ok,910,5.332967032967033,5.175523807986154,2.4004917856224606,3.486281564999405,0.7380401194688637,0.7807418157348792,ok,ok,
selection,A2,machine_type,Belt Conveyor,ok,182,4.4010989010989015,4.63244474409611,2.2608917605756624,3.214933118207894,0.7015232436710804,0.7875287872249094,ok,ok,
selection,A2,machine_type,CNC Lathe,ok,182,4.736263736263736,4.794048215638249,2.268268305734821,3.312766467173264,0.697628871973823,0.7760574242718973,ok,ok,
selection,A2,machine_type,EOT Crane,ok,182,5.565934065934066,5.133173669455766,2.4323500093423713,3.502582063754794,0.7527267605330975,0.7721641592397493,ok,ok,
selection,A2,machine_type,Hydraulic Press,ok,182,6.043956043956044,5.796409445169007,2.4655619445241683,3.607767345733451,0.7646968785667909,0.8126736190120445,ok,ok,
selection,A2,machine_type,Screw Compressor,ok,182,5.917582417582418,5.521542965571638,2.5753869079352816,3.765171018349439,0.7348512699488323,0.7705269721039436,ok,ok,
selection,A2,asset_tag,AST-1041,ok,91,5.032967032967033,4.914952356286007,2.434247773352315,3.6466573418493238,0.6901042288232482,0.7874494721776114,ok,ok,
selection,A2,asset_tag,AST-1042,ok,91,4.43956043956044,4.67314407499049,2.102288838117327,2.94121294081059,0.7093585855136343,0.7389370084426731,ok,ok,
selection,A2,asset_tag,AST-2017,ok,91,6.670329670329671,6.1076346906524535,2.296647423753686,3.484656595551613,0.7988906665017481,0.8243097150218129,ok,ok,
selection,A2,asset_tag,AST-2031,ok,91,5.417582417582418,5.48518419968556,2.634476465294651,3.7268134985480326,0.7215069309961928,0.8160312016813992,ok,ok,
selection,A2,asset_tag,AST-3008,ok,91,5.516483516483516,5.033563720900109,2.3787343023226524,3.395405930338336,0.753113968155786,0.7911049081862807,ok,ok,
selection,A2,asset_tag,AST-3019,ok,91,3.2857142857142856,4.23132576729211,2.143049218828673,3.023707736756833,0.6044626887740497,0.6359539030508695,ok,ok,
selection,A2,asset_tag,AST-4055,ok,91,6.428571428571429,5.9468871472365175,2.7404028623078824,3.8461791690429847,0.7524691840305209,0.7972117241759441,ok,ok,
selection,A2,asset_tag,AST-4061,ok,91,5.406593406593407,5.096198783906758,2.4103709535626807,3.6823812125385547,0.7061487143400004,0.7688927455981963,ok,ok,
selection,A2,asset_tag,AST-5003,ok,91,6.329670329670329,5.874556811758035,2.5537570725468814,3.687335824213318,0.77915825286472,0.8744523374176334,ok,ok,
selection,A2,asset_tag,AST-5007,ok,91,4.802197802197802,4.391790527153496,2.3109429461378608,3.3075242623670467,0.691739382273659,0.6862503940063754,ok,ok,
selection,A2,expected_score_decile,1,ok,91,0.0,0.003163445357883956,0.003163445357883956,0.003164978828788269,,,not_defined_constant_input,not_defined_constant_input,0.0
selection,A2,expected_score_decile,2,ok,91,0.0,0.0032567513441724453,0.0032567513441724453,0.0032567786387564966,,,not_defined_constant_input,not_defined_constant_input,0.0
selection,A2,expected_score_decile,3,ok,91,0.5054945054945055,0.763710622310739,0.4026215943638241,1.2525441980467025,0.7610243107976175,0.5469603735379451,ok,ok,0.5054945054945055
selection,A2,expected_score_decile,4,ok,91,4.637362637362638,5.838110496727517,3.121545333867807,3.702037181385088,0.09009769270624747,0.06521662316477589,ok,ok,4.637362637362638
selection,A2,expected_score_decile,5,ok,91,5.34065934065934,6.313331989927473,3.169814808488675,3.8136294230947425,0.11541719263870988,0.13034460058317743,ok,ok,5.34065934065934
selection,A2,expected_score_decile,6,ok,91,7.0989010989010985,6.7359817407199225,3.442373225395973,4.275779198415597,0.00030296189305743223,-0.029266205335660142,ok,ok,7.0989010989010985
selection,A2,expected_score_decile,7,ok,91,7.3076923076923075,7.180880915711674,3.2356229793543214,4.043339554770089,0.09246867579895733,0.1258854720033293,ok,ok,7.3076923076923075
selection,A2,expected_score_decile,8,ok,91,7.241758241758242,7.6270212892341975,3.2111535535021365,3.9153975756612613,0.14565569729276726,0.15608622572253475,ok,ok,7.241758241758242
selection,A2,expected_score_decile,9,ok,91,9.219780219780219,8.193556346526808,3.6463142503783,4.476394020842592,0.07392820916629318,0.026120668832655795,ok,ok,9.219780219780219
selection,A2,expected_score_decile,10,ok,91,11.978021978021978,9.09622448200115,3.769051914171518,4.660958177203006,0.36194361263788,0.3102315995284913,ok,ok,11.978021978021978
selection,B0,overall,all,ok,910,5.332967032967033,5.126798866608164,4.298393143266292,5.064261294930616,0.16571052903875838,0.13342893068388223,ok,ok,
selection,B0,machine_type,Belt Conveyor,ok,182,4.4010989010989015,4.4469418940217516,3.7503343788023358,4.423248193011292,0.2481252868217872,0.2053590369728765,ok,ok,
selection,B0,machine_type,CNC Lathe,ok,182,4.736263736263736,4.828944277811978,3.8618357180591127,4.611020553543401,0.0642491201913293,0.035379978434108166,ok,ok,
selection,B0,machine_type,EOT Crane,ok,182,5.565934065934066,4.952305422031286,4.5465772440677155,5.208260527781175,0.14619911972050542,0.12859982306895548,ok,ok,
selection,B0,machine_type,Hydraulic Press,ok,182,6.043956043956044,5.935618890446064,4.676170234651681,5.505373284735665,0.11316743423287853,0.10386520041958479,ok,ok,
selection,B0,machine_type,Screw Compressor,ok,182,5.917582417582418,5.470183848729736,4.657048140750612,5.474665694356106,0.09326126434309877,0.08555954416497136,ok,ok,
selection,B0,asset_tag,AST-1041,ok,91,5.032967032967033,5.003556911900178,4.187243143196725,5.0175295022334145,,,not_defined_constant_input,not_defined_constant_input,
selection,B0,asset_tag,AST-1042,ok,91,4.43956043956044,4.654331643723778,3.536428292921502,4.165023263394419,,,not_defined_constant_input,not_defined_constant_input,
selection,B0,asset_tag,AST-2017,ok,91,6.670329670329671,6.328944277811977,4.769375463368835,5.643936153617736,,,not_defined_constant_input,not_defined_constant_input,
selection,B0,asset_tag,AST-2031,ok,91,5.417582417582418,5.542293503080153,4.582965005934527,5.3632317405132675,,,not_defined_constant_input,not_defined_constant_input,
selection,B0,asset_tag,AST-3008,ok,91,5.516483516483516,4.787823896405541,4.39627341228541,5.093673360203978,,,not_defined_constant_input,not_defined_constant_input,
selection,B0,asset_tag,AST-3019,ok,91,3.2857142857142856,4.106059891637962,3.104395345319261,3.631079846754082,,,not_defined_constant_input,not_defined_constant_input,
selection,B0,asset_tag,AST-4055,ok,91,6.428571428571429,6.091757150279203,5.009074882994646,5.749925088254793,,,not_defined_constant_input,not_defined_constant_input,
selection,B0,asset_tag,AST-4061,ok,91,5.406593406593407,4.8486105471802725,4.305021398506579,5.184813440170954,,,not_defined_constant_input,not_defined_constant_input,
selection,B0,asset_tag,AST-5003,ok,91,6.329670329670329,5.9236999393137655,5.167350551451196,5.754222318135299,,,not_defined_constant_input,not_defined_constant_input,
selection,B0,asset_tag,AST-5007,ok,91,4.802197802197802,3.9809109047488054,3.925803936684236,4.597921374269086,,,not_defined_constant_input,not_defined_constant_input,
selection,B0,expected_score_decile,1,ok,91,4.802197802197802,3.9809109047488054,3.925803936684236,4.597921374269086,,,not_defined_constant_input,not_defined_constant_input,4.802197802197802
selection,B0,expected_score_decile,2,ok,91,3.2857142857142856,4.106059891637962,3.104395345319261,3.631079846754082,,,not_defined_constant_input,not_defined_constant_input,3.2857142857142856
selection,B0,expected_score_decile,3,ok,91,4.43956043956044,4.654331643723778,3.536428292921502,4.165023263394419,,,not_defined_constant_input,not_defined_constant_input,4.43956043956044
selection,B0,expected_score_decile,4,ok,91,5.516483516483516,4.787823896405541,4.39627341228541,5.093673360203978,,,not_defined_constant_input,not_defined_constant_input,5.516483516483516
selection,B0,expected_score_decile,5,ok,91,5.406593406593407,4.8486105471802725,4.305021398506579,5.184813440170954,,,not_defined_constant_input,not_defined_constant_input,5.406593406593407
selection,B0,expected_score_decile,6,ok,91,5.032967032967033,5.003556911900178,4.187243143196725,5.0175295022334145,,,not_defined_constant_input,not_defined_constant_input,5.032967032967033
selection,B0,expected_score_decile,7,ok,91,5.417582417582418,5.542293503080153,4.582965005934527,5.3632317405132675,,,not_defined_constant_input,not_defined_constant_input,5.417582417582418
selection,B0,expected_score_decile,8,ok,91,6.329670329670329,5.9236999393137655,5.167350551451196,5.754222318135299,,,not_defined_constant_input,not_defined_constant_input,6.329670329670329
selection,B0,expected_score_decile,9,ok,91,6.428571428571429,6.091757150279203,5.009074882994646,5.749925088254793,,,not_defined_constant_input,not_defined_constant_input,6.428571428571429
selection,B0,expected_score_decile,10,ok,91,6.670329670329671,6.328944277811977,4.769375463368835,5.643936153617736,,,not_defined_constant_input,not_defined_constant_input,6.670329670329671
calibration,A1,overall,all,ok,910,4.964835164835165,4.903958477850688,2.4596176657223707,3.591954584252332,0.6763118122958957,0.6979556088225852,ok,ok,
calibration,A1,machine_type,Belt Conveyor,ok,182,4.010989010989011,4.320576714154907,2.2729316853862125,3.263453412891759,0.6165754206358829,0.601707981720752,ok,ok,
calibration,A1,machine_type,CNC Lathe,ok,182,4.2967032967032965,4.437139959676854,2.704753473596524,3.7794319870423814,0.6025632972552472,0.6503110654058788,ok,ok,
calibration,A1,machine_type,EOT Crane,ok,182,5.483516483516484,4.883703067806745,2.373237329954784,3.6867832554166435,0.7182199504680791,0.7343945040032896,ok,ok,
calibration,A1,machine_type,Hydraulic Press,ok,182,5.648351648351649,5.610654889282163,2.52188718531864,3.682186545330903,0.6969348545627269,0.6553573857399757,ok,ok,
calibration,A1,machine_type,Screw Compressor,ok,182,5.384615384615385,5.267717758332771,2.4252786543556937,3.524994443517075,0.6939943094298466,0.6408408626363888,ok,ok,
calibration,A1,asset_tag,AST-1041,ok,91,4.637362637362638,4.383048023255141,2.5646675313257794,3.633816537898569,0.6422785308262342,0.6586681131712451,ok,ok,
calibration,A1,asset_tag,AST-1042,ok,91,3.956043956043956,4.491231896098565,2.8448394158672685,3.9196415216513234,0.5699553317617884,0.6517619294163692,ok,ok,
calibration,A1,asset_tag,AST-2017,ok,91,6.472527472527473,5.9651324918597615,2.5986295630274316,3.7994382079724507,0.7237837410476147,0.5656001532973951,ok,ok,
calibration,A1,asset_tag,AST-2031,ok,91,4.824175824175824,5.256177286704566,2.4451448076098483,3.561076355967525,0.6528571145198934,0.5983776397699652,ok,ok,
calibration,A1,asset_tag,AST-3008,ok,91,4.21978021978022,4.613089196641944,2.304678114972662,3.3381194348708267,0.6126007079618656,0.5409160290814736,ok,ok,
calibration,A1,asset_tag,AST-3019,ok,91,3.802197802197802,4.028064231667868,2.241185255799764,3.1870385932346994,0.6209857408692279,0.6182605656353019,ok,ok,
calibration,A1,asset_tag,AST-4055,ok,91,5.516483516483516,5.844476040525899,2.61354873017551,3.7141793001881034,0.6856192183011968,0.6154435710232856,ok,ok,
calibration,A1,asset_tag,AST-4061,ok,91,5.252747252747253,4.690959476139641,2.2370085785358773,3.325062973795642,0.7224018144150661,0.6447491602805526,ok,ok,
calibration,A1,asset_tag,AST-5003,ok,91,6.758241758241758,5.721422399897245,2.5771982949498105,4.075842563045587,0.7329639429226168,0.6483167132500403,ok,ok,
calibration,A1,asset_tag,AST-5007,ok,91,4.208791208791209,4.045983735716244,2.169276364959757,3.2514994919432283,0.6344071791258633,0.5875312213049101,ok,ok,
calibration,A1,expected_score_decile,1,ok,91,0.0,0.0019074473145026952,0.0019074473145026952,0.0019077186865961806,,,not_defined_constant_input,not_defined_constant_input,0.0
calibration,A1,expected_score_decile,2,ok,91,0.0,0.0019284300444923894,0.0019284300444923894,0.0019284326971193606,,,not_defined_constant_input,not_defined_constant_input,0.0
calibration,A1,expected_score_decile,3,ok,91,1.010989010989011,0.7113915970259074,0.5635565493655205,1.7185231758755883,0.8505868173587009,0.5445289743110929,ok,ok,1.010989010989011
calibration,A1,expected_score_decile,4,ok,91,5.582417582417582,5.46768125370027,3.377716049608853,4.081256883885535,0.010895206656248746,-0.04352549785923888,ok,ok,5.582417582417582
calibration,A1,expected_score_decile,5,ok,91,5.197802197802198,5.885616483314429,3.622772255013438,4.351053655005846,0.02176478170028284,0.0025467204491188434,ok,ok,5.197802197802198
calibration,A1,expected_score_decile,6,ok,91,6.065934065934066,6.264544743701896,2.8427425888143576,3.385278335628735,0.08610228132103899,0.08892165841784218,ok,ok,6.065934065934066
calibration,A1,expected_score_decile,7,ok,91,7.186813186813187,6.6143895854146875,3.3093120971458947,4.112045179508911,0.08668962511565927,0.08249066723573546,ok,ok,7.186813186813187
calibration,A1,expected_score_decile,8,ok,91,6.6923076923076925,7.279889637346948,3.2104965601462228,4.070071906377647,-0.1566162837355808,-0.13894330556303097,ok,ok,6.6923076923076925
calibration,A1,expected_score_decile,9,ok,91,9.593406593406593,7.966870277262338,4.224767889158694,5.308934636457862,0.148917802722586,0.1637426382902764,ok,ok,9.593406593406593
calibration,A1,expected_score_decile,10,ok,91,8.31868131868132,8.845365323381404,3.440976790611734,4.1665843520538,0.09551436110678252,0.08910669046475701,ok,ok,8.31868131868132
calibration,A2,overall,all,ok,910,4.964835164835165,4.907187649199635,2.445403717648864,3.594199959119055,0.6758357189903339,0.6987022284549589,ok,ok,
calibration,A2,machine_type,Belt Conveyor,ok,182,4.010989010989011,4.318271825448793,2.231704461393829,3.2668732593883156,0.6152717078712268,0.6153381437929387,ok,ok,
calibration,A2,machine_type,CNC Lathe,ok,182,4.2967032967032965,4.499571967809291,2.7053914018809344,3.800178379386194,0.5976865769198413,0.6372033186857659,ok,ok,
calibration,A2,machine_type,EOT Crane,ok,182,5.483516483516484,4.850281656860338,2.3923025573606544,3.7159948310269106,0.7140798949977022,0.7348505718678956,ok,ok,
calibration,A2,machine_type,Hydraulic Press,ok,182,5.648351648351649,5.5870343356972,2.503588773121915,3.662335505289996,0.700953802324508,0.6494860547667433,ok,ok,
calibration,A2,machine_type,Screw Compressor,ok,182,5.384615384615385,5.280778460182558,2.394031394486986,3.5008900561242875,0.6989315797911412,0.6384922748769715,ok,ok,
calibration,A2,asset_tag,AST-1041,ok,91,4.637362637362638,4.536271006445101,2.5306476545444934,3.5874598572102334,0.6513624207842661,0.6929357044945315,ok,ok,
calibration,A2,asset_tag,AST-1042,ok,91,3.956043956043956,4.462872929173479,2.880135149217376,4.00160507836714,0.5444252261372323,0.5684467803200923,ok,ok,
calibration,A2,asset_tag,AST-2017,ok,91,6.472527472527473,5.936339958763247,2.595451542688682,3.7706418950195952,0.7301081362755854,0.5187229687655075,ok,ok,
calibration,A2,asset_tag,AST-2031,ok,91,4.824175824175824,5.237728712631151,2.411726003555148,3.5507270250103,0.6544185282151418,0.601389937479231,ok,ok,
calibration,A2,asset_tag,AST-3008,ok,91,4.21978021978022,4.626405852587396,2.2449034756707045,3.314476098149778,0.6191686040733594,0.533199350286801,ok,ok,
calibration,A2,asset_tag,AST-3019,ok,91,3.802197802197802,4.01013779831019,2.218505447116954,3.218566448064526,0.6107643309521283,0.5913305957552435,ok,ok,
calibration,A2,asset_tag,AST-4055,ok,91,5.516483516483516,5.849446580411163,2.57418882874746,3.680159980087329,0.6923642647957995,0.6081453728420642,ok,ok,
calibration,A2,asset_tag,AST-4061,ok,91,5.252747252747253,4.7121103399539495,2.213873960226513,3.311930689356809,0.7249629551505796,0.6586339936043517,ok,ok,
calibration,A2,asset_tag,AST-5003,ok,91,6.758241758241758,5.660893027317399,2.6094550981929046,4.118434468808965,0.7289664601270519,0.6567677685815984,ok,ok,
calibration,A2,asset_tag,AST-5007,ok,91,4.208791208791209,4.039670286403277,2.175150016528405,3.2643119787427883,0.6307361302112032,0.5799699943384116,ok,ok,
calibration,A2,expected_score_decile,1,ok,91,0.0,0.003147772909113006,0.003147772909113006,0.003149674101262082,,,not_defined_constant_input,not_defined_constant_input,0.0
calibration,A2,expected_score_decile,2,ok,91,0.0,0.0032432037701807114,0.0032432037701807114,0.003243220092589272,,,not_defined_constant_input,not_defined_constant_input,0.0
calibration,A2,expected_score_decile,3,ok,91,0.9230769230769231,0.7393194583722735,0.4097733638609037,1.428427962643401,0.8580799379965722,0.5798839580874079,ok,ok,0.9230769230769231
calibration,A2,expected_score_decile,4,ok,91,5.241758241758242,5.53232140799682,3.16468627795132,3.8315706340026794,-0.024602139949596515,-0.0013371540601843836,ok,ok,5.241758241758242
calibration,A2,expected_score_decile,5,ok,91,5.747252747252747,5.96706383510962,3.724574034928303,4.479738009045724,0.07390843110832934,0.07909580147691846,ok,ok,5.747252747252747
calibration,A2,expected_score_decile,6,ok,91,6.1208791208791204,6.299519022463919,3.227218840910893,3.830403046756703,0.0017107627869101215,0.011291389067113144,ok,ok,6.1208791208791204
calibration,A2,expected_score_decile,7,ok,91,6.813186813186813,6.61956171445242,3.0648978295092237,3.833098357667696,0.23759333233162852,0.24713817757594272,ok,ok,6.813186813186813
calibration,A2,expected_score_decile,8,ok,91,7.241758241758242,7.247843490066172,3.0617827672808082,4.037580517007485,0.046640638563598166,0.06459746590044996,ok,ok,7.241758241758242
calibration,A2,expected_score_decile,9,ok,91,9.274725274725276,7.889600149429218,4.050609265453227,5.236096086730404,0.06062065023474348,0.03241093066401228,ok,ok,9.274725274725276
calibration,A2,expected_score_decile,10,ok,91,8.285714285714286,8.770256437426621,3.744103819914668,4.394306685239291,0.03864717794220703,0.04420152344033633,ok,ok,8.285714285714286
calibration,B0,overall,all,ok,910,4.964835164835165,5.126798866608164,4.053748477266795,4.806202722023841,0.17144689105620042,0.14775646185077304,ok,ok,
calibration,B0,machine_type,Belt Conveyor,ok,182,4.010989010989011,4.4469418940217516,3.470441010787315,4.133626167159095,0.05075444625700541,0.04628729946693738,ok,ok,
calibration,B0,machine_type,CNC Lathe,ok,182,4.2967032967032965,4.828944277811978,4.0805523382911435,4.752924028595247,0.0719846800543578,0.08278070641493519,ok,ok,
calibration,B0,machine_type,EOT Crane,ok,182,5.483516483516484,4.952305422031286,4.171648057068953,5.06974311096851,0.24553467893526496,0.21927419349195013,ok,ok,
calibration,B0,machine_type,Hydraulic Press,ok,182,5.648351648351649,5.935618890446064,4.416978270739289,5.093991430933449,0.16052708596559517,0.1495101117634509,ok,ok,
calibration,B0,machine_type,Screw Compressor,ok,182,5.384615384615385,5.470183848729736,4.129122709447271,4.9162716569459795,0.026951189273902748,0.01614698993415541,ok,ok,
calibration,B0,asset_tag,AST-1041,ok,91,4.637362637362638,5.003556911900178,4.121621772814323,4.736154961410672,,,not_defined_constant_input,not_defined_constant_input,
calibration,B0,asset_tag,AST-1042,ok,91,3.956043956043956,4.654331643723778,4.039482903767963,4.769634139501816,,,not_defined_constant_input,not_defined_constant_input,
calibration,B0,asset_tag,AST-2017,ok,91,6.472527472527473,6.328944277811977,4.798583029914153,5.455672908866924,,,not_defined_constant_input,not_defined_constant_input,
calibration,B0,asset_tag,AST-2031,ok,91,4.824175824175824,5.542293503080153,4.035373511564424,4.704586114452826,,,not_defined_constant_input,not_defined_constant_input,
calibration,B0,asset_tag,AST-3008,ok,91,4.21978021978022,4.787823896405541,3.531791277350486,4.199643751103745,,,not_defined_constant_input,not_defined_constant_input,
calibration,B0,asset_tag,AST-3019,ok,91,3.802197802197802,4.106059891637962,3.409090744224145,4.066536971854558,,,not_defined_constant_input,not_defined_constant_input,
calibration,B0,asset_tag,AST-4055,ok,91,5.516483516483516,6.091757150279203,4.304872372036316,5.1020797228164,,,not_defined_constant_input,not_defined_constant_input,
calibration,B0,asset_tag,AST-4061,ok,91,5.252747252747253,4.8486105471802725,3.9533730468582267,4.723159589915045,,,not_defined_constant_input,not_defined_constant_input,
calibration,B0,asset_tag,AST-5003,ok,91,6.758241758241758,5.9236999393137655,4.814774735277951,5.806456413080587,,,not_defined_constant_input,not_defined_constant_input,
calibration,B0,asset_tag,AST-5007,ok,91,4.208791208791209,3.9809109047488054,3.528521378859955,4.2059070776017675,,,not_defined_constant_input,not_defined_constant_input,
calibration,B0,expected_score_decile,1,ok,91,4.208791208791209,3.9809109047488054,3.528521378859955,4.2059070776017675,,,not_defined_constant_input,not_defined_constant_input,4.208791208791209
calibration,B0,expected_score_decile,2,ok,91,3.802197802197802,4.106059891637962,3.409090744224145,4.066536971854558,,,not_defined_constant_input,not_defined_constant_input,3.802197802197802
calibration,B0,expected_score_decile,3,ok,91,3.956043956043956,4.654331643723778,4.039482903767963,4.769634139501816,,,not_defined_constant_input,not_defined_constant_input,3.956043956043956
calibration,B0,expected_score_decile,4,ok,91,4.21978021978022,4.787823896405541,3.531791277350486,4.199643751103745,,,not_defined_constant_input,not_defined_constant_input,4.21978021978022
calibration,B0,expected_score_decile,5,ok,91,5.252747252747253,4.8486105471802725,3.9533730468582267,4.723159589915045,,,not_defined_constant_input,not_defined_constant_input,5.252747252747253
calibration,B0,expected_score_decile,6,ok,91,4.637362637362638,5.003556911900178,4.121621772814323,4.736154961410672,,,not_defined_constant_input,not_defined_constant_input,4.637362637362638
calibration,B0,expected_score_decile,7,ok,91,4.824175824175824,5.542293503080153,4.035373511564424,4.704586114452826,,,not_defined_constant_input,not_defined_constant_input,4.824175824175824
calibration,B0,expected_score_decile,8,ok,91,6.758241758241758,5.9236999393137655,4.814774735277951,5.806456413080587,,,not_defined_constant_input,not_defined_constant_input,6.758241758241758
calibration,B0,expected_score_decile,9,ok,91,5.516483516483516,6.091757150279203,4.304872372036316,5.1020797228164,,,not_defined_constant_input,not_defined_constant_input,5.516483516483516
calibration,B0,expected_score_decile,10,ok,91,6.472527472527473,6.328944277811977,4.798583029914153,5.455672908866924,,,not_defined_constant_input,not_defined_constant_input,6.472527472527473
test,A1,overall,all,ok,1850,5.2005405405405405,5.273791093077064,2.545518809895605,3.749692382720063,0.6649460121711236,0.6613016449029866,ok,ok,
test,A1,machine_type,Belt Conveyor,ok,370,4.554054054054054,4.845482885660159,2.2590228882054797,3.301921113511473,0.6540571920816304,0.6152141155568437,ok,ok,
test,A1,machine_type,CNC Lathe,ok,370,4.575675675675676,5.098857333088178,2.3873802256977608,3.488343410511475,0.62890099600617,0.5712449318730985,ok,ok,
test,A1,machine_type,EOT Crane,ok,370,5.010810810810811,5.160311794249008,2.4446489652472327,3.579669448310018,0.6870088755288265,0.6935574413786753,ok,ok,
test,A1,machine_type,Hydraulic Press,ok,370,5.910810810810811,5.766885373835675,2.914562223629184,4.2204260768381285,0.6551967780818247,0.5943359831544504,ok,ok,
test,A1,machine_type,Screw Compressor,ok,370,5.951351351351351,5.497418078552301,2.7219797466983695,4.074765319182594,0.6841233621699288,0.6667450296393059,ok,ok,
test,A1,asset_tag,AST-1041,ok,185,4.551351351351351,5.218241976327811,2.515278495278606,3.6220785046390476,0.6063293570393112,0.5522347496779321,ok,ok,
test,A1,asset_tag,AST-1042,ok,185,4.6,4.979472689848544,2.2594819561169155,3.34927257856828,0.6562520355725127,0.5940333799574102,ok,ok,
test,A1,asset_tag,AST-2017,ok,185,6.302702702702702,6.183854693706702,2.9650880610203147,4.2499154434096615,0.6799275173100521,0.6035493683534741,ok,ok,
test,A1,asset_tag,AST-2031,ok,185,5.518918918918919,5.349916053964647,2.8640363862380527,4.190729204324542,0.6200327512592877,0.5182428924315655,ok,ok,
test,A1,asset_tag,AST-3008,ok,185,4.675675675675675,5.245777605699216,2.1723549146885985,3.0608549220918913,0.6998449296882996,0.6170017431983514,ok,ok,
test,A1,asset_tag,AST-3019,ok,185,4.4324324324324325,4.4451881656211025,2.3456908617223604,3.526546926614125,0.6177586573493791,0.5636531729395878,ok,ok,
test,A1,asset_tag,AST-4055,ok,185,6.4972972972972975,6.0491310676224215,2.787241971152026,4.08040354029995,0.7111357176628301,0.650754140871022,ok,ok,
test,A1,asset_tag,AST-4061,ok,185,5.405405405405405,4.94570508948218,2.6567175222447124,4.06911928568506,0.6415631784998809,0.5954707148549662,ok,ok,
test,A1,asset_tag,AST-5003,ok,185,6.1891891891891895,6.021895095917893,2.6056974001922337,3.890181333718143,0.7073501515676929,0.6281755191864952,ok,ok,
test,A1,asset_tag,AST-5007,ok,185,3.8324324324324324,4.298728492580122,2.283600530302232,3.2395301988281,0.5888908437826376,0.49591182190759664,ok,ok,
test,A1,expected_score_decile,1,ok,185,0.0,0.0019150612921692218,0.0019150612921692218,0.0019151828313765573,,,not_defined_constant_input,not_defined_constant_input,0.0
test,A1,expected_score_decile,2,ok,185,0.0,0.0019301784508651352,0.0019301784508651352,0.0019301798414468846,,,not_defined_constant_input,not_defined_constant_input,0.0
test,A1,expected_score_decile,3,ok,185,1.1945945945945946,0.9921178431499756,0.544364815225899,1.6614527181808254,0.8377292613977115,0.6720730432173705,ok,ok,1.1945945945945946
test,A1,expected_score_decile,4,ok,185,5.827027027027027,5.830754916604065,3.068875972349697,3.786677720364567,0.04048772548152506,0.03716721064329003,ok,ok,5.827027027027027
test,A1,expected_score_decile,5,ok,185,6.52972972972973,6.379984941045323,3.4882707182617048,4.296866280567971,0.016625170191855648,0.016623975904350812,ok,ok,6.52972972972973
test,A1,expected_score_decile,6,ok,185,6.805405405405406,6.807031678934878,3.5177934126993953,4.425451450118824,0.042517953436539906,0.02754978912696411,ok,ok,6.805405405405406
test,A1,expected_score_decile,7,ok,185,7.075675675675676,7.289109930093958,3.2180577595512427,4.153678801744476,-0.03081217372338265,-0.018731583607533298,ok,ok,7.075675675675676
test,A1,expected_score_decile,8,ok,185,7.616216216216216,7.83243634759741,3.9680873621180974,4.9317656680902955,-0.03411004692240487,-0.02464134606341882,ok,ok,7.616216216216216
test,A1,expected_score_decile,9,ok,185,7.940540540540541,8.332569172150805,3.4535862222527465,4.315527890259985,-0.09405584384844895,-0.0925882248883553,ok,ok,7.940540540540541
test,A1,expected_score_decile,10,ok,185,9.016216216216216,9.270060861451185,4.192306596754236,5.025509668585379,0.04253323087944221,-0.004422963311832901,ok,ok,9.016216216216216
test,A2,overall,all,ok,1850,5.2005405405405405,5.239706197038713,2.5251430517304065,3.715602975524158,0.6720562758708247,0.6732972856331134,ok,ok,
test,A2,machine_type,Belt Conveyor,ok,370,4.554054054054054,4.836321669149293,2.267782831925006,3.2736266252030326,0.660159287256131,0.621949132909485,ok,ok,
test,A2,machine_type,CNC Lathe,ok,370,4.575675675675676,5.152500198510301,2.3648593754166254,3.445637540259148,0.6416549081442673,0.5936328608736944,ok,ok,
test,A2,machine_type,EOT Crane,ok,370,5.010810810810811,5.074352034862062,2.419649669629819,3.553238306006512,0.6920938259584866,0.701700353348277,ok,ok,
test,A2,machine_type,Hydraulic Press,ok,370,5.910810810810811,5.697718143916245,2.8513380502718064,4.152616035778708,0.6699608764185527,0.6186382903348049,ok,ok,
test,A2,machine_type,Screw Compressor,ok,370,5.951351351351351,5.437638938755663,2.722085331408777,4.0705964696417745,0.6871962920180833,0.6675976803733965,ok,ok,
test,A2,asset_tag,AST-1041,ok,185,4.551351351351351,5.264685813304455,2.4861357217114834,3.5812157898150034,0.618170012953355,0.5695734184850463,ok,ok,
test,A2,asset_tag,AST-1042,ok,185,4.6,5.040314583716148,2.2435830291217678,3.304501412386735,0.6693094820442101,0.6202121101360158,ok,ok,
test,A2,asset_tag,AST-2017,ok,185,6.302702702702702,6.023159621063973,2.8893852454487154,4.1860406798256795,0.6940523766277005,0.648340243665889,ok,ok,
test,A2,asset_tag,AST-2031,ok,185,5.518918918918919,5.372276666768516,2.8132908550948987,4.118920162865202,0.6363972049113024,0.5392653554542165,ok,ok,
test,A2,asset_tag,AST-3008,ok,185,4.675675675675675,5.160770544650268,2.1881365582666024,3.036224994893779,0.70020195227768,0.6113151333112636,ok,ok,
test,A2,asset_tag,AST-3019,ok,185,4.4324324324324325,4.511872793648319,2.34742910558341,3.4949392473773653,0.6268261392877789,0.592634189698108,ok,ok,
test,A2,asset_tag,AST-4055,ok,185,6.4972972972972975,5.961108875123967,2.773774769157439,4.068889861416572,0.7160570902781617,0.665401707154622,ok,ok,
test,A2,asset_tag,AST-4061,ok,185,5.405405405405405,4.91416900238736,2.6703958936601153,4.0723023626667985,0.6422144173518783,0.5712735248247858,ok,ok,
test,A2,asset_tag,AST-5003,ok,185,6.1891891891891895,5.895939179341843,2.5742238853318127,3.8571614190612102,0.7154811573528472,0.6656355020283156,ok,ok,
test,A2,asset_tag,AST-5007,ok,185,3.8324324324324324,4.252764890382282,2.2650754539278246,3.2207624416975817,0.5914443162252581,0.482331976598226,ok,ok,
test,A2,expected_score_decile,1,ok,185,0.0,0.0031865447916274697,0.0031865447916274697,0.0031875654455650296,,,not_defined_constant_input,not_defined_constant_input,0.0
test,A2,expected_score_decile,2,ok,185,0.0,0.003252045349902498,0.003252045349902498,0.0032520696687387742,,,not_defined_constant_input,not_defined_constant_input,0.0
test,A2,expected_score_decile,3,ok,185,1.1891891891891893,1.0134144742105025,0.5005777929160414,1.5794347081956108,0.8491110953412535,0.65947974347779,ok,ok,1.1891891891891893
test,A2,expected_score_decile,4,ok,185,5.664864864864865,5.869743689930123,3.1310130556980846,3.814649566500547,-0.0004155363401952081,0.0030199120238682663,ok,ok,5.664864864864865
test,A2,expected_score_decile,5,ok,185,6.518918918918919,6.410703771627979,3.3553331566378595,4.058768997456026,0.051457354455326045,0.045055043698205406,ok,ok,6.518918918918919
test,A2,expected_score_decile,6,ok,185,6.691891891891892,6.832907893731523,3.3065126290114146,4.22560956871307,0.10623186703180572,0.1370474008222646,ok,ok,6.691891891891892
test,A2,expected_score_decile,7,ok,185,6.956756756756757,7.295840363199408,3.592104835992404,4.516809281841676,0.006115728858538856,0.013597277184507215,ok,ok,6.956756756756757
test,A2,expected_score_decile,8,ok,185,7.513513513513513,7.7094838182004395,3.594573178886174,4.351150038748766,0.10446732759858125,0.11848953117701738,ok,ok,7.513513513513513
test,A2,expected_score_decile,9,ok,185,8.286486486486487,8.19636663185146,3.741580050878351,4.761152825401925,-0.013505736282473842,-0.0465951873122997,ok,ok,8.286486486486487
test,A2,expected_score_decile,10,ok,185,9.183783783783785,9.062162737494168,4.0232972271422085,4.967779955984015,0.06294218547356951,0.07933651100417123,ok,ok,9.183783783783785
test,B0,overall,all,ok,1850,5.2005405405405405,5.126798866608163,4.135688570940061,4.950561154109482,0.1633659827097782,0.13413284019132055,ok,ok,
test,B0,machine_type,Belt Conveyor,ok,370,4.554054054054054,4.4469418940217516,3.6454929290447766,4.331524528392223,0.02811179824152678,0.04838240291195205,ok,ok,
test,B0,machine_type,CNC Lathe,ok,370,4.575675675675676,4.828944277811978,3.6520027460432702,4.384413084243246,-0.0055628509298222455,-0.004522274594333908,ok,ok,
test,B0,machine_type,EOT Crane,ok,370,5.010810810810811,4.952305422031285,4.011377563368028,4.783220081141153,0.2394331092288791,0.2012809650894266,ok,ok,
test,B0,machine_type,Hydraulic Press,ok,370,5.910810810810811,5.935618890446065,4.711163737313917,5.569574903922804,0.07019013829891872,0.055827318238535754,ok,ok,
test,B0,machine_type,Screw Compressor,ok,370,5.951351351351351,5.470183848729737,4.658405878930313,5.536762313347348,0.09850616507732292,0.09914427182977577,ok,ok,
test,B0,asset_tag,AST-1041,ok,185,4.551351351351351,5.003556911900177,3.6709047464470586,4.375356533997836,,,not_defined_constant_input,not_defined_constant_input,
test,B0,asset_tag,AST-1042,ok,185,4.6,4.654331643723778,3.633100745639483,4.393450965581519,,,not_defined_constant_input,not_defined_constant_input,
test,B0,asset_tag,AST-2017,ok,185,6.302702702702702,6.328944277811977,4.8554050879915005,5.79336808325647,,,not_defined_constant_input,not_defined_constant_input,
test,B0,asset_tag,AST-2031,ok,185,5.518918918918919,5.542293503080153,4.566922386636332,5.33640473284389,,,not_defined_constant_input,not_defined_constant_input,
test,B0,asset_tag,AST-3008,ok,185,4.675675675675675,4.787823896405541,3.612935168858888,4.162163760867736,,,not_defined_constant_input,not_defined_constant_input,
test,B0,asset_tag,AST-3019,ok,185,4.4324324324324325,4.106059891637962,3.6780506892306652,4.494508016217825,,,not_defined_constant_input,not_defined_constant_input,
test,B0,asset_tag,AST-4055,ok,185,6.4972972972972975,6.091757150279201,4.986263706764303,5.771633460601848,,,not_defined_constant_input,not_defined_constant_input,
test,B0,asset_tag,AST-4061,ok,185,5.405405405405405,4.8486105471802725,4.330548051096323,5.291476261448035,,,not_defined_constant_input,not_defined_constant_input,
test,B0,asset_tag,AST-5003,ok,185,6.1891891891891895,5.9236999393137655,4.656116217856384,5.503521240673775,,,not_defined_constant_input,not_defined_constant_input,
test,B0,asset_tag,AST-5007,ok,185,3.8324324324324324,3.980910904748806,3.3666389088796715,3.9331466591924293,,,not_defined_constant_input,not_defined_constant_input,
test,B0,expected_score_decile,1,ok,185,3.8324324324324324,3.980910904748806,3.3666389088796715,3.9331466591924293,,,not_defined_constant_input,not_defined_constant_input,3.8324324324324324
test,B0,expected_score_decile,2,ok,185,4.4324324324324325,4.106059891637962,3.6780506892306652,4.494508016217825,,,not_defined_constant_input,not_defined_constant_input,4.4324324324324325
test,B0,expected_score_decile,3,ok,185,4.6,4.654331643723778,3.633100745639483,4.393450965581519,,,not_defined_constant_input,not_defined_constant_input,4.6
test,B0,expected_score_decile,4,ok,185,4.675675675675675,4.787823896405541,3.612935168858888,4.162163760867736,,,not_defined_constant_input,not_defined_constant_input,4.675675675675675
test,B0,expected_score_decile,5,ok,185,5.405405405405405,4.8486105471802725,4.330548051096323,5.291476261448035,,,not_defined_constant_input,not_defined_constant_input,5.405405405405405
test,B0,expected_score_decile,6,ok,185,4.551351351351351,5.003556911900177,3.6709047464470586,4.375356533997836,,,not_defined_constant_input,not_defined_constant_input,4.551351351351351
test,B0,expected_score_decile,7,ok,185,5.518918918918919,5.542293503080153,4.566922386636332,5.33640473284389,,,not_defined_constant_input,not_defined_constant_input,5.518918918918919
test,B0,expected_score_decile,8,ok,185,6.1891891891891895,5.9236999393137655,4.656116217856384,5.503521240673775,,,not_defined_constant_input,not_defined_constant_input,6.1891891891891895
test,B0,expected_score_decile,9,ok,185,6.4972972972972975,6.091757150279201,4.986263706764303,5.771633460601848,,,not_defined_constant_input,not_defined_constant_input,6.4972972972972975
test,B0,expected_score_decile,10,ok,185,6.302702702702702,6.328944277811977,4.8554050879915005,5.79336808325647,,,not_defined_constant_input,not_defined_constant_input,6.302702702702702
train,baseline_global_mean,overall,all,ok,7280,5.1141483516483515,5.138461538461541,4.212926880811496,5.025791257939933,,,not_defined_constant_input,not_defined_constant_input,
train,baseline_global_mean,machine_type,Belt Conveyor,ok,1456,4.447115384615385,5.13846153846154,3.8989750633981406,4.571008506429356,,,not_defined_constant_input,not_defined_constant_input,
train,baseline_global_mean,machine_type,CNC Lathe,ok,1456,4.845467032967033,5.13846153846154,4.027863482671176,4.764741550771317,,,not_defined_constant_input,not_defined_constant_input,
train,baseline_global_mean,machine_type,EOT Crane,ok,1456,4.883928571428571,5.13846153846154,4.1935228233305155,5.0275145317406995,,,not_defined_constant_input,not_defined_constant_input,
train,baseline_global_mean,machine_type,Hydraulic Press,ok,1456,5.957417582417582,5.13846153846154,4.671322907861369,5.605499352635074,,,not_defined_constant_input,not_defined_constant_input,
train,baseline_global_mean,machine_type,Screw Compressor,ok,1456,5.436813186813187,5.13846153846154,4.27295012679628,5.098870725089525,,,not_defined_constant_input,not_defined_constant_input,
train,baseline_global_mean,asset_tag,AST-1041,ok,728,5.009615384615385,5.13846153846154,4.065955198647506,4.859144893447803,,,not_defined_constant_input,not_defined_constant_input,
train,baseline_global_mean,asset_tag,AST-1042,ok,728,4.681318681318682,5.13846153846154,3.989771766694844,4.66842960702777,,,not_defined_constant_input,not_defined_constant_input,
train,baseline_global_mean,asset_tag,AST-2017,ok,728,6.332417582417582,5.13846153846154,4.900676246830093,5.81365169831452,,,not_defined_constant_input,not_defined_constant_input,
train,baseline_global_mean,asset_tag,AST-2031,ok,728,5.582417582417582,5.13846153846154,4.441969568892646,5.389313492038587,,,not_defined_constant_input,not_defined_constant_input,
train,baseline_global_mean,asset_tag,AST-3008,ok,728,4.700549450549451,5.13846153846154,3.962679628064244,4.642482721101151,,,not_defined_constant_input,not_defined_constant_input,
train,baseline_global_mean,asset_tag,AST-3019,ok,728,4.193681318681318,5.13846153846154,3.8352704987320374,4.498398794679762,,,not_defined_constant_input,not_defined_constant_input,
train,baseline_global_mean,asset_tag,AST-4055,ok,728,6.089285714285714,5.13846153846154,4.666462383770076,5.557066202992935,,,not_defined_constant_input,not_defined_constant_input,
train,baseline_global_mean,asset_tag,AST-4061,ok,728,4.78434065934066,5.13846153846154,3.8794378698224854,4.5952127870103725,,,not_defined_constant_input,not_defined_constant_input,
train,baseline_global_mean,asset_tag,AST-5003,ok,728,5.907967032967033,5.13846153846154,4.687637362637363,5.6687293827521374,,,not_defined_constant_input,not_defined_constant_input,
train,baseline_global_mean,asset_tag,AST-5007,ok,728,3.85989010989011,5.13846153846154,3.699408284023669,4.291539574424356,,,not_defined_constant_input,not_defined_constant_input,
train,baseline_global_mean,expected_score_decile,1,ok,728,5.3791208791208796,5.13846153846154,4.281487743026205,5.073569488455271,,,not_defined_constant_input,not_defined_constant_input,5.3791208791208796
train,baseline_global_mean,expected_score_decile,2,ok,728,4.787087912087912,5.13846153846154,4.030367709213863,4.783195171008187,,,not_defined_constant_input,not_defined_constant_input,4.787087912087912
train,baseline_global_mean,expected_score_decile,3,ok,728,4.842032967032967,5.13846153846154,4.193385460693154,4.95900821417962,,,not_defined_constant_input,not_defined_constant_input,4.842032967032967
train,baseline_global_mean,expected_score_decile,4,ok,728,5.1826923076923075,5.13846153846154,4.198668639053254,5.003038383669467,,,not_defined_constant_input,not_defined_constant_input,5.1826923076923075
train,baseline_global_mean,expected_score_decile,5,ok,728,5.321428571428571,5.13846153846154,4.413482671174979,5.340745940599379,,,not_defined_constant_input,not_defined_constant_input,5.321428571428571
train,baseline_global_mean,expected_score_decile,6,ok,728,5.229395604395604,5.13846153846154,4.183875739644971,4.942069733870403,,,not_defined_constant_input,not_defined_constant_input,5.229395604395604
train,baseline_global_mean,expected_score_decile,7,ok,728,4.93543956043956,5.13846153846154,4.133157227387996,5.027940109163552,,,not_defined_constant_input,not_defined_constant_input,4.93543956043956
train,baseline_global_mean,expected_score_decile,8,ok,728,4.892857142857143,5.13846153846154,4.19894336432798,4.9776363773708345,,,not_defined_constant_input,not_defined_constant_input,4.892857142857143
train,baseline_global_mean,expected_score_decile,9,ok,728,5.281593406593407,5.13846153846154,4.248753169907017,5.0386129496585275,,,not_defined_constant_input,not_defined_constant_input,5.281593406593407
train,baseline_global_mean,expected_score_decile,10,ok,728,5.289835164835165,5.13846153846154,4.247147083685546,5.094239117802492,,,not_defined_constant_input,not_defined_constant_input,5.289835164835165
train,baseline_asset_mean,overall,all,ok,7280,5.1141483516483515,5.138461538461539,4.1432843255645455,4.9642428405380565,0.15603123695645807,0.12994049891865977,ok,ok,
train,baseline_asset_mean,machine_type,Belt Conveyor,ok,1456,4.447115384615385,4.442002442002441,3.7638176079110144,4.512330762262574,0.05608903507929645,0.052431634486403096,ok,ok,
train,baseline_asset_mean,machine_type,CNC Lathe,ok,1456,4.845467032967033,4.833333333333333,3.9908315890458743,4.752929174134364,0.034515949976292905,0.02973419718069699,ok,ok,
train,baseline_asset_mean,machine_type,EOT Crane,ok,1456,4.883928571428571,4.959706959706962,4.052673288250212,4.91620172877815,0.20394837008307545,0.16514894885228124,ok,ok,
train,baseline_asset_mean,machine_type,Hydraulic Press,ok,1456,5.957417582417582,5.967032967032967,4.66743650122771,5.532737256863843,0.06762419561023668,0.06519530237490728,ok,ok,
train,baseline_asset_mean,machine_type,Screw Compressor,ok,1456,5.436813186813187,5.49023199023199,4.241662641387916,5.0484501844860805,0.12818375050481093,0.10782197981286362,ok,ok,
train,baseline_asset_mean,asset_tag,AST-1041,ok,728,5.009615384615385,5.012210012210012,4.049653490587556,4.857437029571384,,,not_defined_constant_input,not_defined_constant_input,
train,baseline_asset_mean,asset_tag,AST-1042,ok,728,4.681318681318682,4.654456654456654,3.932009687504193,4.646071132949199,,,not_defined_constant_input,not_defined_constant_input,
train,baseline_asset_mean,asset_tag,AST-2017,ok,728,6.332417582417582,6.36996336996337,4.860161816205772,5.689852785492659,,,not_defined_constant_input,not_defined_constant_input,
train,baseline_asset_mean,asset_tag,AST-2031,ok,728,5.582417582417582,5.564102564102563,4.474711186249647,5.371027684382192,,,not_defined_constant_input,not_defined_constant_input,
train,baseline_asset_mean,asset_tag,AST-3008,ok,728,4.700549450549451,4.79120879120879,3.916737109044801,4.62267216391472,,,not_defined_constant_input,not_defined_constant_input,
train,baseline_asset_mean,asset_tag,AST-3019,ok,728,4.193681318681318,4.092796092796093,3.610898106777228,4.399222645092004,,,not_defined_constant_input,not_defined_constant_input,
train,baseline_asset_mean,asset_tag,AST-4055,ok,728,6.089285714285714,6.126984126984128,4.632456828885401,5.475247879451174,,,not_defined_constant_input,not_defined_constant_input,
train,baseline_asset_mean,asset_tag,AST-4061,ok,728,4.78434065934066,4.853479853479853,3.850868453890432,4.582069312989548,,,not_defined_constant_input,not_defined_constant_input,
train,baseline_asset_mean,asset_tag,AST-5003,ok,728,5.907967032967033,5.954822954822955,4.716793127507413,5.616453470493301,,,not_defined_constant_input,not_defined_constant_input,
train,baseline_asset_mean,asset_tag,AST-5007,ok,728,3.85989010989011,3.9645909645909656,3.388553448993009,4.097990884551391,,,not_defined_constant_input,not_defined_constant_input,
train,baseline_asset_mean,expected_score_decile,1,ok,728,3.85989010989011,3.9645909645909656,3.388553448993009,4.097990884551391,,,not_defined_constant_input,not_defined_constant_input,3.85989010989011
train,baseline_asset_mean,expected_score_decile,2,ok,728,4.193681318681318,4.092796092796093,3.610898106777228,4.399222645092004,,,not_defined_constant_input,not_defined_constant_input,4.193681318681318
train,baseline_asset_mean,expected_score_decile,3,ok,728,4.681318681318682,4.654456654456654,3.932009687504193,4.646071132949199,,,not_defined_constant_input,not_defined_constant_input,4.681318681318682
train,baseline_asset_mean,expected_score_decile,4,ok,728,4.700549450549451,4.79120879120879,3.916737109044801,4.62267216391472,,,not_defined_constant_input,not_defined_constant_input,4.700549450549451
train,baseline_asset_mean,expected_score_decile,5,ok,728,4.78434065934066,4.853479853479853,3.850868453890432,4.582069312989548,,,not_defined_constant_input,not_defined_constant_input,4.78434065934066
train,baseline_asset_mean,expected_score_decile,6,ok,728,5.009615384615385,5.012210012210012,4.049653490587556,4.857437029571384,,,not_defined_constant_input,not_defined_constant_input,5.009615384615385
train,baseline_asset_mean,expected_score_decile,7,ok,728,5.582417582417582,5.564102564102563,4.474711186249647,5.371027684382192,,,not_defined_constant_input,not_defined_constant_input,5.582417582417582
train,baseline_asset_mean,expected_score_decile,8,ok,728,5.907967032967033,5.954822954822955,4.716793127507413,5.616453470493301,,,not_defined_constant_input,not_defined_constant_input,5.907967032967033
train,baseline_asset_mean,expected_score_decile,9,ok,728,6.089285714285714,6.126984126984128,4.632456828885401,5.475247879451174,,,not_defined_constant_input,not_defined_constant_input,6.089285714285714
train,baseline_asset_mean,expected_score_decile,10,ok,728,6.332417582417582,6.36996336996337,4.860161816205772,5.689852785492659,,,not_defined_constant_input,not_defined_constant_input,6.332417582417582
selection,baseline_global_mean,overall,all,ok,910,5.332967032967033,5.13846153846154,4.369619611158073,5.1340854564584415,,,not_defined_constant_input,not_defined_constant_input,
selection,baseline_global_mean,machine_type,Belt Conveyor,ok,182,4.4010989010989015,5.138461538461539,3.943110735418428,4.555321635038245,,,not_defined_constant_input,not_defined_constant_input,
selection,baseline_global_mean,machine_type,CNC Lathe,ok,182,4.736263736263736,5.138461538461539,3.9144547759932373,4.6354946500764695,,,not_defined_constant_input,not_defined_constant_input,
selection,baseline_global_mean,machine_type,EOT Crane,ok,182,5.565934065934066,5.138461538461539,4.581487743026203,5.2414064433746415,,,not_defined_constant_input,not_defined_constant_input,
selection,baseline_global_mean,machine_type,Hydraulic Press,ok,182,6.043956043956044,5.138461538461539,4.733220625528317,5.608507003030585,,,not_defined_constant_input,not_defined_constant_input,
selection,baseline_global_mean,machine_type,Screw Compressor,ok,182,5.917582417582418,5.138461538461539,4.675824175824176,5.534230679494944,,,not_defined_constant_input,not_defined_constant_input,
selection,baseline_global_mean,asset_tag,AST-1041,ok,91,5.032967032967033,5.138461538461539,4.203550295857988,5.01855222561757,,,not_defined_constant_input,not_defined_constant_input,
selection,baseline_global_mean,asset_tag,AST-1042,ok,91,4.43956043956044,5.138461538461539,3.6253592561284873,4.217790281714359,,,not_defined_constant_input,not_defined_constant_input,
selection,baseline_global_mean,asset_tag,AST-2017,ok,91,6.670329670329671,5.138461538461539,4.941166525781909,5.838158210713552,,,not_defined_constant_input,not_defined_constant_input,
selection,baseline_global_mean,asset_tag,AST-2031,ok,91,5.417582417582418,5.138461538461539,4.525274725274725,5.369041843081889,,,not_defined_constant_input,not_defined_constant_input,
selection,baseline_global_mean,asset_tag,AST-3008,ok,91,5.516483516483516,5.138461538461539,4.39222316145393,5.055439058517782,,,not_defined_constant_input,not_defined_constant_input,
selection,baseline_global_mean,asset_tag,AST-3019,ok,91,3.2857142857142856,5.138461538461539,3.4939983093829245,3.9930497521202843,,,not_defined_constant_input,not_defined_constant_input,
selection,baseline_global_mean,asset_tag,AST-4055,ok,91,6.428571428571429,5.138461538461539,5.047337278106509,5.883245549102956,,,not_defined_constant_input,not_defined_constant_input,
selection,baseline_global_mean,asset_tag,AST-4061,ok,91,5.406593406593407,5.138461538461539,4.304311073541843,5.161670295232581,,,not_defined_constant_input,not_defined_constant_input,
selection,baseline_global_mean,asset_tag,AST-5003,ok,91,6.329670329670329,5.138461538461539,5.1932375316990695,5.862187382959814,,,not_defined_constant_input,not_defined_constant_input,
selection,baseline_global_mean,asset_tag,AST-5007,ok,91,4.802197802197802,5.138461538461539,3.969737954353339,4.536456998183183,,,not_defined_constant_input,not_defined_constant_input,
selection,baseline_global_mean,expected_score_decile,1,ok,91,5.747252747252747,5.138461538461539,4.375147928994084,5.054552779810337,,,not_defined_constant_input,not_defined_constant_input,5.747252747252747
selection,baseline_global_mean,expected_score_decile,2,ok,91,6.197802197802198,5.138461538461539,4.245139475908707,5.144676113001897,,,not_defined_constant_input,not_defined_constant_input,6.197802197802198
selection,baseline_global_mean,expected_score_decile,3,ok,91,5.186813186813187,5.138461538461539,4.868977176669484,5.566813876636172,,,not_defined_constant_input,not_defined_constant_input,5.186813186813187
selection,baseline_global_mean,expected_score_decile,4,ok,91,5.5054945054945055,5.138461538461539,4.284192730346576,4.918015942582558,,,not_defined_constant_input,not_defined_constant_input,5.5054945054945055
selection,baseline_global_mean,expected_score_decile,5,ok,91,6.3076923076923075,5.138461538461539,4.3459002535925615,5.234911094504957,,,not_defined_constant_input,not_defined_constant_input,6.3076923076923075
selection,baseline_global_mean,expected_score_decile,6,ok,91,5.21978021978022,5.138461538461539,4.62299239222316,5.154967894983381,,,not_defined_constant_input,not_defined_constant_input,5.21978021978022
selection,baseline_global_mean,expected_score_decile,7,ok,91,4.318681318681318,5.138461538461539,4.222992392223161,5.233990604695644,,,not_defined_constant_input,not_defined_constant_input,4.318681318681318
selection,baseline_global_mean,expected_score_decile,8,ok,91,5.417582417582418,5.138461538461539,3.928825021132714,4.738457970599485,,,not_defined_constant_input,not_defined_constant_input,5.417582417582418
selection,baseline_global_mean,expected_score_decile,9,ok,91,5.648351648351649,5.138461538461539,4.232290786136941,4.9485330869455755,,,not_defined_constant_input,not_defined_constant_input,5.648351648351649
selection,baseline_global_mean,expected_score_decile,10,ok,91,3.78021978021978,5.138461538461539,4.569737954353339,5.2992670827709105,,,not_defined_constant_input,not_defined_constant_input,3.78021978021978
selection,baseline_asset_mean,overall,all,ok,910,5.332967032967033,5.138461538461537,4.2986287217056445,5.063546194158713,0.16571052903875833,0.13342893068388223,ok,ok,
selection,baseline_asset_mean,machine_type,Belt Conveyor,ok,182,4.4010989010989015,4.442002442002441,3.7478364126715777,4.421749759388789,0.2481252868217868,0.2053590369728765,ok,ok,
selection,baseline_asset_mean,machine_type,CNC Lathe,ok,182,4.736263736263736,4.833333333333334,3.862369010720659,4.610999929631743,0.06424912019132936,0.035379978434108166,ok,ok,
selection,baseline_asset_mean,machine_type,EOT Crane,ok,182,5.565934065934066,4.95970695970696,4.547229937339826,5.208393566809009,0.14619911972050548,0.12859982306895548,ok,ok,
selection,baseline_asset_mean,machine_type,Hydraulic Press,ok,182,6.043956043956044,5.9670329670329645,4.6770518858430945,5.504446440616162,0.11316743423287848,0.10386520041958479,ok,ok,
selection,baseline_asset_mean,machine_type,Screw Compressor,ok,182,5.917582417582418,5.49023199023199,4.658656361953065,5.473391531015093,0.09326126434309877,0.08555954416497136,ok,ok,
selection,baseline_asset_mean,asset_tag,AST-1041,ok,91,5.032967032967033,5.012210012210012,4.188289122355057,5.017486243575784,,,not_defined_constant_input,not_defined_constant_input,
selection,baseline_asset_mean,asset_tag,AST-1042,ok,91,4.43956043956044,4.654456654456655,3.5364488990862615,4.165029711497344,,,not_defined_constant_input,not_defined_constant_input,
selection,baseline_asset_mean,asset_tag,AST-2017,ok,91,6.670329670329671,6.3699633699633695,4.768023185605604,5.641603604852493,,,not_defined_constant_input,not_defined_constant_input,
selection,baseline_asset_mean,asset_tag,AST-2031,ok,91,5.417582417582418,5.564102564102562,4.586080586080585,5.363783179896372,,,not_defined_constant_input,not_defined_constant_input,
selection,baseline_asset_mean,asset_tag,AST-3008,ok,91,5.516483516483516,4.791208791208791,4.396087429054463,5.093190246362473,,,not_defined_constant_input,not_defined_constant_input,
selection,baseline_asset_mean,asset_tag,AST-3019,ok,91,3.2857142857142856,4.092796092796093,3.0995853962886932,3.6281062530840797,,,not_defined_constant_input,not_defined_constant_input,
selection,baseline_asset_mean,asset_tag,AST-4055,ok,91,6.428571428571429,6.1269841269841265,5.012558869701728,5.7479691685811165,,,not_defined_constant_input,not_defined_constant_input,
selection,baseline_asset_mean,asset_tag,AST-4061,ok,91,5.406593406593407,4.853479853479852,4.304753854204403,5.184291672023904,,,not_defined_constant_input,not_defined_constant_input,
selection,baseline_asset_mean,asset_tag,AST-5003,ok,91,6.329670329670329,5.954822954822955,5.1663245179728685,5.752110315624178,,,not_defined_constant_input,not_defined_constant_input,
selection,baseline_asset_mean,asset_tag,AST-5007,ok,91,4.802197802197802,3.9645909645909656,3.9281353567067847,4.600864485120688,,,not_defined_constant_input,not_defined_constant_input,
selection,baseline_asset_mean,expected_score_decile,1,ok,91,4.802197802197802,3.9645909645909656,3.9281353567067847,4.600864485120688,,,not_defined_constant_input,not_defined_constant_input,4.802197802197802
selection,baseline_asset_mean,expected_score_decile,2,ok,91,3.2857142857142856,4.092796092796093,3.0995853962886932,3.6281062530840797,,,not_defined_constant_input,not_defined_constant_input,3.2857142857142856
selection,baseline_asset_mean,expected_score_decile,3,ok,91,4.43956043956044,4.654456654456655,3.5364488990862615,4.165029711497344,,,not_defined_constant_input,not_defined_constant_input,4.43956043956044
selection,baseline_asset_mean,expected_score_decile,4,ok,91,5.516483516483516,4.791208791208791,4.396087429054463,5.093190246362473,,,not_defined_constant_input,not_defined_constant_input,5.516483516483516
selection,baseline_asset_mean,expected_score_decile,5,ok,91,5.406593406593407,4.853479853479852,4.304753854204403,5.184291672023904,,,not_defined_constant_input,not_defined_constant_input,5.406593406593407
selection,baseline_asset_mean,expected_score_decile,6,ok,91,5.032967032967033,5.012210012210012,4.188289122355057,5.017486243575784,,,not_defined_constant_input,not_defined_constant_input,5.032967032967033
selection,baseline_asset_mean,expected_score_decile,7,ok,91,5.417582417582418,5.564102564102562,4.586080586080585,5.363783179896372,,,not_defined_constant_input,not_defined_constant_input,5.417582417582418
selection,baseline_asset_mean,expected_score_decile,8,ok,91,6.329670329670329,5.954822954822955,5.1663245179728685,5.752110315624178,,,not_defined_constant_input,not_defined_constant_input,6.329670329670329
selection,baseline_asset_mean,expected_score_decile,9,ok,91,6.428571428571429,6.1269841269841265,5.012558869701728,5.7479691685811165,,,not_defined_constant_input,not_defined_constant_input,6.428571428571429
selection,baseline_asset_mean,expected_score_decile,10,ok,91,6.670329670329671,6.3699633699633695,4.768023185605604,5.641603604852493,,,not_defined_constant_input,not_defined_constant_input,6.670329670329671
calibration,baseline_global_mean,overall,all,ok,910,4.964835164835165,5.13846153846154,4.13119188503804,4.8783337648440215,,,not_defined_constant_input,not_defined_constant_input,
calibration,baseline_global_mean,machine_type,Belt Conveyor,ok,182,4.010989010989011,5.138461538461539,3.6390532544378695,4.265460170359078,,,not_defined_constant_input,not_defined_constant_input,
calibration,baseline_global_mean,machine_type,CNC Lathe,ok,182,4.2967032967032965,5.138461538461539,4.185460693153001,4.806666264138775,,,not_defined_constant_input,not_defined_constant_input,
calibration,baseline_global_mean,machine_type,EOT Crane,ok,182,5.483516483516484,5.138461538461539,4.293322062552831,5.203084461364039,,,not_defined_constant_input,not_defined_constant_input,
calibration,baseline_global_mean,machine_type,Hydraulic Press,ok,182,5.648351648351649,5.138461538461539,4.414201183431952,5.159442590480413,,,not_defined_constant_input,not_defined_constant_input,
calibration,baseline_global_mean,machine_type,Screw Compressor,ok,182,5.384615384615385,5.138461538461539,4.123922231614539,4.899038151495208,,,not_defined_constant_input,not_defined_constant_input,
calibration,baseline_global_mean,asset_tag,AST-1041,ok,91,4.637362637362638,5.138461538461539,4.149788672865595,4.748490884530934,,,not_defined_constant_input,not_defined_constant_input,
calibration,baseline_global_mean,asset_tag,AST-1042,ok,91,3.956043956043956,5.138461538461539,4.221132713440405,4.864145913636457,,,not_defined_constant_input,not_defined_constant_input,
calibration,baseline_global_mean,asset_tag,AST-2017,ok,91,6.472527472527473,5.138461538461539,4.868469991546913,5.614577693039342,,,not_defined_constant_input,not_defined_constant_input,
calibration,baseline_global_mean,asset_tag,AST-2031,ok,91,4.824175824175824,5.138461538461539,3.95993237531699,4.660065773972668,,,not_defined_constant_input,not_defined_constant_input,
calibration,baseline_global_mean,asset_tag,AST-3008,ok,91,4.21978021978022,5.138461538461539,3.6094674556213024,4.26125678443869,,,not_defined_constant_input,not_defined_constant_input,
calibration,baseline_global_mean,asset_tag,AST-3019,ok,91,3.802197802197802,5.138461538461539,3.6686390532544375,4.269659418140354,,,not_defined_constant_input,not_defined_constant_input,
calibration,baseline_global_mean,asset_tag,AST-4055,ok,91,5.516483516483516,5.138461538461539,4.295181741335587,5.083618628506808,,,not_defined_constant_input,not_defined_constant_input,
calibration,baseline_global_mean,asset_tag,AST-4061,ok,91,5.252747252747253,5.138461538461539,3.952662721893491,4.707225431133474,,,not_defined_constant_input,not_defined_constant_input,
calibration,baseline_global_mean,asset_tag,AST-5003,ok,91,6.758241758241758,5.138461538461539,4.944209636517328,5.970105860858441,,,not_defined_constant_input,not_defined_constant_input,
calibration,baseline_global_mean,asset_tag,AST-5007,ok,91,4.208791208791209,5.138461538461539,3.642434488588335,4.301396498152609,,,not_defined_constant_input,not_defined_constant_input,
calibration,baseline_global_mean,expected_score_decile,1,ok,91,5.428571428571429,5.138461538461539,3.899577345731192,4.6668630961356365,,,not_defined_constant_input,not_defined_constant_input,5.428571428571429
calibration,baseline_global_mean,expected_score_decile,2,ok,91,5.56043956043956,5.138461538461539,4.257311918850381,5.0061737033316165,,,not_defined_constant_input,not_defined_constant_input,5.56043956043956
calibration,baseline_global_mean,expected_score_decile,3,ok,91,4.153846153846154,5.138461538461539,3.795097210481825,4.342566836406316,,,not_defined_constant_input,not_defined_constant_input,4.153846153846154
calibration,baseline_global_mean,expected_score_decile,4,ok,91,4.747252747252747,5.138461538461539,4.0868977176669485,4.772993907062469,,,not_defined_constant_input,not_defined_constant_input,4.747252747252747
calibration,baseline_global_mean,expected_score_decile,5,ok,91,5.153846153846154,5.138461538461539,3.787827557058326,4.574016068226284,,,not_defined_constant_input,not_defined_constant_input,5.153846153846154
calibration,baseline_global_mean,expected_score_decile,6,ok,91,4.5054945054945055,5.138461538461539,4.024006762468299,4.684796726853339,,,not_defined_constant_input,not_defined_constant_input,4.5054945054945055
calibration,baseline_global_mean,expected_score_decile,7,ok,91,4.593406593406593,5.138461538461539,4.438546069315301,5.10654693896948,,,not_defined_constant_input,not_defined_constant_input,4.593406593406593
calibration,baseline_global_mean,expected_score_decile,8,ok,91,5.956043956043956,5.138461538461539,4.122400676246831,4.933238140012026,,,not_defined_constant_input,not_defined_constant_input,5.956043956043956
calibration,baseline_global_mean,expected_score_decile,9,ok,91,5.263736263736264,5.138461538461539,4.223668639053255,5.1045104613344865,,,not_defined_constant_input,not_defined_constant_input,5.263736263736264
calibration,baseline_global_mean,expected_score_decile,10,ok,91,4.285714285714286,5.138461538461539,4.67658495350803,5.491996789919882,,,not_defined_constant_input,not_defined_constant_input,4.285714285714286
calibration,baseline_asset_mean,overall,all,ok,910,4.964835164835165,5.138461538461537,4.0543385796133045,4.806398779413122,0.17144689105620028,0.14775646185077304,ok,ok,
calibration,baseline_asset_mean,machine_type,Belt Conveyor,ok,182,4.010989010989011,4.442002442002441,3.4692267439520186,4.13338255974664,0.05075444625700538,0.04628729946693738,ok,ok,
calibration,baseline_asset_mean,machine_type,CNC Lathe,ok,182,4.2967032967032965,4.833333333333334,4.08147835070912,4.753270482176505,0.07198468005435779,0.08278070641493519,ok,ok,
calibration,baseline_asset_mean,machine_type,EOT Crane,ok,182,5.483516483516484,4.95970695970696,4.169531323377477,5.0676087297101775,0.24553467893526526,0.21927419349195013,ok,ok,
calibration,baseline_asset_mean,machine_type,Hydraulic Press,ok,182,5.648351648351649,5.9670329670329645,4.418790001207584,5.095056390162947,0.16052708596559498,0.1495101117634509,ok,ok,
calibration,baseline_asset_mean,machine_type,Screw Compressor,ok,182,5.384615384615385,5.49023199023199,4.132666478820324,4.918196479950404,0.02695118927390271,0.01614698993415541,ok,ok,
calibration,baseline_asset_mean,asset_tag,AST-1041,ok,91,4.637362637362638,5.012210012210012,4.123428464087804,4.73683186594382,,,not_defined_constant_input,not_defined_constant_input,
calibration,baseline_asset_mean,asset_tag,AST-1042,ok,91,3.956043956043956,4.654456654456655,4.039528237330436,4.7696524430235065,,,not_defined_constant_input,not_defined_constant_input,
calibration,baseline_asset_mean,asset_tag,AST-2017,ok,91,6.472527472527473,6.3699633699633695,4.798132270659744,5.454747487269649,,,not_defined_constant_input,not_defined_constant_input,
calibration,baseline_asset_mean,asset_tag,AST-2031,ok,91,4.824175824175824,5.564102564102562,4.039447731755423,4.707964431472058,,,not_defined_constant_input,not_defined_constant_input,
calibration,baseline_asset_mean,asset_tag,AST-3008,ok,91,4.21978021978022,4.791208791208791,3.5324236203357082,4.200102930866768,,,not_defined_constant_input,not_defined_constant_input,
calibration,baseline_asset_mean,asset_tag,AST-3019,ok,91,3.802197802197802,4.092796092796093,3.4060298675683294,4.065567382366175,,,not_defined_constant_input,not_defined_constant_input,
calibration,baseline_asset_mean,asset_tag,AST-4055,ok,91,5.516483516483516,6.1269841269841265,4.3122274550845985,5.106171632412625,,,not_defined_constant_input,not_defined_constant_input,
calibration,baseline_asset_mean,asset_tag,AST-4061,ok,91,5.252747252747253,4.853479853479852,3.9531055025560518,4.722745440010257,,,not_defined_constant_input,not_defined_constant_input,
calibration,baseline_asset_mean,asset_tag,AST-5003,ok,91,6.758241758241758,5.954822954822955,4.809644567886325,5.802064960266469,,,not_defined_constant_input,not_defined_constant_input,
calibration,baseline_asset_mean,asset_tag,AST-5007,ok,91,4.208791208791209,3.9645909645909656,3.5294180788686282,4.206822871445581,,,not_defined_constant_input,not_defined_constant_input,
calibration,baseline_asset_mean,expected_score_decile,1,ok,91,4.208791208791209,3.9645909645909656,3.5294180788686282,4.206822871445581,,,not_defined_constant_input,not_defined_constant_input,4.208791208791209
calibration,baseline_asset_mean,expected_score_decile,2,ok,91,3.802197802197802,4.092796092796093,3.4060298675683294,4.065567382366175,,,not_defined_constant_input,not_defined_constant_input,3.802197802197802
calibration,baseline_asset_mean,expected_score_decile,3,ok,91,3.956043956043956,4.654456654456655,4.039528237330436,4.7696524430235065,,,not_defined_constant_input,not_defined_constant_input,3.956043956043956
calibration,baseline_asset_mean,expected_score_decile,4,ok,91,4.21978021978022,4.791208791208791,3.5324236203357082,4.200102930866768,,,not_defined_constant_input,not_defined_constant_input,4.21978021978022
calibration,baseline_asset_mean,expected_score_decile,5,ok,91,5.252747252747253,4.853479853479852,3.9531055025560518,4.722745440010257,,,not_defined_constant_input,not_defined_constant_input,5.252747252747253
calibration,baseline_asset_mean,expected_score_decile,6,ok,91,4.637362637362638,5.012210012210012,4.123428464087804,4.73683186594382,,,not_defined_constant_input,not_defined_constant_input,4.637362637362638
calibration,baseline_asset_mean,expected_score_decile,7,ok,91,4.824175824175824,5.564102564102562,4.039447731755423,4.707964431472058,,,not_defined_constant_input,not_defined_constant_input,4.824175824175824
calibration,baseline_asset_mean,expected_score_decile,8,ok,91,6.758241758241758,5.954822954822955,4.809644567886325,5.802064960266469,,,not_defined_constant_input,not_defined_constant_input,6.758241758241758
calibration,baseline_asset_mean,expected_score_decile,9,ok,91,5.516483516483516,6.1269841269841265,4.3122274550845985,5.106171632412625,,,not_defined_constant_input,not_defined_constant_input,5.516483516483516
calibration,baseline_asset_mean,expected_score_decile,10,ok,91,6.472527472527473,6.3699633699633695,4.798132270659744,5.454747487269649,,,not_defined_constant_input,not_defined_constant_input,6.472527472527473
test,baseline_global_mean,overall,all,ok,1850,5.2005405405405405,5.138461538461541,4.196415800415801,5.017576080791528,,,not_defined_constant_input,not_defined_constant_input,
test,baseline_global_mean,machine_type,Belt Conveyor,ok,370,4.554054054054054,5.138461538461539,3.735509355509356,4.365647779807949,,,not_defined_constant_input,not_defined_constant_input,
test,baseline_global_mean,machine_type,CNC Lathe,ok,370,4.575675675675676,5.138461538461539,3.692266112266113,4.408704661818292,,,not_defined_constant_input,not_defined_constant_input,
test,baseline_global_mean,machine_type,EOT Crane,ok,370,5.010810810810811,5.138461538461539,4.144532224532225,4.923189967517097,,,not_defined_constant_input,not_defined_constant_input,
test,baseline_global_mean,machine_type,Hydraulic Press,ok,370,5.910810810810811,5.138461538461539,4.705405405405405,5.636457200060275,,,not_defined_constant_input,not_defined_constant_input,
test,baseline_global_mean,machine_type,Screw Compressor,ok,370,5.951351351351351,5.138461538461539,4.704365904365905,5.601548185618295,,,not_defined_constant_input,not_defined_constant_input,
test,baseline_global_mean,asset_tag,AST-1041,ok,185,4.551351351351351,5.138461538461539,3.694968814968816,4.391349826922792,,,not_defined_constant_input,not_defined_constant_input,
test,baseline_global_mean,asset_tag,AST-1042,ok,185,4.6,5.138461538461539,3.689563409563409,4.425991446880781,,,not_defined_constant_input,not_defined_constant_input,
test,baseline_global_mean,asset_tag,AST-2017,ok,185,6.302702702702702,5.138461538461539,4.863534303534304,5.909135521913857,,,not_defined_constant_input,not_defined_constant_input,
test,baseline_global_mean,asset_tag,AST-2031,ok,185,5.518918918918919,5.138461538461539,4.547276507276508,5.349898776601148,,,not_defined_constant_input,not_defined_constant_input,
test,baseline_global_mean,asset_tag,AST-3008,ok,185,4.675675675675675,5.138461538461539,3.654137214137214,4.186311109277742,,,not_defined_constant_input,not_defined_constant_input,
test,baseline_global_mean,asset_tag,AST-3019,ok,185,4.4324324324324325,5.138461538461539,3.8168814968814972,4.537902640099489,,,not_defined_constant_input,not_defined_constant_input,
test,baseline_global_mean,asset_tag,AST-4055,ok,185,6.4972972972972975,5.138461538461539,5.072266112266113,5.915549392253111,,,not_defined_constant_input,not_defined_constant_input,
test,baseline_global_mean,asset_tag,AST-4061,ok,185,5.405405405405405,5.138461538461539,4.336465696465697,5.268867007186752,,,not_defined_constant_input,not_defined_constant_input,
test,baseline_global_mean,asset_tag,AST-5003,ok,185,6.1891891891891895,5.138461538461539,4.677338877338877,5.596632031923453,,,not_defined_constant_input,not_defined_constant_input,
test,baseline_global_mean,asset_tag,AST-5007,ok,185,3.8324324324324324,5.138461538461539,3.611725571725572,4.141655322666332,,,not_defined_constant_input,not_defined_constant_input,
test,baseline_global_mean,expected_score_decile,1,ok,185,6.059459459459459,5.138461538461539,4.187858627858628,5.146118885237799,,,not_defined_constant_input,not_defined_constant_input,6.059459459459459
test,baseline_global_mean,expected_score_decile,2,ok,185,5.010810810810811,5.138461538461539,4.5607484407484415,5.325610179179971,,,not_defined_constant_input,not_defined_constant_input,5.010810810810811
test,baseline_global_mean,expected_score_decile,3,ok,185,4.6702702702702705,5.138461538461539,3.9853638253638257,4.60636401916425,,,not_defined_constant_input,not_defined_constant_input,4.6702702702702705
test,baseline_global_mean,expected_score_decile,4,ok,185,5.308108108108108,5.138461538461539,4.078170478170478,4.910420321183236,,,not_defined_constant_input,not_defined_constant_input,5.308108108108108
test,baseline_global_mean,expected_score_decile,5,ok,185,4.859459459459459,5.138461538461539,4.3042827442827445,5.16785634138573,,,not_defined_constant_input,not_defined_constant_input,4.859459459459459
test,baseline_global_mean,expected_score_decile,6,ok,185,5.1567567567567565,5.138461538461539,4.174303534303535,4.965021420890271,,,not_defined_constant_input,not_defined_constant_input,5.1567567567567565
test,baseline_global_mean,expected_score_decile,7,ok,185,5.2594594594594595,5.138461538461539,4.262869022869023,5.119255878078598,,,not_defined_constant_input,not_defined_constant_input,5.2594594594594595
test,baseline_global_mean,expected_score_decile,8,ok,185,4.691891891891892,5.138461538461539,3.885072765072766,4.610406185392642,,,not_defined_constant_input,not_defined_constant_input,4.691891891891892
test,baseline_global_mean,expected_score_decile,9,ok,185,5.745945945945946,5.138461538461539,4.233762993762994,5.244988012222791,,,not_defined_constant_input,not_defined_constant_input,5.745945945945946
test,baseline_global_mean,expected_score_decile,10,ok,185,5.243243243243243,5.138461538461539,4.291725571725571,5.025387013253424,,,not_defined_constant_input,not_defined_constant_input,5.243243243243243
test,baseline_asset_mean,overall,all,ok,1850,5.2005405405405405,5.138461538461538,4.136166716166716,4.95025797549533,0.16336598270977817,0.13413284019132055,ok,ok,
test,baseline_asset_mean,machine_type,Belt Conveyor,ok,370,4.554054054054054,4.442002442002441,3.6448239448239446,4.332078829229438,0.02811179824152683,0.04838240291195205,ok,ok,
test,baseline_asset_mean,machine_type,CNC Lathe,ok,370,4.575675675675676,4.833333333333333,3.652780252780253,4.384864343544096,-0.005562850929822116,-0.004522274594333908,ok,ok,
test,baseline_asset_mean,machine_type,EOT Crane,ok,370,5.010810810810811,4.959706959706961,4.0105600105600105,4.782167484528143,0.2394331092288795,0.2012809650894266,ok,ok,
test,baseline_asset_mean,machine_type,Hydraulic Press,ok,370,5.910810810810811,5.967032967032967,4.713800613800614,5.569814170531946,0.07019013829891868,0.055827318238535754,ok,ok,
test,baseline_asset_mean,machine_type,Screw Compressor,ok,370,5.951351351351351,5.490231990231989,4.658868758868759,5.535284281904285,0.09850616507732292,0.09914427182977577,ok,ok,
test,baseline_asset_mean,asset_tag,AST-1041,ok,185,4.551351351351351,5.012210012210012,3.6724482724482725,4.376259320000898,,,not_defined_constant_input,not_defined_constant_input,
test,baseline_asset_mean,asset_tag,AST-1042,ok,185,4.6,4.654456654456654,3.633112233112233,4.393452513305916,,,not_defined_constant_input,not_defined_constant_input,
test,baseline_asset_mean,asset_tag,AST-2017,ok,185,6.302702702702702,6.36996336996337,4.85961785961786,5.7936990882501735,,,not_defined_constant_input,not_defined_constant_input,
test,baseline_asset_mean,asset_tag,AST-2031,ok,185,5.518918918918919,5.564102564102563,4.567983367983368,5.336544824446436,,,not_defined_constant_input,not_defined_constant_input,
test,baseline_asset_mean,asset_tag,AST-3008,ok,185,4.675675675675675,4.79120879120879,3.6132462132462133,4.16225634117513,,,not_defined_constant_input,not_defined_constant_input,
test,baseline_asset_mean,asset_tag,AST-3019,ok,185,4.4324324324324325,4.0927960927960925,3.6764016764016763,4.495490642373002,,,not_defined_constant_input,not_defined_constant_input,
test,baseline_asset_mean,asset_tag,AST-4055,ok,185,6.4972972972972975,6.126984126984127,4.987215787215787,5.769265277035092,,,not_defined_constant_input,not_defined_constant_input,
test,baseline_asset_mean,asset_tag,AST-4061,ok,185,5.405405405405405,4.853479853479853,4.33052173052173,5.2909661051825365,,,not_defined_constant_input,not_defined_constant_input,
test,baseline_asset_mean,asset_tag,AST-5003,ok,185,6.1891891891891895,5.954822954822956,4.655275055275055,5.502107690381841,,,not_defined_constant_input,not_defined_constant_input,
test,baseline_asset_mean,asset_tag,AST-5007,ok,185,3.8324324324324324,3.964590964590966,3.365844965844966,3.932564387724308,,,not_defined_constant_input,not_defined_constant_input,
test,baseline_asset_mean,expected_score_decile,1,ok,185,3.8324324324324324,3.964590964590966,3.365844965844966,3.932564387724308,,,not_defined_constant_input,not_defined_constant_input,3.8324324324324324
test,baseline_asset_mean,expected_score_decile,2,ok,185,4.4324324324324325,4.0927960927960925,3.6764016764016763,4.495490642373002,,,not_defined_constant_input,not_defined_constant_input,4.4324324324324325
test,baseline_asset_mean,expected_score_decile,3,ok,185,4.6,4.654456654456654,3.633112233112233,4.393452513305916,,,not_defined_constant_input,not_defined_constant_input,4.6
test,baseline_asset_mean,expected_score_decile,4,ok,185,4.675675675675675,4.79120879120879,3.6132462132462133,4.16225634117513,,,not_defined_constant_input,not_defined_constant_input,4.675675675675675
test,baseline_asset_mean,expected_score_decile,5,ok,185,5.405405405405405,4.853479853479853,4.33052173052173,5.2909661051825365,,,not_defined_constant_input,not_defined_constant_input,5.405405405405405
test,baseline_asset_mean,expected_score_decile,6,ok,185,4.551351351351351,5.012210012210012,3.6724482724482725,4.376259320000898,,,not_defined_constant_input,not_defined_constant_input,4.551351351351351
test,baseline_asset_mean,expected_score_decile,7,ok,185,5.518918918918919,5.564102564102563,4.567983367983368,5.336544824446436,,,not_defined_constant_input,not_defined_constant_input,5.518918918918919
test,baseline_asset_mean,expected_score_decile,8,ok,185,6.1891891891891895,5.954822954822956,4.655275055275055,5.502107690381841,,,not_defined_constant_input,not_defined_constant_input,6.1891891891891895
test,baseline_asset_mean,expected_score_decile,9,ok,185,6.4972972972972975,6.126984126984127,4.987215787215787,5.769265277035092,,,not_defined_constant_input,not_defined_constant_input,6.4972972972972975
test,baseline_asset_mean,expected_score_decile,10,ok,185,6.302702702702702,6.36996336996337,4.85961785961786,5.7936990882501735,,,not_defined_constant_input,not_defined_constant_input,6.302702702702702
