split,model_variant,high_risk_threshold,status,accuracy,macro_precision,macro_recall,macro_f1,weighted_f1,normal_precision,caution_precision,risk_precision,high_risk_precision,normal_recall,caution_recall,risk_recall,high_risk_recall,normal_f1,caution_f1,risk_f1,high_risk_f1,normal_support,caution_support,risk_support,high_risk_support
train,A1,12,ok,0.6321428571428571,0.7421052405387517,0.5214568798530538,0.5013510356800959,0.5924804387783316,1.0,0.5364396654719236,0.4690183337201207,0.9629629629629629,0.8710217755443886,0.2624196376388077,0.8962305986696231,0.056155507559395246,0.9310653536257834,0.35243328100470955,0.6157830591102986,0.10612244897959183,2388,1711,2255,926
train,A1,13,ok,0.6627747252747253,0.7752037202813362,0.5067816416313431,0.481372192000041,0.6075239248641723,1.0,0.5804480651731161,0.5203668159522287,1.0,0.8710217755443886,0.16656925774400935,0.9579897919120534,0.031545741324921134,0.9310653536257834,0.25885558583106266,0.6744057490326147,0.06116207951070336,2388,1711,2547,634
train,A2,12,ok,0.6164835164835165,0.7299133882969081,0.502196809580754,0.4732369338992671,0.5702639613942747,1.0,0.5020134228187919,0.45335441608312627,0.9642857142857143,0.8710217755443886,0.21858562244301577,0.8900221729490022,0.029157667386609073,0.9310653536257834,0.30456026058631924,0.6007183478000598,0.05660377358490566,2388,1711,2255,926
train,A2,13,ok,0.6519230769230769,0.7650432315724062,0.4933236898553793,0.46020695595042305,0.5911734400975659,1.0,0.5518867924528302,0.5082861338367947,1.0,0.8710217755443886,0.13676212741087085,0.9513152728700431,0.014195583596214511,0.9310653536257834,0.21920374707259954,0.6625649439431228,0.027993779160186624,2388,1711,2547,634
train,B0,12,ok,0.2785714285714286,0.14521193092621665,0.27167914408010774,0.17635404604664512,0.1893258467524625,0.0,0.2607927786499215,0.32005494505494503,0.0,0.0,0.7767387492694331,0.3099778270509978,0.0,0.0,0.3904803878360511,0.3149357963505294,0.0,2388,1711,2255,926
train,B0,13,ok,0.3075549450549451,0.15868246336996336,0.2759759421760442,0.19412595549572442,0.22739041428596934,0.0,0.2683150183150183,0.36641483516483514,0.0,0.0,0.684979544126242,0.4189242245779348,0.0,0.0,0.3855897351538082,0.39091408682908957,0.0,2388,1711,2547,634
selection,A1,12,ok,0.6175824175824176,0.7366490299823634,0.5102342534432087,0.48096661543671926,0.5666688583664606,1.0,0.49333333333333335,0.4532627865961199,1.0,0.8783783783783784,0.185,0.9178571428571428,0.05970149253731343,0.935251798561151,0.2690909090909091,0.6068476977567887,0.11267605633802817,296,200,280,134
selection,A1,13,ok,0.6450549450549451,0.7724212398373984,0.49438056081102455,0.4535161989771578,0.5727072644213601,1.0,0.59375,0.4959349593495935,1.0,0.8783783783783784,0.095,0.9744408945686901,0.0297029702970297,0.935251798561151,0.16379310344827586,0.6573275862068966,0.057692307692307696,296,200,313,101
selection,A2,12,ok,0.6120879120879121,0.7404214559386972,0.502297153229989,0.46706419690051015,0.5549173892769779,1.0,0.5172413793103449,0.4444444444444444,1.0,0.8783783783783784,0.15,0.9285714285714286,0.05223880597014925,0.935251798561151,0.23255813953488372,0.6011560693641619,0.09929078014184398,296,200,280,134
selection,A2,13,ok,0.6307692307692307,0.7319510477196689,0.4756800657615196,0.41861014444730404,0.544780417083226,1.0,0.4444444444444444,0.48335974643423135,1.0,0.8783783783783784,0.04,0.9744408945686901,0.009900990099009901,0.935251798561151,0.07339449541284404,0.6461864406779662,0.0196078431372549,296,200,313,101
selection,B0,12,ok,0.2692307692307692,0.14063317634746206,0.27589285714285716,0.17243297663877494,0.17861484582595238,0.0,0.25117739403453687,0.31135531135531136,0.0,0.0,0.8,0.30357142857142855,0.0,0.0,0.3823178016726404,0.3074141048824593,0.0,296,200,280,134
selection,B0,13,ok,0.29120879120879123,0.1504120879120879,0.2739376996805112,0.18628945711445782,0.21035981296474482,0.0,0.25274725274725274,0.3489010989010989,0.0,0.0,0.69,0.4057507987220447,0.0,0.0,0.3699731903485255,0.37518463810930575,0.0,296,200,313,101
calibration,A1,12,ok,0.6054945054945055,0.47267883139460926,0.48699176293268354,0.46136242260154503,0.5695538771283347,1.0,0.43884892086330934,0.4518664047151277,0.0,0.8813559322033898,0.26521739130434785,0.8013937282229965,0.0,0.9369369369369369,0.33062330623306235,0.5778894472361809,0.0,295,230,287,98
calibration,A1,13,ok,0.6362637362637362,0.48662280701754385,0.48336182289674734,0.4520052966386615,0.5842690392606653,1.0,0.45,0.4964912280701754,0.0,0.8813559322033898,0.1565217391304348,0.8955696202531646,0.0,0.9369369369369369,0.23225806451612904,0.6388261851015802,0.0,295,230,316,69
calibration,A2,12,ok,0.6054945054945055,0.4731060606060606,0.48526475187375306,0.45596078988717026,0.5644787089484723,1.0,0.44166666666666665,0.45075757575757575,0.0,0.8813559322033898,0.23043478260869565,0.8292682926829268,0.0,0.9369369369369369,0.3028571428571429,0.5840490797546012,0.0,295,230,287,98
calibration,A2,13,ok,0.634065934065934,0.4826631701631702,0.481187909853269,0.44877588627588627,0.5808681665824523,1.0,0.4358974358974359,0.49475524475524474,0.0,0.8813559322033898,0.14782608695652175,0.8955696202531646,0.0,0.9369369369369369,0.22077922077922077,0.6373873873873874,0.0,295,230,316,69
calibration,B0,12,ok,0.3120879120879121,0.16274201988487702,0.28753976670201487,0.19476643598615917,0.2188298034145785,0.0,0.29199372056514916,0.358974358974359,0.0,0.0,0.808695652173913,0.34146341463414637,0.0,0.0,0.4290657439446367,0.35,0.0,295,230,287,98
calibration,B0,13,ok,0.33406593406593404,0.17193223443223443,0.28813291139240504,0.20888417222559127,0.25092750184927265,0.0,0.2948717948717949,0.39285714285714285,0.0,0.0,0.7,0.4525316455696203,0.0,0.0,0.41494845360824745,0.42058823529411765,0.0,295,230,316,69
test,A1,12,ok,0.6081081081081081,0.5460043702200719,0.4758113403624239,0.4380643020118004,0.5477303825944819,1.0,0.3875968992248062,0.46308724832214765,0.3333333333333333,0.8739495798319328,0.11961722488038277,0.8961038961038961,0.013574660633484163,0.9327354260089686,0.18281535648994515,0.6106194690265486,0.02608695652173913,595,418,616,221
test,A1,13,ok,0.6524324324324324,0.6236992421671756,0.4784438608748919,0.4388553902775182,0.5795153849251011,1.0,0.47619047619047616,0.5186064924782264,0.5,0.8739495798319328,0.07177033492822966,0.9548104956268222,0.013245033112582781,0.9327354260089686,0.12474012474012475,0.672139558748076,0.025806451612903226,595,418,686,151
test,A2,12,ok,0.6097297297297297,0.6074846967167501,0.47916141521017686,0.44393309184525903,0.5495519203900817,1.0,0.38333333333333336,0.46327212020033387,0.5833333333333334,0.8739495798319328,0.11004784688995216,0.900974025974026,0.03167420814479638,0.9327354260089686,0.17100371747211895,0.6119073869900772,0.060085836909871244,595,418,616,221
test,A2,13,ok,0.6518918918918919,0.5762504566412923,0.4753863039106903,0.43053076573495663,0.5741823478654189,1.0,0.4528301886792453,0.5188383045525903,0.3333333333333333,0.8739495798319328,0.05741626794258373,0.9635568513119533,0.006622516556291391,0.9327354260089686,0.10191082802547771,0.6744897959183673,0.012987012987012988,595,418,686,151
test,B0,12,ok,0.2735135135135135,0.14478764478764478,0.2674512987012987,0.17241738591162273,0.1892796957486081,0.0,0.2494208494208494,0.32972972972972975,0.0,0.0,0.7727272727272727,0.29707792207792205,0.0,0.0,0.37711617046117923,0.3125533731853117,0.0,595,418,616,221
test,B0,13,ok,0.30594594594594593,0.15912162162162163,0.2728597932679565,0.19178651153227644,0.2304261435973177,0.0,0.25675675675675674,0.37972972972972974,0.0,0.0,0.6818181818181818,0.4096209912536443,0.0,0.0,0.3730366492146597,0.394109396914446,0.0,595,418,686,151
