criterion,description,feature_set,algorithm,variant,test_rows,actual_failures,failure_rate,always_normal_accuracy,asset_tag,rows,predicted_failures,TP,FP,FN,TN,Precision,Recall,F1,note,status
start_parts_ge_3,전날 고장 부품 3개 미만 → 오늘 3개 이상,센서 8개,로지스틱 회귀,기본,1650,36,0.21818181818181817,0.7866666666666666,AST-1041,165,3,0,3,36,126,0.0,0.0,0.0,,ok
start_parts_ge_3,전날 고장 부품 3개 미만 → 오늘 3개 이상,센서 8개,로지스틱 회귀,기본,1650,30,0.18181818181818182,0.7866666666666666,AST-1042,165,0,0,0,30,135,0.0,0.0,0.0,예측 고장 0건: Precision 해석 불가,ok
start_parts_ge_3,전날 고장 부품 3개 미만 → 오늘 3개 이상,센서 8개,로지스틱 회귀,기본,1650,40,0.24242424242424243,0.7866666666666666,AST-2017,165,0,0,0,40,125,0.0,0.0,0.0,예측 고장 0건: Precision 해석 불가,ok
start_parts_ge_3,전날 고장 부품 3개 미만 → 오늘 3개 이상,센서 8개,로지스틱 회귀,기본,1650,37,0.22424242424242424,0.7866666666666666,AST-2031,165,1,0,1,37,127,0.0,0.0,0.0,,ok
start_parts_ge_3,전날 고장 부품 3개 미만 → 오늘 3개 이상,센서 8개,로지스틱 회귀,기본,1650,33,0.2,0.7866666666666666,AST-3008,165,0,0,0,33,132,0.0,0.0,0.0,예측 고장 0건: Precision 해석 불가,ok
start_parts_ge_3,전날 고장 부품 3개 미만 → 오늘 3개 이상,센서 8개,로지스틱 회귀,기본,1650,32,0.19393939393939394,0.7866666666666666,AST-3019,165,0,0,0,32,133,0.0,0.0,0.0,예측 고장 0건: Precision 해석 불가,ok
start_parts_ge_3,전날 고장 부품 3개 미만 → 오늘 3개 이상,센서 8개,로지스틱 회귀,기본,1650,39,0.23636363636363636,0.7866666666666666,AST-4055,165,0,0,0,39,126,0.0,0.0,0.0,예측 고장 0건: Precision 해석 불가,ok
start_parts_ge_3,전날 고장 부품 3개 미만 → 오늘 3개 이상,센서 8개,로지스틱 회귀,기본,1650,34,0.20606060606060606,0.7866666666666666,AST-4061,165,0,0,0,34,131,0.0,0.0,0.0,예측 고장 0건: Precision 해석 불가,ok
start_parts_ge_3,전날 고장 부품 3개 미만 → 오늘 3개 이상,센서 8개,로지스틱 회귀,기본,1650,42,0.2545454545454545,0.7866666666666666,AST-5003,165,0,0,0,42,123,0.0,0.0,0.0,예측 고장 0건: Precision 해석 불가,ok
start_parts_ge_3,전날 고장 부품 3개 미만 → 오늘 3개 이상,센서 8개,로지스틱 회귀,기본,1650,29,0.17575757575757575,0.7866666666666666,AST-5007,165,0,0,0,29,136,0.0,0.0,0.0,예측 고장 0건: Precision 해석 불가,ok
start_parts_ge_3,전날 고장 부품 3개 미만 → 오늘 3개 이상,센서 8개,로지스틱 회귀,balanced,1650,36,0.21818181818181817,0.7866666666666666,AST-1041,165,139,36,103,0,26,0.2589928057553957,1.0,0.4114285714285714,,ok
start_parts_ge_3,전날 고장 부품 3개 미만 → 오늘 3개 이상,센서 8개,로지스틱 회귀,balanced,1650,30,0.18181818181818182,0.7866666666666666,AST-1042,165,148,30,118,0,17,0.20270270270270271,1.0,0.33707865168539325,,ok
start_parts_ge_3,전날 고장 부품 3개 미만 → 오늘 3개 이상,센서 8개,로지스틱 회귀,balanced,1650,40,0.24242424242424243,0.7866666666666666,AST-2017,165,17,4,13,36,112,0.23529411764705882,0.1,0.14035087719298245,,ok
start_parts_ge_3,전날 고장 부품 3개 미만 → 오늘 3개 이상,센서 8개,로지스틱 회귀,balanced,1650,37,0.22424242424242424,0.7866666666666666,AST-2031,165,160,36,124,1,4,0.225,0.972972972972973,0.36548223350253806,,ok
start_parts_ge_3,전날 고장 부품 3개 미만 → 오늘 3개 이상,센서 8개,로지스틱 회귀,balanced,1650,33,0.2,0.7866666666666666,AST-3008,165,102,29,73,4,59,0.28431372549019607,0.8787878787878788,0.42962962962962964,,ok
start_parts_ge_3,전날 고장 부품 3개 미만 → 오늘 3개 이상,센서 8개,로지스틱 회귀,balanced,1650,32,0.19393939393939394,0.7866666666666666,AST-3019,165,34,10,24,22,109,0.29411764705882354,0.3125,0.30303030303030304,,ok
start_parts_ge_3,전날 고장 부품 3개 미만 → 오늘 3개 이상,센서 8개,로지스틱 회귀,balanced,1650,39,0.23636363636363636,0.7866666666666666,AST-4055,165,117,39,78,0,48,0.3333333333333333,1.0,0.5,,ok
start_parts_ge_3,전날 고장 부품 3개 미만 → 오늘 3개 이상,센서 8개,로지스틱 회귀,balanced,1650,34,0.20606060606060606,0.7866666666666666,AST-4061,165,19,7,12,27,119,0.3684210526315789,0.20588235294117646,0.2641509433962264,,ok
start_parts_ge_3,전날 고장 부품 3개 미만 → 오늘 3개 이상,센서 8개,로지스틱 회귀,balanced,1650,42,0.2545454545454545,0.7866666666666666,AST-5003,165,66,20,46,22,77,0.30303030303030304,0.47619047619047616,0.37037037037037035,,ok
start_parts_ge_3,전날 고장 부품 3개 미만 → 오늘 3개 이상,센서 8개,로지스틱 회귀,balanced,1650,29,0.17575757575757575,0.7866666666666666,AST-5007,165,12,3,9,26,127,0.25,0.10344827586206896,0.14634146341463414,,ok
start_parts_ge_3,전날 고장 부품 3개 미만 → 오늘 3개 이상,센서 8개,랜덤 포레스트,기본,1650,36,0.21818181818181817,0.7866666666666666,AST-1041,165,11,5,6,31,123,0.45454545454545453,0.1388888888888889,0.2127659574468085,,ok
start_parts_ge_3,전날 고장 부품 3개 미만 → 오늘 3개 이상,센서 8개,랜덤 포레스트,기본,1650,30,0.18181818181818182,0.7866666666666666,AST-1042,165,6,3,3,27,132,0.5,0.1,0.16666666666666666,,ok
start_parts_ge_3,전날 고장 부품 3개 미만 → 오늘 3개 이상,센서 8개,랜덤 포레스트,기본,1650,40,0.24242424242424243,0.7866666666666666,AST-2017,165,9,2,7,38,118,0.2222222222222222,0.05,0.08163265306122448,,ok
start_parts_ge_3,전날 고장 부품 3개 미만 → 오늘 3개 이상,센서 8개,랜덤 포레스트,기본,1650,37,0.22424242424242424,0.7866666666666666,AST-2031,165,18,5,13,32,115,0.2777777777777778,0.13513513513513514,0.18181818181818182,,ok
start_parts_ge_3,전날 고장 부품 3개 미만 → 오늘 3개 이상,센서 8개,랜덤 포레스트,기본,1650,33,0.2,0.7866666666666666,AST-3008,165,19,6,13,27,119,0.3157894736842105,0.18181818181818182,0.23076923076923078,,ok
start_parts_ge_3,전날 고장 부품 3개 미만 → 오늘 3개 이상,센서 8개,랜덤 포레스트,기본,1650,32,0.19393939393939394,0.7866666666666666,AST-3019,165,10,4,6,28,127,0.4,0.125,0.19047619047619047,,ok
start_parts_ge_3,전날 고장 부품 3개 미만 → 오늘 3개 이상,센서 8개,랜덤 포레스트,기본,1650,39,0.23636363636363636,0.7866666666666666,AST-4055,165,5,3,2,36,124,0.6,0.07692307692307693,0.13636363636363635,,ok
start_parts_ge_3,전날 고장 부품 3개 미만 → 오늘 3개 이상,센서 8개,랜덤 포레스트,기본,1650,34,0.20606060606060606,0.7866666666666666,AST-4061,165,9,3,6,31,125,0.3333333333333333,0.08823529411764706,0.13953488372093023,,ok
start_parts_ge_3,전날 고장 부품 3개 미만 → 오늘 3개 이상,센서 8개,랜덤 포레스트,기본,1650,42,0.2545454545454545,0.7866666666666666,AST-5003,165,1,0,1,42,122,0.0,0.0,0.0,,ok
start_parts_ge_3,전날 고장 부품 3개 미만 → 오늘 3개 이상,센서 8개,랜덤 포레스트,기본,1650,29,0.17575757575757575,0.7866666666666666,AST-5007,165,1,0,1,29,135,0.0,0.0,0.0,,ok
start_parts_ge_3,전날 고장 부품 3개 미만 → 오늘 3개 이상,센서 8개,랜덤 포레스트,balanced,1650,36,0.21818181818181817,0.7866666666666666,AST-1041,165,3,2,1,34,128,0.6666666666666666,0.05555555555555555,0.10256410256410256,,ok
start_parts_ge_3,전날 고장 부품 3개 미만 → 오늘 3개 이상,센서 8개,랜덤 포레스트,balanced,1650,30,0.18181818181818182,0.7866666666666666,AST-1042,165,6,3,3,27,132,0.5,0.1,0.16666666666666666,,ok
start_parts_ge_3,전날 고장 부품 3개 미만 → 오늘 3개 이상,센서 8개,랜덤 포레스트,balanced,1650,40,0.24242424242424243,0.7866666666666666,AST-2017,165,5,2,3,38,122,0.4,0.05,0.08888888888888889,,ok
start_parts_ge_3,전날 고장 부품 3개 미만 → 오늘 3개 이상,센서 8개,랜덤 포레스트,balanced,1650,37,0.22424242424242424,0.7866666666666666,AST-2031,165,10,0,10,37,118,0.0,0.0,0.0,,ok
start_parts_ge_3,전날 고장 부품 3개 미만 → 오늘 3개 이상,센서 8개,랜덤 포레스트,balanced,1650,33,0.2,0.7866666666666666,AST-3008,165,8,1,7,32,125,0.125,0.030303030303030304,0.04878048780487805,,ok
start_parts_ge_3,전날 고장 부품 3개 미만 → 오늘 3개 이상,센서 8개,랜덤 포레스트,balanced,1650,32,0.19393939393939394,0.7866666666666666,AST-3019,165,6,1,5,31,128,0.16666666666666666,0.03125,0.05263157894736842,,ok
start_parts_ge_3,전날 고장 부품 3개 미만 → 오늘 3개 이상,센서 8개,랜덤 포레스트,balanced,1650,39,0.23636363636363636,0.7866666666666666,AST-4055,165,3,1,2,38,124,0.3333333333333333,0.02564102564102564,0.047619047619047616,,ok
start_parts_ge_3,전날 고장 부품 3개 미만 → 오늘 3개 이상,센서 8개,랜덤 포레스트,balanced,1650,34,0.20606060606060606,0.7866666666666666,AST-4061,165,5,3,2,31,129,0.6,0.08823529411764706,0.15384615384615385,,ok
start_parts_ge_3,전날 고장 부품 3개 미만 → 오늘 3개 이상,센서 8개,랜덤 포레스트,balanced,1650,42,0.2545454545454545,0.7866666666666666,AST-5003,165,1,1,0,41,123,1.0,0.023809523809523808,0.046511627906976744,,ok
start_parts_ge_3,전날 고장 부품 3개 미만 → 오늘 3개 이상,센서 8개,랜덤 포레스트,balanced,1650,29,0.17575757575757575,0.7866666666666666,AST-5007,165,1,0,1,29,135,0.0,0.0,0.0,,ok
start_parts_ge_3,전날 고장 부품 3개 미만 → 오늘 3개 이상,센서+과거변화+설비정보,로지스틱 회귀,기본,1650,36,0.21818181818181817,0.7866666666666666,AST-1041,165,18,6,12,30,117,0.3333333333333333,0.16666666666666666,0.2222222222222222,,ok
start_parts_ge_3,전날 고장 부품 3개 미만 → 오늘 3개 이상,센서+과거변화+설비정보,로지스틱 회귀,기본,1650,30,0.18181818181818182,0.7866666666666666,AST-1042,165,7,2,5,28,130,0.2857142857142857,0.06666666666666667,0.10810810810810811,,ok
start_parts_ge_3,전날 고장 부품 3개 미만 → 오늘 3개 이상,센서+과거변화+설비정보,로지스틱 회귀,기본,1650,40,0.24242424242424243,0.7866666666666666,AST-2017,165,3,2,1,38,124,0.6666666666666666,0.05,0.09302325581395349,,ok
start_parts_ge_3,전날 고장 부품 3개 미만 → 오늘 3개 이상,센서+과거변화+설비정보,로지스틱 회귀,기본,1650,37,0.22424242424242424,0.7866666666666666,AST-2031,165,3,3,0,34,128,1.0,0.08108108108108109,0.15,,ok
start_parts_ge_3,전날 고장 부품 3개 미만 → 오늘 3개 이상,센서+과거변화+설비정보,로지스틱 회귀,기본,1650,33,0.2,0.7866666666666666,AST-3008,165,9,5,4,28,128,0.5555555555555556,0.15151515151515152,0.23809523809523808,,ok
start_parts_ge_3,전날 고장 부품 3개 미만 → 오늘 3개 이상,센서+과거변화+설비정보,로지스틱 회귀,기본,1650,32,0.19393939393939394,0.7866666666666666,AST-3019,165,7,2,5,30,128,0.2857142857142857,0.0625,0.10256410256410256,,ok
start_parts_ge_3,전날 고장 부품 3개 미만 → 오늘 3개 이상,센서+과거변화+설비정보,로지스틱 회귀,기본,1650,39,0.23636363636363636,0.7866666666666666,AST-4055,165,19,11,8,28,118,0.5789473684210527,0.28205128205128205,0.3793103448275862,,ok
start_parts_ge_3,전날 고장 부품 3개 미만 → 오늘 3개 이상,센서+과거변화+설비정보,로지스틱 회귀,기본,1650,34,0.20606060606060606,0.7866666666666666,AST-4061,165,18,8,10,26,121,0.4444444444444444,0.23529411764705882,0.3076923076923077,,ok
start_parts_ge_3,전날 고장 부품 3개 미만 → 오늘 3개 이상,센서+과거변화+설비정보,로지스틱 회귀,기본,1650,42,0.2545454545454545,0.7866666666666666,AST-5003,165,4,3,1,39,122,0.75,0.07142857142857142,0.13043478260869565,,ok
start_parts_ge_3,전날 고장 부품 3개 미만 → 오늘 3개 이상,센서+과거변화+설비정보,로지스틱 회귀,기본,1650,29,0.17575757575757575,0.7866666666666666,AST-5007,165,0,0,0,29,136,0.0,0.0,0.0,예측 고장 0건: Precision 해석 불가,ok
start_parts_ge_3,전날 고장 부품 3개 미만 → 오늘 3개 이상,센서+과거변화+설비정보,로지스틱 회귀,balanced,1650,36,0.21818181818181817,0.7866666666666666,AST-1041,165,86,26,60,10,69,0.3023255813953488,0.7222222222222222,0.4262295081967213,,ok
start_parts_ge_3,전날 고장 부품 3개 미만 → 오늘 3개 이상,센서+과거변화+설비정보,로지스틱 회귀,balanced,1650,30,0.18181818181818182,0.7866666666666666,AST-1042,165,89,22,67,8,68,0.24719101123595505,0.7333333333333333,0.3697478991596639,,ok
start_parts_ge_3,전날 고장 부품 3개 미만 → 오늘 3개 이상,센서+과거변화+설비정보,로지스틱 회귀,balanced,1650,40,0.24242424242424243,0.7866666666666666,AST-2017,165,80,31,49,9,76,0.3875,0.775,0.5166666666666667,,ok
start_parts_ge_3,전날 고장 부품 3개 미만 → 오늘 3개 이상,센서+과거변화+설비정보,로지스틱 회귀,balanced,1650,37,0.22424242424242424,0.7866666666666666,AST-2031,165,99,31,68,6,60,0.31313131313131315,0.8378378378378378,0.45588235294117646,,ok
start_parts_ge_3,전날 고장 부품 3개 미만 → 오늘 3개 이상,센서+과거변화+설비정보,로지스틱 회귀,balanced,1650,33,0.2,0.7866666666666666,AST-3008,165,89,27,62,6,70,0.30337078651685395,0.8181818181818182,0.4426229508196721,,ok
start_parts_ge_3,전날 고장 부품 3개 미만 → 오늘 3개 이상,센서+과거변화+설비정보,로지스틱 회귀,balanced,1650,32,0.19393939393939394,0.7866666666666666,AST-3019,165,77,21,56,11,77,0.2727272727272727,0.65625,0.3853211009174312,,ok
start_parts_ge_3,전날 고장 부품 3개 미만 → 오늘 3개 이상,센서+과거변화+설비정보,로지스틱 회귀,balanced,1650,39,0.23636363636363636,0.7866666666666666,AST-4055,165,86,30,56,9,70,0.3488372093023256,0.7692307692307693,0.48,,ok
start_parts_ge_3,전날 고장 부품 3개 미만 → 오늘 3개 이상,센서+과거변화+설비정보,로지스틱 회귀,balanced,1650,34,0.20606060606060606,0.7866666666666666,AST-4061,165,85,28,57,6,74,0.32941176470588235,0.8235294117647058,0.47058823529411764,,ok
start_parts_ge_3,전날 고장 부품 3개 미만 → 오늘 3개 이상,센서+과거변화+설비정보,로지스틱 회귀,balanced,1650,42,0.2545454545454545,0.7866666666666666,AST-5003,165,80,36,44,6,79,0.45,0.8571428571428571,0.5901639344262295,,ok
start_parts_ge_3,전날 고장 부품 3개 미만 → 오늘 3개 이상,센서+과거변화+설비정보,로지스틱 회귀,balanced,1650,29,0.17575757575757575,0.7866666666666666,AST-5007,165,77,20,57,9,79,0.2597402597402597,0.6896551724137931,0.37735849056603776,,ok
start_parts_ge_3,전날 고장 부품 3개 미만 → 오늘 3개 이상,센서+과거변화+설비정보,랜덤 포레스트,기본,1650,36,0.21818181818181817,0.7866666666666666,AST-1041,165,16,6,10,30,119,0.375,0.16666666666666666,0.23076923076923078,,ok
start_parts_ge_3,전날 고장 부품 3개 미만 → 오늘 3개 이상,센서+과거변화+설비정보,랜덤 포레스트,기본,1650,30,0.18181818181818182,0.7866666666666666,AST-1042,165,10,5,5,25,130,0.5,0.16666666666666666,0.25,,ok
start_parts_ge_3,전날 고장 부품 3개 미만 → 오늘 3개 이상,센서+과거변화+설비정보,랜덤 포레스트,기본,1650,40,0.24242424242424243,0.7866666666666666,AST-2017,165,15,7,8,33,117,0.4666666666666667,0.175,0.2545454545454545,,ok
start_parts_ge_3,전날 고장 부품 3개 미만 → 오늘 3개 이상,센서+과거변화+설비정보,랜덤 포레스트,기본,1650,37,0.22424242424242424,0.7866666666666666,AST-2031,165,11,6,5,31,123,0.5454545454545454,0.16216216216216217,0.25,,ok
start_parts_ge_3,전날 고장 부품 3개 미만 → 오늘 3개 이상,센서+과거변화+설비정보,랜덤 포레스트,기본,1650,33,0.2,0.7866666666666666,AST-3008,165,10,4,6,29,126,0.4,0.12121212121212122,0.18604651162790697,,ok
start_parts_ge_3,전날 고장 부품 3개 미만 → 오늘 3개 이상,센서+과거변화+설비정보,랜덤 포레스트,기본,1650,32,0.19393939393939394,0.7866666666666666,AST-3019,165,5,2,3,30,130,0.4,0.0625,0.10810810810810811,,ok
start_parts_ge_3,전날 고장 부품 3개 미만 → 오늘 3개 이상,센서+과거변화+설비정보,랜덤 포레스트,기본,1650,39,0.23636363636363636,0.7866666666666666,AST-4055,165,23,13,10,26,116,0.5652173913043478,0.3333333333333333,0.41935483870967744,,ok
start_parts_ge_3,전날 고장 부품 3개 미만 → 오늘 3개 이상,센서+과거변화+설비정보,랜덤 포레스트,기본,1650,34,0.20606060606060606,0.7866666666666666,AST-4061,165,10,8,2,26,129,0.8,0.23529411764705882,0.36363636363636365,,ok
start_parts_ge_3,전날 고장 부품 3개 미만 → 오늘 3개 이상,센서+과거변화+설비정보,랜덤 포레스트,기본,1650,42,0.2545454545454545,0.7866666666666666,AST-5003,165,11,8,3,34,120,0.7272727272727273,0.19047619047619047,0.3018867924528302,,ok
start_parts_ge_3,전날 고장 부품 3개 미만 → 오늘 3개 이상,센서+과거변화+설비정보,랜덤 포레스트,기본,1650,29,0.17575757575757575,0.7866666666666666,AST-5007,165,6,2,4,27,132,0.3333333333333333,0.06896551724137931,0.11428571428571428,,ok
start_parts_ge_3,전날 고장 부품 3개 미만 → 오늘 3개 이상,센서+과거변화+설비정보,랜덤 포레스트,balanced,1650,36,0.21818181818181817,0.7866666666666666,AST-1041,165,7,2,5,34,124,0.2857142857142857,0.05555555555555555,0.09302325581395349,,ok
start_parts_ge_3,전날 고장 부품 3개 미만 → 오늘 3개 이상,센서+과거변화+설비정보,랜덤 포레스트,balanced,1650,30,0.18181818181818182,0.7866666666666666,AST-1042,165,13,4,9,26,126,0.3076923076923077,0.13333333333333333,0.18604651162790697,,ok
start_parts_ge_3,전날 고장 부품 3개 미만 → 오늘 3개 이상,센서+과거변화+설비정보,랜덤 포레스트,balanced,1650,40,0.24242424242424243,0.7866666666666666,AST-2017,165,10,6,4,34,121,0.6,0.15,0.24,,ok
start_parts_ge_3,전날 고장 부품 3개 미만 → 오늘 3개 이상,센서+과거변화+설비정보,랜덤 포레스트,balanced,1650,37,0.22424242424242424,0.7866666666666666,AST-2031,165,4,2,2,35,126,0.5,0.05405405405405406,0.0975609756097561,,ok
start_parts_ge_3,전날 고장 부품 3개 미만 → 오늘 3개 이상,센서+과거변화+설비정보,랜덤 포레스트,balanced,1650,33,0.2,0.7866666666666666,AST-3008,165,8,5,3,28,129,0.625,0.15151515151515152,0.24390243902439024,,ok
start_parts_ge_3,전날 고장 부품 3개 미만 → 오늘 3개 이상,센서+과거변화+설비정보,랜덤 포레스트,balanced,1650,32,0.19393939393939394,0.7866666666666666,AST-3019,165,2,0,2,32,131,0.0,0.0,0.0,,ok
start_parts_ge_3,전날 고장 부품 3개 미만 → 오늘 3개 이상,센서+과거변화+설비정보,랜덤 포레스트,balanced,1650,39,0.23636363636363636,0.7866666666666666,AST-4055,165,19,11,8,28,118,0.5789473684210527,0.28205128205128205,0.3793103448275862,,ok
start_parts_ge_3,전날 고장 부품 3개 미만 → 오늘 3개 이상,센서+과거변화+설비정보,랜덤 포레스트,balanced,1650,34,0.20606060606060606,0.7866666666666666,AST-4061,165,4,3,1,31,130,0.75,0.08823529411764706,0.15789473684210525,,ok
start_parts_ge_3,전날 고장 부품 3개 미만 → 오늘 3개 이상,센서+과거변화+설비정보,랜덤 포레스트,balanced,1650,42,0.2545454545454545,0.7866666666666666,AST-5003,165,7,4,3,38,120,0.5714285714285714,0.09523809523809523,0.16326530612244897,,ok
start_parts_ge_3,전날 고장 부품 3개 미만 → 오늘 3개 이상,센서+과거변화+설비정보,랜덤 포레스트,balanced,1650,29,0.17575757575757575,0.7866666666666666,AST-5007,165,3,1,2,28,134,0.3333333333333333,0.034482758620689655,0.0625,,ok
start_severity_ge_10,전날 중요도 10점 미만 → 오늘 10점 이상,센서 8개,로지스틱 회귀,기본,1650,20,0.12121212121212122,0.8472727272727273,AST-1041,165,0,0,0,20,145,0.0,0.0,0.0,예측 고장 0건: Precision 해석 불가,ok
start_severity_ge_10,전날 중요도 10점 미만 → 오늘 10점 이상,센서 8개,로지스틱 회귀,기본,1650,21,0.12727272727272726,0.8472727272727273,AST-1042,165,0,0,0,21,144,0.0,0.0,0.0,예측 고장 0건: Precision 해석 불가,ok
start_severity_ge_10,전날 중요도 10점 미만 → 오늘 10점 이상,센서 8개,로지스틱 회귀,기본,1650,28,0.1696969696969697,0.8472727272727273,AST-2017,165,0,0,0,28,137,0.0,0.0,0.0,예측 고장 0건: Precision 해석 불가,ok
start_severity_ge_10,전날 중요도 10점 미만 → 오늘 10점 이상,센서 8개,로지스틱 회귀,기본,1650,32,0.19393939393939394,0.8472727272727273,AST-2031,165,0,0,0,32,133,0.0,0.0,0.0,예측 고장 0건: Precision 해석 불가,ok
start_severity_ge_10,전날 중요도 10점 미만 → 오늘 10점 이상,센서 8개,로지스틱 회귀,기본,1650,23,0.1393939393939394,0.8472727272727273,AST-3008,165,0,0,0,23,142,0.0,0.0,0.0,예측 고장 0건: Precision 해석 불가,ok
start_severity_ge_10,전날 중요도 10점 미만 → 오늘 10점 이상,센서 8개,로지스틱 회귀,기본,1650,16,0.09696969696969697,0.8472727272727273,AST-3019,165,0,0,0,16,149,0.0,0.0,0.0,예측 고장 0건: Precision 해석 불가,ok
start_severity_ge_10,전날 중요도 10점 미만 → 오늘 10점 이상,센서 8개,로지스틱 회귀,기본,1650,35,0.21212121212121213,0.8472727272727273,AST-4055,165,0,0,0,35,130,0.0,0.0,0.0,예측 고장 0건: Precision 해석 불가,ok
start_severity_ge_10,전날 중요도 10점 미만 → 오늘 10점 이상,센서 8개,로지스틱 회귀,기본,1650,27,0.16363636363636364,0.8472727272727273,AST-4061,165,0,0,0,27,138,0.0,0.0,0.0,예측 고장 0건: Precision 해석 불가,ok
start_severity_ge_10,전날 중요도 10점 미만 → 오늘 10점 이상,센서 8개,로지스틱 회귀,기본,1650,33,0.2,0.8472727272727273,AST-5003,165,0,0,0,33,132,0.0,0.0,0.0,예측 고장 0건: Precision 해석 불가,ok
start_severity_ge_10,전날 중요도 10점 미만 → 오늘 10점 이상,센서 8개,로지스틱 회귀,기본,1650,17,0.10303030303030303,0.8472727272727273,AST-5007,165,0,0,0,17,148,0.0,0.0,0.0,예측 고장 0건: Precision 해석 불가,ok
start_severity_ge_10,전날 중요도 10점 미만 → 오늘 10점 이상,센서 8개,로지스틱 회귀,balanced,1650,20,0.12121212121212122,0.8472727272727273,AST-1041,165,124,20,104,0,41,0.16129032258064516,1.0,0.2777777777777778,,ok
start_severity_ge_10,전날 중요도 10점 미만 → 오늘 10점 이상,센서 8개,로지스틱 회귀,balanced,1650,21,0.12727272727272726,0.8472727272727273,AST-1042,165,135,21,114,0,30,0.15555555555555556,1.0,0.2692307692307692,,ok
start_severity_ge_10,전날 중요도 10점 미만 → 오늘 10점 이상,센서 8개,로지스틱 회귀,balanced,1650,28,0.1696969696969697,0.8472727272727273,AST-2017,165,18,8,10,20,127,0.4444444444444444,0.2857142857142857,0.34782608695652173,,ok
start_severity_ge_10,전날 중요도 10점 미만 → 오늘 10점 이상,센서 8개,로지스틱 회귀,balanced,1650,32,0.19393939393939394,0.8472727272727273,AST-2031,165,165,32,133,0,0,0.19393939393939394,1.0,0.3248730964467005,,ok
start_severity_ge_10,전날 중요도 10점 미만 → 오늘 10점 이상,센서 8개,로지스틱 회귀,balanced,1650,23,0.1393939393939394,0.8472727272727273,AST-3008,165,56,15,41,8,101,0.26785714285714285,0.6521739130434783,0.379746835443038,,ok
start_severity_ge_10,전날 중요도 10점 미만 → 오늘 10점 이상,센서 8개,로지스틱 회귀,balanced,1650,16,0.09696969696969697,0.8472727272727273,AST-3019,165,23,5,18,11,131,0.21739130434782608,0.3125,0.2564102564102564,,ok
start_severity_ge_10,전날 중요도 10점 미만 → 오늘 10점 이상,센서 8개,로지스틱 회귀,balanced,1650,35,0.21212121212121213,0.8472727272727273,AST-4055,165,133,35,98,0,32,0.2631578947368421,1.0,0.4166666666666667,,ok
start_severity_ge_10,전날 중요도 10점 미만 → 오늘 10점 이상,센서 8개,로지스틱 회귀,balanced,1650,27,0.16363636363636364,0.8472727272727273,AST-4061,165,12,2,10,25,128,0.16666666666666666,0.07407407407407407,0.10256410256410256,,ok
start_severity_ge_10,전날 중요도 10점 미만 → 오늘 10점 이상,센서 8개,로지스틱 회귀,balanced,1650,33,0.2,0.8472727272727273,AST-5003,165,91,25,66,8,66,0.27472527472527475,0.7575757575757576,0.4032258064516129,,ok
start_severity_ge_10,전날 중요도 10점 미만 → 오늘 10점 이상,센서 8개,로지스틱 회귀,balanced,1650,17,0.10303030303030303,0.8472727272727273,AST-5007,165,5,3,2,14,146,0.6,0.17647058823529413,0.2727272727272727,,ok
start_severity_ge_10,전날 중요도 10점 미만 → 오늘 10점 이상,센서 8개,랜덤 포레스트,기본,1650,20,0.12121212121212122,0.8472727272727273,AST-1041,165,2,0,2,20,143,0.0,0.0,0.0,,ok
start_severity_ge_10,전날 중요도 10점 미만 → 오늘 10점 이상,센서 8개,랜덤 포레스트,기본,1650,21,0.12727272727272726,0.8472727272727273,AST-1042,165,1,0,1,21,143,0.0,0.0,0.0,,ok
start_severity_ge_10,전날 중요도 10점 미만 → 오늘 10점 이상,센서 8개,랜덤 포레스트,기본,1650,28,0.1696969696969697,0.8472727272727273,AST-2017,165,3,1,2,27,135,0.3333333333333333,0.03571428571428571,0.06451612903225806,,ok
start_severity_ge_10,전날 중요도 10점 미만 → 오늘 10점 이상,센서 8개,랜덤 포레스트,기본,1650,32,0.19393939393939394,0.8472727272727273,AST-2031,165,1,0,1,32,132,0.0,0.0,0.0,,ok
start_severity_ge_10,전날 중요도 10점 미만 → 오늘 10점 이상,센서 8개,랜덤 포레스트,기본,1650,23,0.1393939393939394,0.8472727272727273,AST-3008,165,1,0,1,23,141,0.0,0.0,0.0,,ok
start_severity_ge_10,전날 중요도 10점 미만 → 오늘 10점 이상,센서 8개,랜덤 포레스트,기본,1650,16,0.09696969696969697,0.8472727272727273,AST-3019,165,0,0,0,16,149,0.0,0.0,0.0,예측 고장 0건: Precision 해석 불가,ok
start_severity_ge_10,전날 중요도 10점 미만 → 오늘 10점 이상,센서 8개,랜덤 포레스트,기본,1650,35,0.21212121212121213,0.8472727272727273,AST-4055,165,1,0,1,35,129,0.0,0.0,0.0,,ok
start_severity_ge_10,전날 중요도 10점 미만 → 오늘 10점 이상,센서 8개,랜덤 포레스트,기본,1650,27,0.16363636363636364,0.8472727272727273,AST-4061,165,1,0,1,27,137,0.0,0.0,0.0,,ok
start_severity_ge_10,전날 중요도 10점 미만 → 오늘 10점 이상,센서 8개,랜덤 포레스트,기본,1650,33,0.2,0.8472727272727273,AST-5003,165,3,2,1,31,131,0.6666666666666666,0.06060606060606061,0.1111111111111111,,ok
start_severity_ge_10,전날 중요도 10점 미만 → 오늘 10점 이상,센서 8개,랜덤 포레스트,기본,1650,17,0.10303030303030303,0.8472727272727273,AST-5007,165,2,0,2,17,146,0.0,0.0,0.0,,ok
start_severity_ge_10,전날 중요도 10점 미만 → 오늘 10점 이상,센서 8개,랜덤 포레스트,balanced,1650,20,0.12121212121212122,0.8472727272727273,AST-1041,165,0,0,0,20,145,0.0,0.0,0.0,예측 고장 0건: Precision 해석 불가,ok
start_severity_ge_10,전날 중요도 10점 미만 → 오늘 10점 이상,센서 8개,랜덤 포레스트,balanced,1650,21,0.12727272727272726,0.8472727272727273,AST-1042,165,1,0,1,21,143,0.0,0.0,0.0,,ok
start_severity_ge_10,전날 중요도 10점 미만 → 오늘 10점 이상,센서 8개,랜덤 포레스트,balanced,1650,28,0.1696969696969697,0.8472727272727273,AST-2017,165,5,1,4,27,133,0.2,0.03571428571428571,0.06060606060606061,,ok
start_severity_ge_10,전날 중요도 10점 미만 → 오늘 10점 이상,센서 8개,랜덤 포레스트,balanced,1650,32,0.19393939393939394,0.8472727272727273,AST-2031,165,0,0,0,32,133,0.0,0.0,0.0,예측 고장 0건: Precision 해석 불가,ok
start_severity_ge_10,전날 중요도 10점 미만 → 오늘 10점 이상,센서 8개,랜덤 포레스트,balanced,1650,23,0.1393939393939394,0.8472727272727273,AST-3008,165,0,0,0,23,142,0.0,0.0,0.0,예측 고장 0건: Precision 해석 불가,ok
start_severity_ge_10,전날 중요도 10점 미만 → 오늘 10점 이상,센서 8개,랜덤 포레스트,balanced,1650,16,0.09696969696969697,0.8472727272727273,AST-3019,165,0,0,0,16,149,0.0,0.0,0.0,예측 고장 0건: Precision 해석 불가,ok
start_severity_ge_10,전날 중요도 10점 미만 → 오늘 10점 이상,센서 8개,랜덤 포레스트,balanced,1650,35,0.21212121212121213,0.8472727272727273,AST-4055,165,0,0,0,35,130,0.0,0.0,0.0,예측 고장 0건: Precision 해석 불가,ok
start_severity_ge_10,전날 중요도 10점 미만 → 오늘 10점 이상,센서 8개,랜덤 포레스트,balanced,1650,27,0.16363636363636364,0.8472727272727273,AST-4061,165,2,0,2,27,136,0.0,0.0,0.0,,ok
start_severity_ge_10,전날 중요도 10점 미만 → 오늘 10점 이상,센서 8개,랜덤 포레스트,balanced,1650,33,0.2,0.8472727272727273,AST-5003,165,2,1,1,32,131,0.5,0.030303030303030304,0.05714285714285714,,ok
start_severity_ge_10,전날 중요도 10점 미만 → 오늘 10점 이상,센서 8개,랜덤 포레스트,balanced,1650,17,0.10303030303030303,0.8472727272727273,AST-5007,165,0,0,0,17,148,0.0,0.0,0.0,예측 고장 0건: Precision 해석 불가,ok
start_severity_ge_10,전날 중요도 10점 미만 → 오늘 10점 이상,센서+과거변화+설비정보,로지스틱 회귀,기본,1650,20,0.12121212121212122,0.8472727272727273,AST-1041,165,0,0,0,20,145,0.0,0.0,0.0,예측 고장 0건: Precision 해석 불가,ok
start_severity_ge_10,전날 중요도 10점 미만 → 오늘 10점 이상,센서+과거변화+설비정보,로지스틱 회귀,기본,1650,21,0.12727272727272726,0.8472727272727273,AST-1042,165,0,0,0,21,144,0.0,0.0,0.0,예측 고장 0건: Precision 해석 불가,ok
start_severity_ge_10,전날 중요도 10점 미만 → 오늘 10점 이상,센서+과거변화+설비정보,로지스틱 회귀,기본,1650,28,0.1696969696969697,0.8472727272727273,AST-2017,165,2,2,0,26,137,1.0,0.07142857142857142,0.13333333333333333,,ok
start_severity_ge_10,전날 중요도 10점 미만 → 오늘 10점 이상,센서+과거변화+설비정보,로지스틱 회귀,기본,1650,32,0.19393939393939394,0.8472727272727273,AST-2031,165,0,0,0,32,133,0.0,0.0,0.0,예측 고장 0건: Precision 해석 불가,ok
start_severity_ge_10,전날 중요도 10점 미만 → 오늘 10점 이상,센서+과거변화+설비정보,로지스틱 회귀,기본,1650,23,0.1393939393939394,0.8472727272727273,AST-3008,165,0,0,0,23,142,0.0,0.0,0.0,예측 고장 0건: Precision 해석 불가,ok
start_severity_ge_10,전날 중요도 10점 미만 → 오늘 10점 이상,센서+과거변화+설비정보,로지스틱 회귀,기본,1650,16,0.09696969696969697,0.8472727272727273,AST-3019,165,0,0,0,16,149,0.0,0.0,0.0,예측 고장 0건: Precision 해석 불가,ok
start_severity_ge_10,전날 중요도 10점 미만 → 오늘 10점 이상,센서+과거변화+설비정보,로지스틱 회귀,기본,1650,35,0.21212121212121213,0.8472727272727273,AST-4055,165,0,0,0,35,130,0.0,0.0,0.0,예측 고장 0건: Precision 해석 불가,ok
start_severity_ge_10,전날 중요도 10점 미만 → 오늘 10점 이상,센서+과거변화+설비정보,로지스틱 회귀,기본,1650,27,0.16363636363636364,0.8472727272727273,AST-4061,165,0,0,0,27,138,0.0,0.0,0.0,예측 고장 0건: Precision 해석 불가,ok
start_severity_ge_10,전날 중요도 10점 미만 → 오늘 10점 이상,센서+과거변화+설비정보,로지스틱 회귀,기본,1650,33,0.2,0.8472727272727273,AST-5003,165,0,0,0,33,132,0.0,0.0,0.0,예측 고장 0건: Precision 해석 불가,ok
start_severity_ge_10,전날 중요도 10점 미만 → 오늘 10점 이상,센서+과거변화+설비정보,로지스틱 회귀,기본,1650,17,0.10303030303030303,0.8472727272727273,AST-5007,165,0,0,0,17,148,0.0,0.0,0.0,예측 고장 0건: Precision 해석 불가,ok
start_severity_ge_10,전날 중요도 10점 미만 → 오늘 10점 이상,센서+과거변화+설비정보,로지스틱 회귀,balanced,1650,20,0.12121212121212122,0.8472727272727273,AST-1041,165,98,16,82,4,63,0.16326530612244897,0.8,0.2711864406779661,,ok
start_severity_ge_10,전날 중요도 10점 미만 → 오늘 10점 이상,센서+과거변화+설비정보,로지스틱 회귀,balanced,1650,21,0.12727272727272726,0.8472727272727273,AST-1042,165,97,12,85,9,59,0.12371134020618557,0.5714285714285714,0.2033898305084746,,ok
start_severity_ge_10,전날 중요도 10점 미만 → 오늘 10점 이상,센서+과거변화+설비정보,로지스틱 회귀,balanced,1650,28,0.1696969696969697,0.8472727272727273,AST-2017,165,103,24,79,4,58,0.23300970873786409,0.8571428571428571,0.366412213740458,,ok
start_severity_ge_10,전날 중요도 10점 미만 → 오늘 10점 이상,센서+과거변화+설비정보,로지스틱 회귀,balanced,1650,32,0.19393939393939394,0.8472727272727273,AST-2031,165,100,23,77,9,56,0.23,0.71875,0.3484848484848485,,ok
start_severity_ge_10,전날 중요도 10점 미만 → 오늘 10점 이상,센서+과거변화+설비정보,로지스틱 회귀,balanced,1650,23,0.1393939393939394,0.8472727272727273,AST-3008,165,92,19,73,4,69,0.20652173913043478,0.8260869565217391,0.33043478260869563,,ok
start_severity_ge_10,전날 중요도 10점 미만 → 오늘 10점 이상,센서+과거변화+설비정보,로지스틱 회귀,balanced,1650,16,0.09696969696969697,0.8472727272727273,AST-3019,165,63,11,52,5,97,0.1746031746031746,0.6875,0.27848101265822783,,ok
start_severity_ge_10,전날 중요도 10점 미만 → 오늘 10점 이상,센서+과거변화+설비정보,로지스틱 회귀,balanced,1650,35,0.21212121212121213,0.8472727272727273,AST-4055,165,110,33,77,2,53,0.3,0.9428571428571428,0.45517241379310347,,ok
start_severity_ge_10,전날 중요도 10점 미만 → 오늘 10점 이상,센서+과거변화+설비정보,로지스틱 회귀,balanced,1650,27,0.16363636363636364,0.8472727272727273,AST-4061,165,89,22,67,5,71,0.24719101123595505,0.8148148148148148,0.3793103448275862,,ok
start_severity_ge_10,전날 중요도 10점 미만 → 오늘 10점 이상,센서+과거변화+설비정보,로지스틱 회귀,balanced,1650,33,0.2,0.8472727272727273,AST-5003,165,109,31,78,2,54,0.28440366972477066,0.9393939393939394,0.43661971830985913,,ok
start_severity_ge_10,전날 중요도 10점 미만 → 오늘 10점 이상,센서+과거변화+설비정보,로지스틱 회귀,balanced,1650,17,0.10303030303030303,0.8472727272727273,AST-5007,165,43,9,34,8,114,0.20930232558139536,0.5294117647058824,0.3,,ok
start_severity_ge_10,전날 중요도 10점 미만 → 오늘 10점 이상,센서+과거변화+설비정보,랜덤 포레스트,기본,1650,20,0.12121212121212122,0.8472727272727273,AST-1041,165,0,0,0,20,145,0.0,0.0,0.0,예측 고장 0건: Precision 해석 불가,ok
start_severity_ge_10,전날 중요도 10점 미만 → 오늘 10점 이상,센서+과거변화+설비정보,랜덤 포레스트,기본,1650,21,0.12727272727272726,0.8472727272727273,AST-1042,165,0,0,0,21,144,0.0,0.0,0.0,예측 고장 0건: Precision 해석 불가,ok
start_severity_ge_10,전날 중요도 10점 미만 → 오늘 10점 이상,센서+과거변화+설비정보,랜덤 포레스트,기본,1650,28,0.1696969696969697,0.8472727272727273,AST-2017,165,1,0,1,28,136,0.0,0.0,0.0,,ok
start_severity_ge_10,전날 중요도 10점 미만 → 오늘 10점 이상,센서+과거변화+설비정보,랜덤 포레스트,기본,1650,32,0.19393939393939394,0.8472727272727273,AST-2031,165,0,0,0,32,133,0.0,0.0,0.0,예측 고장 0건: Precision 해석 불가,ok
start_severity_ge_10,전날 중요도 10점 미만 → 오늘 10점 이상,센서+과거변화+설비정보,랜덤 포레스트,기본,1650,23,0.1393939393939394,0.8472727272727273,AST-3008,165,1,0,1,23,141,0.0,0.0,0.0,,ok
start_severity_ge_10,전날 중요도 10점 미만 → 오늘 10점 이상,센서+과거변화+설비정보,랜덤 포레스트,기본,1650,16,0.09696969696969697,0.8472727272727273,AST-3019,165,0,0,0,16,149,0.0,0.0,0.0,예측 고장 0건: Precision 해석 불가,ok
start_severity_ge_10,전날 중요도 10점 미만 → 오늘 10점 이상,센서+과거변화+설비정보,랜덤 포레스트,기본,1650,35,0.21212121212121213,0.8472727272727273,AST-4055,165,1,1,0,34,130,1.0,0.02857142857142857,0.05555555555555555,,ok
start_severity_ge_10,전날 중요도 10점 미만 → 오늘 10점 이상,센서+과거변화+설비정보,랜덤 포레스트,기본,1650,27,0.16363636363636364,0.8472727272727273,AST-4061,165,2,1,1,26,137,0.5,0.037037037037037035,0.06896551724137931,,ok
start_severity_ge_10,전날 중요도 10점 미만 → 오늘 10점 이상,센서+과거변화+설비정보,랜덤 포레스트,기본,1650,33,0.2,0.8472727272727273,AST-5003,165,1,0,1,33,131,0.0,0.0,0.0,,ok
start_severity_ge_10,전날 중요도 10점 미만 → 오늘 10점 이상,센서+과거변화+설비정보,랜덤 포레스트,기본,1650,17,0.10303030303030303,0.8472727272727273,AST-5007,165,0,0,0,17,148,0.0,0.0,0.0,예측 고장 0건: Precision 해석 불가,ok
start_severity_ge_10,전날 중요도 10점 미만 → 오늘 10점 이상,센서+과거변화+설비정보,랜덤 포레스트,balanced,1650,20,0.12121212121212122,0.8472727272727273,AST-1041,165,0,0,0,20,145,0.0,0.0,0.0,예측 고장 0건: Precision 해석 불가,ok
start_severity_ge_10,전날 중요도 10점 미만 → 오늘 10점 이상,센서+과거변화+설비정보,랜덤 포레스트,balanced,1650,21,0.12727272727272726,0.8472727272727273,AST-1042,165,0,0,0,21,144,0.0,0.0,0.0,예측 고장 0건: Precision 해석 불가,ok
start_severity_ge_10,전날 중요도 10점 미만 → 오늘 10점 이상,센서+과거변화+설비정보,랜덤 포레스트,balanced,1650,28,0.1696969696969697,0.8472727272727273,AST-2017,165,0,0,0,28,137,0.0,0.0,0.0,예측 고장 0건: Precision 해석 불가,ok
start_severity_ge_10,전날 중요도 10점 미만 → 오늘 10점 이상,센서+과거변화+설비정보,랜덤 포레스트,balanced,1650,32,0.19393939393939394,0.8472727272727273,AST-2031,165,0,0,0,32,133,0.0,0.0,0.0,예측 고장 0건: Precision 해석 불가,ok
start_severity_ge_10,전날 중요도 10점 미만 → 오늘 10점 이상,센서+과거변화+설비정보,랜덤 포레스트,balanced,1650,23,0.1393939393939394,0.8472727272727273,AST-3008,165,0,0,0,23,142,0.0,0.0,0.0,예측 고장 0건: Precision 해석 불가,ok
start_severity_ge_10,전날 중요도 10점 미만 → 오늘 10점 이상,센서+과거변화+설비정보,랜덤 포레스트,balanced,1650,16,0.09696969696969697,0.8472727272727273,AST-3019,165,0,0,0,16,149,0.0,0.0,0.0,예측 고장 0건: Precision 해석 불가,ok
start_severity_ge_10,전날 중요도 10점 미만 → 오늘 10점 이상,센서+과거변화+설비정보,랜덤 포레스트,balanced,1650,35,0.21212121212121213,0.8472727272727273,AST-4055,165,0,0,0,35,130,0.0,0.0,0.0,예측 고장 0건: Precision 해석 불가,ok
start_severity_ge_10,전날 중요도 10점 미만 → 오늘 10점 이상,센서+과거변화+설비정보,랜덤 포레스트,balanced,1650,27,0.16363636363636364,0.8472727272727273,AST-4061,165,0,0,0,27,138,0.0,0.0,0.0,예측 고장 0건: Precision 해석 불가,ok
start_severity_ge_10,전날 중요도 10점 미만 → 오늘 10점 이상,센서+과거변화+설비정보,랜덤 포레스트,balanced,1650,33,0.2,0.8472727272727273,AST-5003,165,0,0,0,33,132,0.0,0.0,0.0,예측 고장 0건: Precision 해석 불가,ok
start_severity_ge_10,전날 중요도 10점 미만 → 오늘 10점 이상,센서+과거변화+설비정보,랜덤 포레스트,balanced,1650,17,0.10303030303030303,0.8472727272727273,AST-5007,165,0,0,0,17,148,0.0,0.0,0.0,예측 고장 0건: Precision 해석 불가,ok
