criterion,description,feature_set,algorithm,variant,test_rows,actual_failures,failure_rate,always_normal_accuracy,Accuracy,Precision,Recall,F1,PR_AUC,TN,FP,FN,TP,predicted_failures,probability_cutoff,note,status
start_parts_ge_3,전날 고장 부품 3개 미만 → 오늘 3개 이상,센서 8개,로지스틱 회귀,기본,1650,352,0.21333333333333335,0.7866666666666666,0.7842424242424243,0.0,0.0,0.0,0.27639992018614434,1294,4,352,0,4,0.5,,ok
start_parts_ge_3,전날 고장 부품 3개 미만 → 오늘 3개 이상,센서 8개,로지스틱 회귀,balanced,1650,352,0.21333333333333335,0.7866666666666666,0.5527272727272727,0.2628992628992629,0.6079545454545454,0.3670668953687822,0.2756560720617213,698,600,138,214,814,0.5,,ok
start_parts_ge_3,전날 고장 부품 3개 미만 → 오늘 3개 이상,센서 8개,랜덤 포레스트,기본,1650,352,0.21333333333333335,0.7866666666666666,0.7703030303030303,0.34831460674157305,0.08806818181818182,0.14058956916099774,0.30181216808895006,1240,58,321,31,89,0.5,,ok
start_parts_ge_3,전날 고장 부품 3개 미만 → 오늘 3개 이상,센서 8개,랜덤 포레스트,balanced,1650,352,0.21333333333333335,0.7866666666666666,0.7745454545454545,0.2916666666666667,0.03977272727272727,0.07,0.2814710422247184,1264,34,338,14,48,0.5,,ok
start_parts_ge_3,전날 고장 부품 3개 미만 → 오늘 3개 이상,센서+과거변화+설비정보,로지스틱 회귀,기본,1650,352,0.21333333333333335,0.7866666666666666,0.7842424242424243,0.4772727272727273,0.11931818181818182,0.19090909090909092,0.39544971202608264,1252,46,310,42,88,0.5,,ok
start_parts_ge_3,전날 고장 부품 3개 미만 → 오늘 3개 이상,센서+과거변화+설비정보,로지스틱 회귀,balanced,1650,352,0.21333333333333335,0.7866666666666666,0.6024242424242424,0.32075471698113206,0.7727272727272727,0.4533333333333333,0.3909018319120566,722,576,80,272,848,0.5,,ok
start_parts_ge_3,전날 고장 부품 3개 미만 → 오늘 3개 이상,센서+과거변화+설비정보,랜덤 포레스트,기본,1650,352,0.21333333333333335,0.7866666666666666,0.7896969696969697,0.5213675213675214,0.17329545454545456,0.2601279317697228,0.4009308711447398,1242,56,291,61,117,0.5,,ok
start_parts_ge_3,전날 고장 부품 3개 미만 → 오늘 3개 이상,센서+과거변화+설비정보,랜덤 포레스트,balanced,1650,352,0.21333333333333335,0.7866666666666666,0.786060606060606,0.4935064935064935,0.10795454545454546,0.17715617715617715,0.39921555209771514,1259,39,314,38,77,0.5,,ok
start_severity_ge_10,전날 중요도 10점 미만 → 오늘 10점 이상,센서 8개,로지스틱 회귀,기본,1650,252,0.15272727272727274,0.8472727272727273,0.8472727272727273,0.0,0.0,0.0,0.21344134388235636,1398,0,252,0,0,0.5,예측 고장 0건: Precision 해석 불가,ok
start_severity_ge_10,전날 중요도 10점 미만 → 오늘 10점 이상,센서 8개,로지스틱 회귀,balanced,1650,252,0.15272727272727274,0.8472727272727273,0.5866666666666667,0.2178477690288714,0.6587301587301587,0.32741617357001973,0.21172373863073488,802,596,86,166,762,0.5,,ok
start_severity_ge_10,전날 중요도 10점 미만 → 오늘 10점 이상,센서 8개,랜덤 포레스트,기본,1650,252,0.15272727272727274,0.8472727272727273,0.8418181818181818,0.2,0.011904761904761904,0.02247191011235955,0.21172448265259225,1386,12,249,3,15,0.5,,ok
start_severity_ge_10,전날 중요도 10점 미만 → 오늘 10점 이상,센서 8개,랜덤 포레스트,balanced,1650,252,0.15272727272727274,0.8472727272727273,0.8436363636363636,0.2,0.007936507936507936,0.015267175572519083,0.20094310305138155,1390,8,250,2,10,0.5,,ok
start_severity_ge_10,전날 중요도 10점 미만 → 오늘 10점 이상,센서+과거변화+설비정보,로지스틱 회귀,기본,1650,252,0.15272727272727274,0.8472727272727273,0.8484848484848485,1.0,0.007936507936507936,0.015748031496062992,0.2772991401328134,1398,0,250,2,2,0.5,,ok
start_severity_ge_10,전날 중요도 10점 미만 → 오늘 10점 이상,센서+과거변화+설비정보,로지스틱 회귀,balanced,1650,252,0.15272727272727274,0.8472727272727273,0.5418181818181819,0.22123893805309736,0.7936507936507936,0.3460207612456747,0.27193453423397884,694,704,52,200,904,0.5,,ok
start_severity_ge_10,전날 중요도 10점 미만 → 오늘 10점 이상,센서+과거변화+설비정보,랜덤 포레스트,기본,1650,252,0.15272727272727274,0.8472727272727273,0.8460606060606061,0.3333333333333333,0.007936507936507936,0.015503875968992248,0.22964095780532814,1394,4,250,2,6,0.5,,ok
start_severity_ge_10,전날 중요도 10점 미만 → 오늘 10점 이상,센서+과거변화+설비정보,랜덤 포레스트,balanced,1650,252,0.15272727272727274,0.8472727272727273,0.8472727272727273,0.0,0.0,0.0,0.23883983671899278,1398,0,252,0,0,0.5,예측 고장 0건: Precision 해석 불가,ok
