asset_tag,part_no,train_rows,train_positive_rate,fallback_rate
AST-1041,MRO-10045,631,0.6022187004754358,0.5113882037696782
AST-1041,MRO-10046,628,0.6592356687898089,0.5113882037696782
AST-1041,MRO-10047,646,0.6238390092879257,0.5113882037696782
AST-1041,MRO-20031,634,0.6340694006309149,0.5113882037696782
AST-1041,MRO-20032,682,0.3841642228739003,0.5113882037696782
AST-1041,MRO-20033,662,0.47583081570996977,0.5113882037696782
AST-1041,MRO-30011,650,0.56,0.5113882037696782
AST-1041,MRO-30012,655,0.5526717557251909,0.5113882037696782
AST-1041,MRO-40021,664,0.49096385542168675,0.5113882037696782
AST-1041,MRO-40022,668,0.468562874251497,0.5113882037696782
AST-1041,MRO-50008,660,0.48484848484848486,0.5113882037696782
AST-1041,MRO-50009,648,0.5524691358024691,0.5113882037696782
AST-1041,MRO-60015,663,0.5037707390648567,0.5113882037696782
AST-1041,MRO-60016,679,0.38438880706921946,0.5113882037696782
AST-1041,MRO-70004,682,0.375366568914956,0.5113882037696782
AST-1041,MRO-70005,669,0.42301943198804187,0.5113882037696782
AST-1041,MRO-80001,635,0.6078740157480315,0.5113882037696782
AST-1041,MRO-80002,654,0.5122324159021406,0.5113882037696782
AST-1041,MRO-90011,668,0.4550898203592814,0.5113882037696782
AST-1041,MRO-90012,672,0.4494047619047619,0.5113882037696782
AST-1042,MRO-10045,654,0.5856269113149847,0.5113882037696782
AST-1042,MRO-10046,640,0.5671875,0.5113882037696782
AST-1042,MRO-10047,642,0.5560747663551402,0.5113882037696782
AST-1042,MRO-20031,648,0.5648148148148148,0.5113882037696782
AST-1042,MRO-20032,686,0.32798833819241985,0.5113882037696782
AST-1042,MRO-20033,662,0.4425981873111782,0.5113882037696782
AST-1042,MRO-30011,659,0.5341426403641881,0.5113882037696782
AST-1042,MRO-30012,672,0.43452380952380953,0.5113882037696782
AST-1042,MRO-40021,667,0.46926536731634183,0.5113882037696782
AST-1042,MRO-40022,652,0.5475460122699386,0.5113882037696782
AST-1042,MRO-50008,677,0.3929098966026588,0.5113882037696782
AST-1042,MRO-50009,632,0.6408227848101266,0.5113882037696782
AST-1042,MRO-60015,655,0.5312977099236641,0.5113882037696782
AST-1042,MRO-60016,668,0.46407185628742514,0.5113882037696782
AST-1042,MRO-70004,689,0.3193033381712627,0.5113882037696782
AST-1042,MRO-70005,684,0.36257309941520466,0.5113882037696782
AST-1042,MRO-80001,642,0.6121495327102804,0.5113882037696782
AST-1042,MRO-80002,670,0.4701492537313433,0.5113882037696782
AST-1042,MRO-90011,690,0.3391304347826087,0.5113882037696782
AST-1042,MRO-90012,675,0.43851851851851853,0.5113882037696782
AST-2017,MRO-10045,620,0.646774193548387,0.5113882037696782
AST-2017,MRO-10046,610,0.7180327868852459,0.5113882037696782
AST-2017,MRO-10047,610,0.6934426229508197,0.5113882037696782
AST-2017,MRO-20031,600,0.7933333333333333,0.5113882037696782
AST-2017,MRO-20032,684,0.3757309941520468,0.5113882037696782
AST-2017,MRO-20033,655,0.5221374045801527,0.5113882037696782
AST-2017,MRO-30011,641,0.5975039001560063,0.5113882037696782
AST-2017,MRO-30012,649,0.5439137134052389,0.5113882037696782
AST-2017,MRO-40021,649,0.6117103235747303,0.5113882037696782
AST-2017,MRO-40022,630,0.6619047619047619,0.5113882037696782
AST-2017,MRO-50008,649,0.5947611710323575,0.5113882037696782
AST-2017,MRO-50009,628,0.6305732484076433,0.5113882037696782
AST-2017,MRO-60015,643,0.5660964230171073,0.5113882037696782
AST-2017,MRO-60016,645,0.5643410852713179,0.5113882037696782
AST-2017,MRO-70004,672,0.4538690476190476,0.5113882037696782
AST-2017,MRO-70005,669,0.4798206278026906,0.5113882037696782
AST-2017,MRO-80001,605,0.7090909090909091,0.5113882037696782
AST-2017,MRO-80002,650,0.5876923076923077,0.5113882037696782
AST-2017,MRO-90011,666,0.4864864864864865,0.5113882037696782
AST-2017,MRO-90012,653,0.5405819295558959,0.5113882037696782
AST-2031,MRO-10045,633,0.6287519747235387,0.5113882037696782
AST-2031,MRO-10046,627,0.6810207336523126,0.5113882037696782
AST-2031,MRO-10047,623,0.6452648475120385,0.5113882037696782
AST-2031,MRO-20031,629,0.6677265500794912,0.5113882037696782
AST-2031,MRO-20032,677,0.42097488921713444,0.5113882037696782
AST-2031,MRO-20033,653,0.5742725880551302,0.5113882037696782
AST-2031,MRO-30011,652,0.5291411042944786,0.5113882037696782
AST-2031,MRO-30012,661,0.48411497730711045,0.5113882037696782
AST-2031,MRO-40021,652,0.5383435582822086,0.5113882037696782
AST-2031,MRO-40022,660,0.5363636363636364,0.5113882037696782
AST-2031,MRO-50008,652,0.5966257668711656,0.5113882037696782
AST-2031,MRO-50009,625,0.6304,0.5113882037696782
AST-2031,MRO-60015,654,0.5015290519877675,0.5113882037696782
AST-2031,MRO-60016,667,0.5232383808095952,0.5113882037696782
AST-2031,MRO-70004,686,0.34839650145772594,0.5113882037696782
AST-2031,MRO-70005,657,0.5235920852359208,0.5113882037696782
AST-2031,MRO-80001,620,0.6919354838709677,0.5113882037696782
AST-2031,MRO-80002,650,0.5353846153846153,0.5113882037696782
AST-2031,MRO-90011,666,0.47597597597597596,0.5113882037696782
AST-2031,MRO-90012,669,0.445440956651719,0.5113882037696782
AST-3008,MRO-10045,627,0.6299840510366826,0.5113882037696782
AST-3008,MRO-10046,661,0.540090771558245,0.5113882037696782
AST-3008,MRO-10047,648,0.5185185185185185,0.5113882037696782
AST-3008,MRO-20031,644,0.5760869565217391,0.5113882037696782
AST-3008,MRO-20032,683,0.37774524158125916,0.5113882037696782
AST-3008,MRO-20033,662,0.5015105740181269,0.5113882037696782
AST-3008,MRO-30011,677,0.41802067946824223,0.5113882037696782
AST-3008,MRO-30012,662,0.5166163141993958,0.5113882037696782
AST-3008,MRO-40021,662,0.48338368580060426,0.5113882037696782
AST-3008,MRO-40022,652,0.549079754601227,0.5113882037696782
AST-3008,MRO-50008,666,0.466966966966967,0.5113882037696782
AST-3008,MRO-50009,651,0.5345622119815668,0.5113882037696782
AST-3008,MRO-60015,670,0.4223880597014925,0.5113882037696782
AST-3008,MRO-60016,664,0.516566265060241,0.5113882037696782
AST-3008,MRO-70004,690,0.3217391304347826,0.5113882037696782
AST-3008,MRO-70005,673,0.46805349182763745,0.5113882037696782
AST-3008,MRO-80001,636,0.6179245283018868,0.5113882037696782
AST-3008,MRO-80002,665,0.4857142857142857,0.5113882037696782
AST-3008,MRO-90011,671,0.4202682563338301,0.5113882037696782
AST-3008,MRO-90012,677,0.3825701624815362,0.5113882037696782
AST-3019,MRO-10045,663,0.4117647058823529,0.5113882037696782
AST-3019,MRO-10046,663,0.45248868778280543,0.5113882037696782
AST-3019,MRO-10047,641,0.6365054602184087,0.5113882037696782
AST-3019,MRO-20031,652,0.5782208588957055,0.5113882037696782
AST-3019,MRO-20032,692,0.3338150289017341,0.5113882037696782
AST-3019,MRO-20033,673,0.45319465081723626,0.5113882037696782
AST-3019,MRO-30011,676,0.4319526627218935,0.5113882037696782
AST-3019,MRO-30012,677,0.42097488921713444,0.5113882037696782
AST-3019,MRO-40021,671,0.45603576751117736,0.5113882037696782
AST-3019,MRO-40022,663,0.530920060331825,0.5113882037696782
AST-3019,MRO-50008,662,0.4818731117824773,0.5113882037696782
AST-3019,MRO-50009,646,0.5386996904024768,0.5113882037696782
AST-3019,MRO-60015,679,0.38880706921944036,0.5113882037696782
AST-3019,MRO-60016,685,0.35036496350364965,0.5113882037696782
AST-3019,MRO-70004,685,0.37372262773722625,0.5113882037696782
AST-3019,MRO-70005,677,0.4150664697193501,0.5113882037696782
AST-3019,MRO-80001,659,0.4946889226100152,0.5113882037696782
AST-3019,MRO-80002,673,0.40416047548291234,0.5113882037696782
AST-3019,MRO-90011,693,0.28715728715728717,0.5113882037696782
AST-3019,MRO-90012,684,0.3669590643274854,0.5113882037696782
AST-4055,MRO-10045,619,0.7108239095315024,0.5113882037696782
AST-4055,MRO-10046,609,0.729064039408867,0.5113882037696782
AST-4055,MRO-10047,617,0.7260940032414911,0.5113882037696782
AST-4055,MRO-20031,618,0.6488673139158576,0.5113882037696782
AST-4055,MRO-20032,675,0.42962962962962964,0.5113882037696782
AST-4055,MRO-20033,641,0.6224648985959438,0.5113882037696782
AST-4055,MRO-30011,650,0.5553846153846154,0.5113882037696782
AST-4055,MRO-30012,649,0.637904468412943,0.5113882037696782
AST-4055,MRO-40021,645,0.5689922480620155,0.5113882037696782
AST-4055,MRO-40022,635,0.6724409448818898,0.5113882037696782
AST-4055,MRO-50008,648,0.5725308641975309,0.5113882037696782
AST-4055,MRO-50009,608,0.7286184210526315,0.5113882037696782
AST-4055,MRO-60015,653,0.5160796324655437,0.5113882037696782
AST-4055,MRO-60016,642,0.6277258566978193,0.5113882037696782
AST-4055,MRO-70004,670,0.4134328358208955,0.5113882037696782
AST-4055,MRO-70005,666,0.503003003003003,0.5113882037696782
AST-4055,MRO-80001,622,0.7186495176848875,0.5113882037696782
AST-4055,MRO-80002,649,0.5454545454545454,0.5113882037696782
AST-4055,MRO-90011,675,0.4148148148148148,0.5113882037696782
AST-4055,MRO-90012,673,0.43684992570579495,0.5113882037696782
AST-4061,MRO-10045,643,0.5940902021772939,0.5113882037696782
AST-4061,MRO-10046,648,0.5462962962962963,0.5113882037696782
AST-4061,MRO-10047,645,0.5550387596899224,0.5113882037696782
AST-4061,MRO-20031,642,0.5856697819314641,0.5113882037696782
AST-4061,MRO-20032,686,0.3338192419825073,0.5113882037696782
AST-4061,MRO-20033,659,0.49165402124430957,0.5113882037696782
AST-4061,MRO-30011,648,0.5817901234567902,0.5113882037696782
AST-4061,MRO-30012,661,0.518910741301059,0.5113882037696782
AST-4061,MRO-40021,664,0.47289156626506024,0.5113882037696782
AST-4061,MRO-40022,667,0.5067466266866567,0.5113882037696782
AST-4061,MRO-50008,663,0.4947209653092006,0.5113882037696782
AST-4061,MRO-50009,653,0.5696784073506891,0.5113882037696782
AST-4061,MRO-60015,663,0.5429864253393665,0.5113882037696782
AST-4061,MRO-60016,661,0.4735249621785174,0.5113882037696782
AST-4061,MRO-70004,689,0.29753265602322204,0.5113882037696782
AST-4061,MRO-70005,672,0.44642857142857145,0.5113882037696782
AST-4061,MRO-80001,632,0.6392405063291139,0.5113882037696782
AST-4061,MRO-80002,676,0.4245562130177515,0.5113882037696782
AST-4061,MRO-90011,675,0.43407407407407406,0.5113882037696782
AST-4061,MRO-90012,679,0.35640648011782033,0.5113882037696782
AST-5003,MRO-10045,609,0.6880131362889984,0.5113882037696782
AST-5003,MRO-10046,620,0.6338709677419355,0.5113882037696782
AST-5003,MRO-10047,628,0.6735668789808917,0.5113882037696782
AST-5003,MRO-20031,633,0.6097946287519748,0.5113882037696782
AST-5003,MRO-20032,676,0.41272189349112426,0.5113882037696782
AST-5003,MRO-20033,648,0.5709876543209876,0.5113882037696782
AST-5003,MRO-30011,646,0.5851393188854489,0.5113882037696782
AST-5003,MRO-30012,649,0.5439137134052389,0.5113882037696782
AST-5003,MRO-40021,644,0.5854037267080745,0.5113882037696782
AST-5003,MRO-40022,646,0.5727554179566563,0.5113882037696782
AST-5003,MRO-50008,647,0.5965996908809892,0.5113882037696782
AST-5003,MRO-50009,625,0.6912,0.5113882037696782
AST-5003,MRO-60015,651,0.533026113671275,0.5113882037696782
AST-5003,MRO-60016,652,0.5904907975460123,0.5113882037696782
AST-5003,MRO-70004,683,0.36749633967789164,0.5113882037696782
AST-5003,MRO-70005,672,0.43601190476190477,0.5113882037696782
AST-5003,MRO-80001,632,0.6756329113924051,0.5113882037696782
AST-5003,MRO-80002,629,0.670906200317965,0.5113882037696782
AST-5003,MRO-90011,664,0.4864457831325301,0.5113882037696782
AST-5003,MRO-90012,664,0.49096385542168675,0.5113882037696782
AST-5007,MRO-10045,655,0.5083969465648855,0.5113882037696782
AST-5007,MRO-10046,668,0.46107784431137727,0.5113882037696782
AST-5007,MRO-10047,656,0.551829268292683,0.5113882037696782
AST-5007,MRO-20031,670,0.4507462686567164,0.5113882037696782
AST-5007,MRO-20032,682,0.36950146627565983,0.5113882037696782
AST-5007,MRO-20033,672,0.48214285714285715,0.5113882037696782
AST-5007,MRO-30011,673,0.42050520059435365,0.5113882037696782
AST-5007,MRO-30012,680,0.36764705882352944,0.5113882037696782
AST-5007,MRO-40021,666,0.4864864864864865,0.5113882037696782
AST-5007,MRO-40022,658,0.5957446808510638,0.5113882037696782
AST-5007,MRO-50008,670,0.4582089552238806,0.5113882037696782
AST-5007,MRO-50009,656,0.5442073170731707,0.5113882037696782
AST-5007,MRO-60015,678,0.4247787610619469,0.5113882037696782
AST-5007,MRO-60016,673,0.4338781575037147,0.5113882037696782
AST-5007,MRO-70004,698,0.24355300859598855,0.5113882037696782
AST-5007,MRO-70005,671,0.4157973174366617,0.5113882037696782
AST-5007,MRO-80001,670,0.43582089552238806,0.5113882037696782
AST-5007,MRO-80002,665,0.47368421052631576,0.5113882037696782
AST-5007,MRO-90011,694,0.29250720461095103,0.5113882037696782
AST-5007,MRO-90012,691,0.31693198263386396,0.5113882037696782
