구분,설비,모델,전체행,고장행,고장비율,예측고장행,Accuracy,Precision,Recall,F1,ROC_AUC,PR_AUC,AP,TN,FP,FN,TP,actual_failure_rate,predicted_failure_rate,always_normal_accuracy,rows
전체,전체 설비,기본,1650,141,0.08545454545454545,0,0.9145454545454546,0.0,0.0,0.0,0.6790509895708491,0.14437260321615136,0.14622317011847213,1509,0,141,0,0.08545454545454545,0.0,0.9145454545454546,1650
전체,전체 설비,balanced,1650,141,0.08545454545454545,882,0.5133333333333333,0.12471655328798185,0.7801418439716312,0.21505376344086022,0.6788770920575835,0.14368028417887965,0.1455077133317131,737,772,31,110,0.08545454545454545,0.5345454545454545,0.9145454545454546,1650
설비 종류,Belt Conveyor,기본,330,25,0.07575757575757576,0,0.9242424242424242,0.0,0.0,0.0,0.6681967213114755,0.1076832151438628,0.1150817538580762,305,0,25,0,0.07575757575757576,0.0,0.9242424242424242,330
설비 종류,Belt Conveyor,balanced,330,25,0.07575757575757576,163,0.5454545454545454,0.1165644171779141,0.76,0.20212765957446807,0.6664918032786886,0.11190075796814582,0.11969823943222628,161,144,6,19,0.07575757575757576,0.49393939393939396,0.9242424242424242,330
설비 종류,CNC Lathe,기본,330,21,0.06363636363636363,0,0.9363636363636364,0.0,0.0,0.0,0.5889967637540453,0.07309658955837248,0.08200239442058083,309,0,21,0,0.06363636363636363,0.0,0.9363636363636364,330
설비 종류,CNC Lathe,balanced,330,21,0.06363636363636363,162,0.5181818181818182,0.07407407407407407,0.5714285714285714,0.13114754098360656,0.5836030204962244,0.07224082448390415,0.0811516472371443,159,150,9,12,0.06363636363636363,0.4909090909090909,0.9363636363636364,330
설비 종류,EOT Crane,기본,330,32,0.09696969696969697,0,0.9030303030303031,0.0,0.0,0.0,0.7229446308724833,0.21339145393012826,0.22277168365930103,298,0,32,0,0.09696969696969697,0.0,0.9030303030303031,330
설비 종류,EOT Crane,balanced,330,32,0.09696969696969697,150,0.5818181818181818,0.14666666666666667,0.6875,0.24175824175824176,0.7263003355704698,0.2110413934656042,0.2201481619446373,170,128,10,22,0.09696969696969697,0.45454545454545453,0.9030303030303031,330
설비 종류,Hydraulic Press,기본,330,31,0.09393939393939393,0,0.906060606060606,0.0,0.0,0.0,0.6186212104865682,0.10877769467203766,0.11436821205626005,299,0,31,0,0.09393939393939393,0.0,0.906060606060606,330
설비 종류,Hydraulic Press,balanced,330,31,0.09393939393939393,215,0.42424242424242425,0.13023255813953488,0.9032258064516129,0.22764227642276422,0.6120401337792643,0.10654851917884973,0.11136146625587989,112,187,3,28,0.09393939393939393,0.6515151515151515,0.906060606060606,330
설비 종류,Screw Compressor,기본,330,32,0.09696969696969697,0,0.9030303030303031,0.0,0.0,0.0,0.6967281879194631,0.19865934190368584,0.20767825851398855,298,0,32,0,0.09696969696969697,0.0,0.9030303030303031,330
설비 종류,Screw Compressor,balanced,330,32,0.09696969696969697,192,0.49696969696969695,0.15104166666666666,0.90625,0.25892857142857145,0.697881711409396,0.20186394274451253,0.21125616447446574,135,163,3,29,0.09696969696969697,0.5818181818181818,0.9030303030303031,330
개별 설비,AST-1041,기본,165,13,0.07878787878787878,0,0.9212121212121213,0.0,0.0,0.0,0.5728744939271255,0.0871990042654687,0.1016973192456788,152,0,13,0,0.07878787878787878,0.0,0.9212121212121213,165
개별 설비,AST-1041,balanced,165,13,0.07878787878787878,104,0.4121212121212121,0.09615384615384616,0.7692307692307693,0.17094017094017094,0.5627530364372471,0.0863760375799641,0.10105110353273826,58,94,3,10,0.07878787878787878,0.6303030303030303,0.9212121212121213,165
개별 설비,AST-1042,기본,165,8,0.048484848484848485,0,0.9515151515151515,0.0,0.0,0.0,0.5015923566878981,0.0438786761101128,0.0514502036137699,157,0,8,0,0.048484848484848485,0.0,0.9515151515151515,165
개별 설비,AST-1042,balanced,165,8,0.048484848484848485,58,0.6242424242424243,0.034482758620689655,0.25,0.06060606060606061,0.5103503184713376,0.044361834467459914,0.05179986900443703,101,56,6,2,0.048484848484848485,0.3515151515151515,0.9515151515151515,165
개별 설비,AST-2017,기본,165,16,0.09696969696969697,0,0.9030303030303031,0.0,0.0,0.0,0.6564597315436242,0.12490166426611785,0.1375835895556018,149,0,16,0,0.09696969696969697,0.0,0.9030303030303031,165
개별 설비,AST-2017,balanced,165,16,0.09696969696969697,108,0.41818181818181815,0.12962962962962962,0.875,0.22580645161290322,0.6459731543624161,0.11988098049662538,0.1302909567979556,55,94,2,14,0.09696969696969697,0.6545454545454545,0.9030303030303031,165
개별 설비,AST-2031,기본,165,15,0.09090909090909091,0,0.9090909090909091,0.0,0.0,0.0,0.5764444444444444,0.09547512634421676,0.10408940800532462,150,0,15,0,0.09090909090909091,0.0,0.9090909090909091,165
개별 설비,AST-2031,balanced,165,15,0.09090909090909091,107,0.4303030303030303,0.1308411214953271,0.9333333333333333,0.22950819672131148,0.572,0.0942293331915353,0.102730765485304,57,93,1,14,0.09090909090909091,0.6484848484848484,0.9090909090909091,165
개별 설비,AST-3008,기본,165,12,0.07272727272727272,0,0.9272727272727272,0.0,0.0,0.0,0.6606753812636166,0.11217531983034132,0.12652262979347825,153,0,12,0,0.07272727272727272,0.0,0.9272727272727272,165
개별 설비,AST-3008,balanced,165,12,0.07272727272727272,100,0.44242424242424244,0.1,0.8333333333333334,0.17857142857142858,0.6633986928104575,0.12060896790142261,0.1353856447600032,63,90,2,10,0.07272727272727272,0.6060606060606061,0.9272727272727272,165
개별 설비,AST-3019,기본,165,13,0.07878787878787878,0,0.9212121212121213,0.0,0.0,0.0,0.7176113360323887,0.13287176464233041,0.14884559553322319,152,0,13,0,0.07878787878787878,0.0,0.9212121212121213,165
개별 설비,AST-3019,balanced,165,13,0.07878787878787878,63,0.6484848484848484,0.14285714285714285,0.6923076923076923,0.23684210526315788,0.7110323886639676,0.12652377071295723,0.14190036353221652,98,54,4,9,0.07878787878787878,0.38181818181818183,0.9212121212121213,165
개별 설비,AST-4055,기본,165,15,0.09090909090909091,0,0.9090909090909091,0.0,0.0,0.0,0.744,0.2842027649562535,0.301911128114559,150,0,15,0,0.09090909090909091,0.0,0.9090909090909091,165
개별 설비,AST-4055,balanced,165,15,0.09090909090909091,113,0.3939393939393939,0.12389380530973451,0.9333333333333333,0.21875,0.748,0.2836407400088803,0.30168222496785946,51,99,1,14,0.09090909090909091,0.6848484848484848,0.9090909090909091,165
개별 설비,AST-4061,기본,165,17,0.10303030303030303,0,0.896969696969697,0.0,0.0,0.0,0.7257551669316376,0.1699844625362791,0.18680011769347926,148,0,17,0,0.10303030303030303,0.0,0.896969696969697,165
개별 설비,AST-4061,balanced,165,17,0.10303030303030303,79,0.6,0.189873417721519,0.8823529411764706,0.3125,0.7174085850556439,0.16341132397468558,0.17902461290933958,84,64,2,15,0.10303030303030303,0.47878787878787876,0.896969696969697,165
개별 설비,AST-5003,기본,165,21,0.12727272727272726,0,0.8727272727272727,0.0,0.0,0.0,0.6851851851851851,0.24793305981906077,0.26104922934376446,144,0,21,0,0.12727272727272726,0.0,0.8727272727272728,165
개별 설비,AST-5003,balanced,165,21,0.12727272727272726,113,0.41818181818181815,0.168141592920354,0.9047619047619048,0.2835820895522388,0.691137566137566,0.24316227980252858,0.2558120227426848,50,94,2,19,0.12727272727272726,0.6848484848484848,0.8727272727272728,165
개별 설비,AST-5007,기본,165,11,0.06666666666666667,0,0.9333333333333333,0.0,0.0,0.0,0.6859504132231404,0.14524621436885118,0.17633846516343654,154,0,11,0,0.06666666666666667,0.0,0.9333333333333333,165
개별 설비,AST-5007,balanced,165,11,0.06666666666666667,37,0.7454545454545455,0.08108108108108109,0.2727272727272727,0.125,0.6835891381345927,0.14423275371566696,0.17523485310451997,120,34,8,3,0.06666666666666667,0.22424242424242424,0.9333333333333333,165
