model,threshold,precision,recall,f1,tn,fp,fn,tp,n_train,n_test,pos_rate_train,pos_rate_test
baseline,0.5,0.0,0.0,0.0,1930,0,70,0,8000,2000,0.0339,0.035
baseline,0.3,0.0,0.0,0.0,1930,0,70,0,8000,2000,0.0339,0.035
baseline,0.2,0.0,0.0,0.0,1930,0,70,0,8000,2000,0.0339,0.035
tree,0.5,0.55,0.62,0.583,1895,35,27,43,8000,2000,0.0339,0.035
tree,0.3,0.45,0.74,0.56,1868,62,19,51,8000,2000,0.0339,0.035
tree,0.2,0.4,0.8,0.533,1846,84,14,56,8000,2000,0.0339,0.035
rf,0.5,0.61,0.7,0.652,1899,31,21,49,8000,2000,0.0339,0.035
rf,0.3,0.51,0.82,0.629,1876,54,13,57,8000,2000,0.0339,0.035
rf,0.2,0.46,0.88,0.604,1859,71,9,61,8000,2000,0.0339,0.035
