udi,type,air_k,process_k,rpm,torque,tool_wear,failure,split,proba,cluster,anomaly
1,L,297.9,307.2,1265.0,38.7,51,0,train,0.086,0,0
2,L,296.5,309.0,1793.0,43.9,188,0,train,0.081,0,0
3,H,302.8,307.3,1485.0,43.2,51,0,train,0.005,2,0
4,L,297.9,307.3,1508.0,51.2,37,0,train,0.031,2,0
5,M,297.2,308.4,1744.0,51.5,3,0,train,0.04,1,0
6,M,298.1,309.8,1619.0,31.3,117,0,train,0.019,0,0
7,L,294.0,309.6,1342.0,42.4,159,0,train,0.037,3,0
8,H,296.5,308.4,1383.0,31.5,182,0,train,0.041,2,0
9,M,300.0,308.5,1589.0,38.1,226,0,train,0.015,2,0
10,M,296.7,308.8,1388.0,43.2,162,0,train,0.009,0,0
11,L,296.3,306.7,1119.0,5.9,189,0,train,0.063,0,0
12,L,300.6,308.6,1490.0,64.1,52,0,train,0.011,0,0
13,H,300.7,307.3,1234.0,45.7,85,0,train,0.077,0,0
14,M,299.0,308.3,1791.0,34.0,75,0,train,0.043,3,0
15,H,297.1,307.8,1532.0,59.3,16,0,train,0.063,1,0
16,H,297.5,308.5,1337.0,36.5,242,0,train,0.038,2,0
17,L,296.4,308.1,1374.0,41.3,60,0,train,0.081,3,0
18,M,296.0,304.9,1160.0,35.1,112,0,train,0.016,3,0
19,L,295.9,308.2,1302.0,56.5,89,0,train,0.018,1,0
20,M,296.8,308.6,1683.0,39.0,11,0,train,0.038,1,0
21,L,295.9,308.4,1902.0,41.5,225,1,train,0.725,1,1
22,L,294.9,307.9,1631.0,52.0,54,0,train,0.002,0,0
23,M,298.4,309.6,1483.0,45.9,25,0,train,0.145,3,0
24,M,298.5,308.3,1422.0,39.5,85,0,train,0.027,2,0
25,M,301.4,308.4,1328.0,51.1,35,0,train,0.126,1,0
26,L,296.7,309.0,1871.0,65.4,249,0,train,0.113,2,0
27,L,298.6,308.4,1466.0,43.2,47,0,train,0.041,2,0
28,H,298.6,307.1,1881.0,41.2,75,0,train,0.013,0,0
29,L,297.5,305.6,1751.0,41.7,67,0,train,0.011,2,0
30,L,299.5,307.5,1187.0,53.1,6,0,train,0.064,3,0
31,M,299.6,308.8,1380.0,34.0,3,0,train,0.042,2,0
32,L,298.7,307.6,1380.0,37.2,128,0,train,0.013,2,0
33,M,297.5,308.8,1486.0,24.6,58,0,train,0.049,0,0
34,L,297.3,308.1,1489.0,28.2,20,0,train,0.016,2,0
35,H,295.3,309.3,2039.0,34.8,72,0,train,0.03,3,0
36,H,296.4,307.7,1306.0,39.4,68,0,train,0.078,1,0
37,H,296.8,308.5,1541.0,57.7,106,0,train,0.009,2,0
38,M,295.8,308.5,1611.0,45.4,248,0,train,0.026,2,0
39,L,298.9,309.5,1500.0,30.9,76,0,train,0.048,0,0
40,M,300.4,306.3,1520.0,32.7,176,0,train,0.121,1,0
41,H,296.2,307.5,1312.0,53.7,192,1,train,0.674,3,1
42,M,298.6,308.8,1519.0,51.3,12,0,train,0.021,3,0
43,M,295.9,309.5,1592.0,40.3,125,0,train,0.046,1,0
44,M,297.4,308.2,1559.0,35.6,112,0,train,0.065,1,0
45,M,296.6,307.7,1603.0,51.2,126,0,train,0.02,3,0
46,M,299.2,308.8,1754.0,30.1,42,0,train,0.048,0,0
47,L,296.6,308.9,1669.0,43.9,116,0,train,0.083,1,0
48,L,300.0,307.6,1513.0,62.7,30,0,train,0.033,0,0
49,M,297.5,308.3,1289.0,42.1,236,1,train,0.738,0,1
50,L,296.7,309.2,1392.0,32.2,146,0,train,0.096,2,0
51,H,295.5,309.9,1460.0,44.1,8,0,train,0.029,1,0
52,M,298.5,308.7,1545.0,35.3,126,0,train,0.031,3,0
53,L,299.8,308.0,1414.0,26.1,231,0,train,0.128,3,0
54,H,298.5,307.9,1332.0,47.0,185,0,train,0.046,3,0
55,M,302.5,308.6,1286.0,51.2,68,0,train,0.011,2,0
56,M,300.9,307.9,1203.0,36.9,223,0,train,0.011,2,0
57,L,297.4,308.2,1458.0,36.2,46,0,train,0.195,2,0
58,H,297.4,306.9,1235.0,30.4,61,0,train,0.005,3,0
59,L,298.9,309.3,1320.0,38.5,38,0,train,0.007,0,0
60,M,296.3,306.9,1429.0,34.4,230,0,train,0.066,2,0
61,L,300.3,307.6,1260.0,29.9,179,0,train,0.123,0,0
62,M,298.7,308.1,1568.0,58.9,129,0,train,0.078,1,0
63,M,298.5,310.0,1633.0,44.7,166,0,train,0.102,1,0
64,M,299.4,307.6,1401.0,45.7,64,0,train,0.233,2,0
65,L,301.4,307.3,1421.0,48.8,17,0,train,0.02,3,0
66,H,298.3,307.4,1597.0,47.7,211,0,train,0.059,0,0
67,M,297.8,309.7,1371.0,35.9,241,0,train,0.021,2,0
68,L,301.0,305.2,1359.0,42.7,8,0,train,0.041,0,0
69,H,299.9,307.0,1715.0,37.3,12,0,train,0.019,0,0
70,M,297.4,310.7,1659.0,44.4,139,0,train,0.112,1,0
71,H,298.0,308.6,1608.0,43.4,10,0,train,0.092,2,0
72,H,298.4,306.9,1667.0,36.2,180,0,train,0.028,0,0
73,H,298.7,308.0,1144.0,26.7,236,0,train,0.016,1,0
74,M,295.3,308.1,1744.0,41.5,69,0,train,0.022,3,0
75,M,294.9,308.8,1571.0,38.0,73,0,train,0.195,1,0
76,L,296.2,309.8,1682.0,21.1,215,0,train,0.033,3,0
77,M,296.1,308.4,1570.0,45.1,89,0,train,0.007,3,0
78,M,296.7,307.5,1509.0,49.7,60,0,train,0.149,1,0
79,M,299.3,308.8,1450.0,65.3,21,0,train,0.03,2,0
80,H,297.7,307.3,1566.0,36.1,209,0,train,0.035,2,0
81,L,298.4,307.0,1444.0,34.6,231,0,train,0.038,1,0
82,L,295.6,306.2,1656.0,28.9,19,0,train,0.083,1,0
83,M,297.1,306.4,1214.0,42.1,200,0,train,0.142,1,0
84,L,299.2,307.1,1403.0,42.0,39,0,train,0.041,0,0
85,L,299.2,306.8,1868.0,31.9,34,0,train,0.076,0,0
86,L,296.6,308.3,1387.0,38.3,95,0,train,0.098,1,0
87,H,298.3,306.8,1457.0,20.2,109,0,train,0.046,3,0
88,L,302.4,304.9,1341.0,49.3,213,0,train,0.061,0,0
89,L,298.0,307.0,1560.0,32.3,174,0,train,0.122,0,0
90,L,296.6,307.5,1367.0,39.7,36,0,train,0.033,1,0
91,L,297.7,307.4,1467.0,25.7,146,0,train,0.171,2,0
92,L,298.2,309.5,1653.0,34.2,218,0,train,0.145,0,0
93,M,297.7,307.4,1374.0,37.2,165,0,train,0.095,0,0
94,M,297.9,308.9,1642.0,39.9,57,0,train,0.173,0,0
95,L,295.1,308.0,1648.0,44.8,32,0,train,0.147,1,0
96,M,296.1,308.0,1690.0,54.4,113,0,train,0.007,0,0
97,L,297.7,307.2,1525.0,47.3,118,0,train,0.007,3,0
98,L,297.7,307.9,2083.0,49.6,88,0,train,0.016,3,0
99,H,296.9,307.2,1690.0,54.5,27,0,train,0.167,1,0
100,M,297.6,308.2,1558.0,45.7,29,0,train,0.042,0,0
101,H,298.1,307.8,1342.0,39.6,132,0,train,0.021,0,0
102,L,299.8,307.1,1483.0,50.1,236,0,train,0.027,1,0
103,L,297.8,309.0,1757.0,50.7,149,0,train,0.081,1,0
104,L,298.8,308.4,1808.0,46.5,109,0,train,0.091,2,0
105,L,296.9,307.6,1766.0,25.5,232,0,train,0.037,1,0
106,H,299.1,308.1,1641.0,31.6,172,0,train,0.1,1,0
107,L,298.8,307.9,1274.0,37.3,179,0,train,0.119,1,0
108,H,299.7,307.1,1588.0,47.8,143,0,train,0.147,2,0
109,H,299.4,308.1,1277.0,39.8,190,0,train,0.073,2,0
110,M,299.2,307.4,1232.0,51.4,125,0,train,0.274,0,0
111,L,297.8,307.1,1543.0,53.2,155,0,train,0.047,1,0
112,M,298.5,306.4,1594.0,52.0,154,0,train,0.021,2,0
113,L,300.1,307.6,1663.0,52.1,188,0,train,0.142,2,0
114,M,296.7,308.6,1589.0,29.6,224,0,train,0.194,2,0
115,L,296.7,307.3,1596.0,44.8,73,0,train,0.011,2,0
116,H,298.4,310.5,1323.0,33.9,174,0,train,0.03,2,0
117,M,298.8,308.9,1481.0,23.5,7,0,train,0.084,1,0
118,M,296.4,309.3,1229.0,37.1,133,0,train,0.179,2,0
119,M,297.9,308.8,1139.0,53.2,224,0,train,0.019,1,0
120,M,297.8,309.9,1633.0,44.6,161,0,train,0.06,1,0
121,H,293.6,307.2,1364.0,60.2,66,0,train,0.177,0,0
122,L,297.6,305.4,1657.0,41.8,151,0,train,0.096,1,0
123,H,297.7,307.6,1700.0,64.5,89,0,train,0.031,0,0
124,H,297.7,308.6,1389.0,41.8,108,0,train,0.104,0,0
125,H,300.8,308.2,1606.0,40.2,57,0,train,0.118,1,0
126,L,295.6,308.3,1381.0,27.2,156,0,train,0.143,2,0
127,H,296.4,309.3,1168.0,51.1,49,0,train,0.177,3,0
128,L,292.8,308.4,1522.0,35.0,110,0,train,0.091,0,0
129,M,297.0,308.8,1415.0,33.5,234,0,train,0.05,3,0
130,L,297.2,307.1,1421.0,52.8,189,0,train,0.088,1,0
131,L,297.0,306.9,1856.0,51.6,103,0,train,0.08,2,0
132,L,300.2,309.6,1225.0,51.3,242,0,train,0.017,2,0
133,L,299.7,308.1,1569.0,36.4,3,0,train,0.202,3,0
134,L,298.2,307.4,1321.0,39.5,239,0,train,0.067,0,0
135,H,297.3,307.4,1663.0,39.4,88,0,train,0.157,3,0
136,L,300.1,307.4,1554.0,47.8,205,0,train,0.087,0,0
137,M,298.0,307.3,1568.0,55.5,236,0,train,0.011,3,0
138,L,296.4,306.7,1330.0,43.7,150,0,train,0.07,2,0
139,M,294.6,306.5,1362.0,59.7,152,0,train,0.022,1,0
140,M,297.1,307.8,1667.0,49.0,187,0,train,0.017,1,0
141,L,299.5,307.4,1819.0,37.7,59,0,train,0.066,0,0
142,M,302.6,309.1,1586.0,48.3,44,0,train,0.052,3,0
143,H,298.1,308.3,1338.0,57.1,85,0,train,0.134,2,0
144,H,296.5,308.3,1561.0,60.0,119,0,train,0.051,3,0
145,L,295.6,307.3,1937.0,51.9,185,1,train,0.638,2,1
146,L,299.1,307.9,1518.0,40.3,64,0,train,0.042,3,0
147,M,294.5,308.4,1763.0,37.8,141,0,train,0.093,3,0
148,L,299.1,308.7,1367.0,45.8,0,0,train,0.03,1,0
149,H,299.6,307.9,1492.0,56.7,7,0,train,0.135,2,0
150,L,298.9,309.1,1612.0,44.3,241,0,train,0.054,1,0
151,H,297.6,308.0,1572.0,44.5,212,0,train,0.023,3,0
152,L,299.1,308.8,1362.0,40.5,215,0,train,0.029,2,0
153,L,298.3,307.5,1354.0,36.7,82,0,train,0.026,1,0
154,H,296.4,306.2,1678.0,38.4,128,0,train,0.048,2,0
155,H,301.7,308.3,1714.0,41.4,168,0,train,0.018,1,0
156,H,297.3,308.7,1772.0,57.2,63,0,train,0.091,2,0
157,H,299.6,308.6,1825.0,37.6,186,0,train,0.046,1,0
158,L,293.2,308.4,1524.0,40.5,173,0,train,0.011,1,0
159,L,300.6,307.7,1444.0,31.3,101,0,train,0.077,3,0
160,L,300.9,307.2,1743.0,47.2,108,0,train,0.04,0,0
161,M,298.1,308.6,1628.0,53.7,76,1,train,0.724,3,1
162,L,299.1,308.4,1323.0,56.2,200,0,train,0.013,0,0
163,H,299.1,307.4,1314.0,42.0,246,0,train,0.077,0,0
164,L,296.7,309.1,1589.0,45.7,249,0,train,0.014,0,0
165,L,299.1,307.1,1468.0,38.5,192,0,train,0.008,0,0
166,L,296.4,307.4,1495.0,45.3,87,0,train,0.072,0,0
167,L,296.8,309.6,1693.0,43.1,195,0,train,0.044,3,0
168,L,300.3,308.9,1637.0,40.6,61,0,train,0.126,3,0
169,M,299.9,307.6,1739.0,41.4,224,0,train,0.026,2,0
170,L,296.6,308.3,1152.0,44.5,66,0,train,0.105,0,0
171,M,296.5,308.2,1546.0,37.1,100,0,train,0.135,3,0
172,H,296.7,305.3,1625.0,37.6,23,0,train,0.024,2,0
173,M,299.5,307.1,1225.0,57.1,20,0,train,0.102,2,0
174,M,296.0,307.9,1382.0,67.1,98,0,train,0.042,3,0
175,L,298.7,307.6,1349.0,28.0,137,0,train,0.051,1,0
176,L,299.5,308.2,1504.0,27.4,4,0,train,0.052,1,0
177,L,297.8,309.1,1793.0,30.4,211,0,train,0.031,3,0
178,H,300.0,307.7,1864.0,39.0,28,0,train,0.042,2,0
179,M,297.4,306.9,1353.0,49.0,249,0,train,0.063,2,0
180,L,297.6,308.3,1595.0,45.9,67,0,train,0.04,2,0
181,L,296.0,307.7,1601.0,41.7,94,0,train,0.064,3,0
182,H,300.0,307.8,1570.0,45.3,39,0,train,0.05,1,0
183,M,296.5,307.7,1572.0,33.1,206,0,train,0.037,0,0
184,M,298.7,310.2,1555.0,37.6,183,0,train,0.038,1,0
185,H,297.9,305.8,1804.0,39.8,19,0,train,0.038,2,0
186,M,295.9,307.6,1698.0,24.2,26,0,train,0.034,3,0
187,M,296.8,308.0,1309.0,28.4,152,0,train,0.035,1,0
188,L,300.8,307.2,1643.0,28.8,216,0,train,0.031,2,0
189,L,298.4,308.9,1661.0,47.6,27,0,train,0.228,3,0
190,H,296.0,308.8,1557.0,42.5,55,0,train,0.06,3,0
191,M,298.6,308.0,1704.0,46.1,136,0,train,0.183,3,0
192,L,297.7,307.7,1534.0,21.6,27,0,train,0.082,3,0
193,M,304.9,307.9,1536.0,25.2,76,0,train,0.049,2,0
194,L,298.6,307.9,1522.0,46.6,2,0,train,0.046,1,0
195,H,297.2,307.9,1137.0,12.2,124,0,train,0.007,1,0
196,L,300.8,307.8,1486.0,52.2,178,0,train,0.068,2,0
197,H,294.3,308.3,1380.0,21.8,102,0,train,0.058,0,0
198,M,298.2,308.8,1286.0,48.4,64,0,train,0.008,2,0
199,L,302.0,306.8,1758.0,31.1,106,0,train,0.046,2,0
200,L,297.8,306.9,1591.0,50.5,127,0,train,0.2,2,0
201,H,294.5,306.3,1495.0,72.1,41,0,train,0.024,1,0
202,L,297.2,308.9,1398.0,17.3,27,0,train,0.124,2,0
203,L,300.9,308.3,1553.0,47.0,45,0,train,0.028,0,0
204,M,298.8,308.5,1678.0,21.9,246,0,train,0.223,2,0
205,L,296.3,306.6,1351.0,44.3,180,0,train,0.032,3,0
206,L,296.6,309.8,1499.0,37.9,31,0,train,0.041,3,0
207,L,296.9,307.4,1656.0,41.3,75,0,train,0.293,3,0
208,H,298.7,308.2,1152.0,30.9,102,0,train,0.042,1,0
209,L,300.7,308.9,1490.0,47.8,45,0,train,0.069,0,0
210,L,300.1,307.0,1423.0,25.5,212,0,train,0.151,2,0
211,L,298.9,307.5,1476.0,52.4,235,0,train,0.015,0,0
212,L,295.3,308.2,1410.0,35.9,61,0,train,0.006,1,0
213,L,295.3,310.9,1525.0,26.0,4,0,train,0.059,2,0
214,L,299.1,308.3,1846.0,55.9,66,0,train,0.043,2,0
215,L,295.3,309.6,1442.0,39.3,145,0,train,0.033,2,0
216,L,297.5,309.2,1553.0,59.1,202,1,train,0.659,3,1
217,H,298.6,308.4,1859.0,52.2,84,0,train,0.046,0,0
218,L,295.7,307.0,1401.0,32.0,68,0,train,0.004,3,0
219,L,296.0,309.1,1827.0,39.2,62,0,train,0.03,2,0
220,H,297.8,306.5,1501.0,41.2,0,0,train,0.038,1,0
221,H,299.0,309.6,1821.0,55.3,3,1,train,0.681,1,1
222,M,300.1,308.2,1635.0,44.4,106,0,train,0.045,2,0
223,L,299.2,305.3,1555.0,41.8,154,0,train,0.077,2,0
224,L,298.1,307.7,1488.0,38.0,3,0,train,0.054,1,0
225,L,296.5,308.7,1388.0,39.5,50,0,train,0.079,0,0
226,L,295.9,307.8,1514.0,53.0,227,0,train,0.014,0,0
227,L,297.0,308.7,1662.0,40.0,247,0,train,0.059,1,0
228,M,298.8,307.1,1498.0,36.1,160,0,train,0.022,1,0
229,L,298.7,306.7,1443.0,34.4,130,0,train,0.014,2,0
230,M,293.8,307.9,1455.0,34.5,145,0,train,0.115,3,0
231,L,296.4,308.0,1679.0,26.0,92,0,train,0.091,0,0
232,L,300.4,307.7,1721.0,32.5,50,0,train,0.043,1,0
233,M,298.2,309.2,1380.0,55.0,93,0,train,0.003,0,0
234,H,295.2,307.1,1380.0,37.9,174,0,train,0.005,3,0
235,L,302.7,308.3,1568.0,47.0,165,0,train,0.058,2,0
236,M,297.9,308.1,1775.0,15.2,169,0,train,0.059,0,0
237,L,298.8,306.4,1706.0,45.7,152,0,train,0.042,1,0
238,L,298.8,306.7,1275.0,38.4,15,0,train,0.029,2,0
239,M,297.3,308.0,1452.0,35.2,156,0,train,0.014,3,0
240,L,296.5,310.0,1332.0,41.8,220,0,train,0.065,2,0
241,L,302.2,308.6,1452.0,35.0,162,0,train,0.058,1,0
242,L,300.0,306.3,1789.0,18.8,144,0,train,0.162,2,0
243,L,299.6,304.9,1244.0,49.2,55,0,train,0.161,2,0
244,L,299.2,308.7,1209.0,42.4,198,0,train,0.096,2,0
245,L,296.0,307.9,1351.0,36.9,112,0,train,0.019,0,0
246,H,300.6,309.1,1552.0,30.3,65,0,train,0.107,2,0
247,M,296.3,307.1,1612.0,25.3,122,0,train,0.104,0,0
248,L,298.6,308.4,1579.0,42.2,30,0,train,0.019,3,0
249,L,294.7,308.8,1712.0,56.1,231,0,train,0.1,3,0
250,M,293.9,307.6,1183.0,42.0,175,0,train,0.006,2,0
251,L,298.6,307.6,1714.0,26.2,81,0,train,0.192,2,0
252,M,296.4,308.0,1444.0,42.3,198,0,train,0.037,0,0
253,M,294.0,308.5,1632.0,39.5,13,0,train,0.017,3,0
254,L,299.1,308.0,1262.0,48.6,96,0,train,0.031,1,0
255,L,302.2,309.0,1501.0,46.1,162,0,train,0.084,1,0
256,L,300.8,307.5,1543.0,10.1,5,0,train,0.11,2,0
257,L,297.5,306.7,1708.0,45.5,177,0,train,0.151,3,0
258,L,298.0,310.0,1215.0,30.0,204,0,train,0.061,1,0
259,H,299.8,307.4,1506.0,25.8,148,0,train,0.034,2,0
260,L,300.2,307.4,1305.0,38.1,51,0,train,0.051,2,0
261,M,297.3,307.9,1591.0,44.1,187,0,train,0.01,1,0
262,M,298.1,308.1,1640.0,23.6,84,0,train,0.106,2,0
263,L,298.6,307.6,1732.0,47.0,183,0,train,0.033,3,0
264,L,299.1,308.0,1404.0,47.6,157,0,train,0.027,1,0
265,L,297.7,308.0,1667.0,40.5,23,0,train,0.158,3,0
266,M,297.8,308.2,1745.0,31.3,24,0,train,0.065,3,0
267,L,300.8,305.6,1204.0,30.2,3,0,train,0.054,3,0
268,M,300.4,309.9,1610.0,50.3,17,0,train,0.026,2,0
269,H,299.0,307.9,1673.0,24.9,74,0,train,0.025,3,0
270,M,301.4,308.6,1453.0,50.6,6,0,train,0.018,2,0
271,H,297.2,306.6,1282.0,38.3,234,0,train,0.04,3,0
272,M,301.2,307.5,1670.0,39.0,229,0,train,0.033,2,0
273,H,299.1,307.3,1284.0,22.9,43,1,train,0.71,3,1
274,H,304.5,309.5,1468.0,38.5,77,0,train,0.11,3,0
275,M,295.6,307.4,1493.0,46.1,185,0,train,0.017,3,0
276,H,296.6,308.8,1629.0,26.6,165,1,train,0.622,2,1
277,H,298.8,307.3,1387.0,45.0,145,0,train,0.065,2,0
278,L,298.8,307.5,1377.0,40.9,247,0,train,0.043,3,0
279,M,301.9,307.8,1518.0,33.6,157,0,train,0.075,1,0
280,M,296.7,309.3,1681.0,48.5,167,0,train,0.103,0,0
281,H,299.8,306.1,1912.0,18.0,125,0,train,0.064,3,0
282,L,300.3,306.7,1229.0,43.5,131,0,train,0.059,2,0
283,H,299.4,306.1,1557.0,56.2,72,0,train,0.002,1,0
284,M,296.1,306.9,1304.0,54.4,130,0,train,0.013,2,0
285,H,300.8,307.2,1683.0,43.9,229,0,train,0.059,0,0
286,L,300.5,306.4,1331.0,37.0,94,0,train,0.064,1,0
287,M,299.2,307.3,1379.0,33.6,33,0,train,0.051,1,0
288,M,298.4,306.0,1394.0,37.0,149,0,train,0.081,1,0
289,H,298.5,307.0,1486.0,45.4,196,0,train,0.032,3,0
290,H,297.8,309.2,1558.0,31.9,239,0,train,0.023,2,0
291,M,299.3,308.4,1587.0,47.6,135,0,train,0.101,0,0
292,M,298.1,308.2,1499.0,61.3,197,0,train,0.056,1,0
293,L,296.3,307.0,1261.0,39.4,62,0,train,0.103,0,0
294,H,295.9,306.5,1631.0,26.6,106,0,train,0.035,3,0
295,L,296.5,306.9,1490.0,26.6,104,0,train,0.077,1,0
296,M,298.4,308.0,1709.0,47.8,83,0,train,0.047,1,0
297,M,297.9,308.9,1373.0,39.4,179,0,train,0.065,1,0
298,L,298.4,308.9,1212.0,48.8,220,0,train,0.03,0,0
299,L,299.0,308.6,1494.0,34.7,81,0,train,0.034,3,0
300,L,296.7,307.3,1733.0,48.3,33,0,train,0.04,2,0
301,H,300.9,308.0,1529.0,38.4,206,0,train,0.022,1,0
302,M,297.5,307.7,1464.0,32.7,212,0,train,0.064,1,0
303,L,297.1,307.8,1343.0,36.0,233,0,train,0.026,2,0
304,M,299.0,310.0,1816.0,28.0,63,0,train,0.053,0,0
305,L,294.3,306.2,1315.0,59.9,179,0,train,0.032,3,0
306,H,296.4,307.8,1369.0,39.0,178,0,train,0.04,2,0
307,L,300.0,309.2,1603.0,46.4,197,0,train,0.073,0,0
308,L,294.5,306.5,1166.0,34.6,201,0,train,0.297,2,0
309,L,300.2,307.4,1729.0,29.5,238,1,train,0.606,3,1
310,M,301.0,307.5,1612.0,37.7,119,0,train,0.177,0,0
311,L,297.3,307.8,1662.0,51.0,18,0,train,0.019,2,0
312,M,298.6,306.4,1600.0,34.8,48,0,train,0.05,2,0
313,L,300.2,308.6,1471.0,31.3,221,0,train,0.033,3,0
314,L,297.1,308.7,1309.0,41.6,211,0,train,0.135,2,0
315,L,299.7,308.5,1475.0,45.0,2,0,train,0.077,2,0
316,L,296.7,307.1,1324.0,56.4,91,0,train,0.166,3,0
317,H,297.0,308.1,1588.0,43.5,61,0,train,0.065,3,0
318,L,296.4,307.1,1645.0,46.4,80,0,train,0.06,1,0
319,H,298.7,307.7,1766.0,47.2,159,0,train,0.016,2,0
320,L,300.3,310.2,1567.0,28.5,127,0,train,0.2,0,0
321,L,297.6,308.1,1666.0,30.4,120,0,train,0.016,3,0
322,L,295.5,306.8,1447.0,29.2,108,0,train,0.066,3,0
323,L,295.8,308.2,1414.0,26.7,160,0,train,0.178,1,0
324,M,298.8,306.6,1585.0,48.0,170,0,train,0.117,2,0
325,M,301.7,306.8,1430.0,42.9,10,0,train,0.067,3,0
326,L,298.8,307.0,1548.0,40.8,34,0,train,0.077,0,0
327,M,297.2,307.6,1309.0,14.1,85,0,train,0.059,2,0
328,M,299.5,308.9,1341.0,60.6,108,0,train,0.001,3,0
329,H,297.5,308.6,1614.0,31.1,249,0,train,0.073,3,0
330,H,297.2,308.5,1660.0,60.5,222,0,train,0.069,0,0
331,M,296.1,306.9,1323.0,25.5,162,0,train,0.083,3,0
332,H,300.8,307.5,1621.0,31.9,9,0,train,0.025,3,0
333,M,292.9,308.3,1404.0,18.0,25,0,train,0.114,0,0
334,L,299.6,307.4,1503.0,43.6,114,0,train,0.079,2,0
335,M,297.1,307.7,1755.0,29.0,146,0,train,0.063,2,0
336,L,297.2,308.4,1645.0,29.3,165,0,train,0.081,3,0
337,M,301.4,307.7,1643.0,26.3,35,0,train,0.038,0,0
338,H,296.6,308.2,1844.0,47.8,221,0,train,0.052,3,0
339,L,296.6,309.6,1373.0,47.1,123,0,train,0.119,2,0
340,H,297.7,307.8,1323.0,58.1,148,0,train,0.133,1,0
341,H,298.8,309.2,1370.0,33.1,9,0,train,0.027,1,0
342,L,297.1,308.6,1454.0,42.2,206,0,train,0.063,3,0
343,M,294.9,306.5,1076.0,27.1,135,0,train,0.002,3,0
344,H,296.3,306.9,1463.0,36.6,55,0,train,0.079,1,0
345,H,300.6,307.2,1402.0,34.8,79,0,train,0.077,3,0
346,L,298.1,307.1,1641.0,44.6,88,0,train,0.231,2,0
347,L,298.9,307.9,1563.0,50.2,6,0,train,0.233,0,0
348,M,297.5,308.6,1392.0,49.9,235,0,train,0.108,2,0
349,L,296.7,309.3,1606.0,31.6,200,0,train,0.139,3,0
350,L,301.4,308.3,1630.0,50.0,221,0,train,0.07,0,0
351,L,297.6,307.6,1362.0,39.6,88,0,train,0.05,0,0
352,L,297.1,305.9,1411.0,36.8,139,0,train,0.024,0,0
353,M,300.2,308.1,1099.0,32.9,114,0,train,0.151,2,0
354,M,296.6,308.0,1304.0,34.4,118,0,train,0.017,0,0
355,M,296.8,308.2,1366.0,57.4,147,0,train,0.036,3,0
356,M,298.0,310.1,1513.0,43.1,112,0,train,0.062,0,0
357,L,298.0,309.2,1330.0,41.7,193,0,train,0.007,0,0
358,L,298.5,308.8,1408.0,37.4,14,0,train,0.006,1,0
359,L,302.2,307.0,1279.0,64.5,48,0,train,0.005,3,0
360,L,298.7,307.5,1531.0,53.1,223,0,train,0.025,3,0
361,L,293.2,307.9,1577.0,32.8,220,0,train,0.033,1,0
362,L,298.7,307.2,1572.0,37.3,204,0,train,0.085,2,0
363,L,298.1,308.5,1502.0,37.9,92,0,train,0.122,3,0
364,L,298.1,308.4,1223.0,41.5,114,0,train,0.033,3,0
365,M,298.5,306.9,1388.0,33.0,6,0,train,0.146,0,0
366,M,297.9,309.2,1427.0,44.4,69,0,train,0.136,3,0
367,H,297.9,308.1,1427.0,54.5,181,1,train,0.758,3,1
368,M,299.2,306.3,1513.0,26.9,85,0,train,0.078,2,0
369,M,296.9,307.9,1757.0,28.7,120,0,train,0.02,2,0
370,L,296.1,308.3,1646.0,35.2,30,1,train,0.616,1,1
371,M,304.0,309.0,1322.0,35.6,124,0,train,0.074,3,0
372,L,296.6,307.7,1622.0,60.0,180,0,train,0.113,3,0
373,L,298.2,308.8,1615.0,50.0,143,0,train,0.113,2,0
374,L,295.0,308.2,1355.0,49.4,139,0,train,0.094,2,0
375,L,298.2,306.7,1653.0,37.4,228,0,train,0.172,1,0
376,L,296.1,306.6,1471.0,37.1,58,0,train,0.014,2,0
377,M,297.1,309.1,1246.0,25.5,74,0,train,0.031,0,0
378,H,300.1,309.2,1582.0,47.8,155,0,train,0.103,3,0
379,M,298.9,308.3,1539.0,44.9,120,0,train,0.089,2,0
380,M,299.1,309.5,1459.0,52.9,244,0,train,0.003,2,0
381,M,294.5,309.1,1493.0,37.9,14,0,train,0.177,0,0
382,L,301.7,308.7,1371.0,38.6,30,0,train,0.05,2,0
383,M,295.6,307.1,1610.0,41.7,85,0,train,0.14,0,0
384,M,301.1,309.7,1492.0,48.9,114,0,train,0.09,3,0
385,L,300.0,308.5,1530.0,25.3,222,0,train,0.127,2,0
386,L,299.2,307.6,1564.0,47.4,123,0,train,0.029,1,0
387,H,296.3,307.3,1292.0,39.8,109,0,train,0.093,3,0
388,M,298.3,308.3,1339.0,29.4,41,0,train,0.134,3,0
389,L,297.1,306.3,1102.0,19.2,108,0,train,0.03,0,0
390,M,298.1,308.7,1602.0,38.6,132,0,train,0.062,0,0
391,L,297.5,307.0,1282.0,54.5,145,0,train,0.091,1,0
392,L,293.9,308.4,1524.0,56.7,151,1,train,0.631,0,1
393,L,300.2,307.5,1567.0,43.6,107,0,train,0.042,2,0
394,L,297.8,307.7,1608.0,59.6,39,1,train,0.722,2,1
395,M,297.0,307.2,1283.0,39.6,38,0,train,0.058,2,0
396,L,296.9,307.8,1488.0,49.5,38,0,train,0.006,0,0
397,M,298.7,309.9,1801.0,35.5,154,0,train,0.067,3,0
398,L,296.2,309.4,1809.0,34.9,214,0,train,0.023,3,0
399,M,293.5,308.4,1678.0,33.2,220,0,train,0.085,2,0
400,M,298.8,308.0,1561.0,19.4,77,0,train,0.033,0,0
401,M,299.0,308.8,1319.0,52.9,19,1,train,0.754,1,1
402,M,297.6,309.1,1629.0,33.6,157,0,train,0.206,2,0
403,H,295.7,307.2,1472.0,32.0,9,0,train,0.073,2,0
404,M,298.2,307.9,1601.0,28.2,156,0,train,0.089,0,0
405,M,295.1,306.2,1386.0,38.0,95,0,train,0.094,3,0
406,M,295.9,309.1,1469.0,57.6,209,0,train,0.122,3,0
407,L,296.5,310.1,1530.0,60.9,156,0,train,0.061,2,0
408,L,299.7,308.1,1544.0,23.4,184,0,train,0.133,1,0
409,L,297.3,305.9,1589.0,36.5,101,0,train,0.19,2,0
410,L,297.1,308.6,1396.0,29.7,210,0,train,0.023,0,0
411,L,301.9,307.1,1258.0,49.9,131,0,train,0.092,2,0
412,L,298.7,307.3,1792.0,42.9,156,0,train,0.081,0,0
413,M,298.7,308.6,1948.0,33.6,90,0,train,0.063,0,0
414,L,297.3,308.3,1581.0,40.7,112,0,train,0.113,2,0
415,H,296.8,307.5,1262.0,35.2,210,0,train,0.023,2,0
416,L,293.6,307.4,1361.0,56.1,98,0,train,0.194,3,0
417,M,299.9,308.1,1592.0,45.5,5,0,train,0.069,2,0
418,L,298.9,307.6,1741.0,46.7,94,0,train,0.155,3,0
419,L,297.6,306.9,1282.0,13.3,97,0,train,0.02,3,0
420,L,297.7,307.7,1478.0,39.3,104,0,train,0.139,1,0
421,M,299.5,308.3,1535.0,60.8,17,1,train,0.632,3,1
422,L,294.9,307.8,1656.0,53.3,32,0,train,0.021,1,0
423,H,296.8,306.6,1438.0,21.5,81,1,train,0.621,2,1
424,L,295.7,309.0,1219.0,36.9,105,0,train,0.027,0,0
425,M,301.5,305.3,1612.0,28.0,7,0,train,0.019,0,0
426,L,299.8,307.6,1702.0,57.1,97,0,train,0.039,2,0
427,M,293.6,307.4,1485.0,42.4,80,0,train,0.066,1,0
428,L,295.0,308.1,1573.0,32.3,8,0,train,0.022,2,0
429,L,297.7,308.6,1415.0,40.3,62,0,train,0.077,0,0
430,L,297.1,309.1,1348.0,13.9,68,0,train,0.077,1,0
431,L,295.4,307.3,1685.0,29.2,35,0,train,0.053,2,0
432,L,301.9,308.6,1570.0,40.4,187,0,train,0.066,2,0
433,H,298.6,308.2,1588.0,48.5,18,0,train,0.02,3,0
434,L,298.9,306.3,1770.0,20.6,144,0,train,0.111,3,0
435,L,296.6,309.9,1310.0,36.2,166,0,train,0.03,3,0
436,H,299.4,306.6,1401.0,50.1,201,0,train,0.136,0,0
437,L,297.2,308.4,1528.0,25.5,136,1,train,0.644,2,1
438,L,297.4,308.4,1398.0,42.3,135,1,train,0.616,0,1
439,M,299.2,308.3,1641.0,40.7,190,0,train,0.081,1,0
440,H,294.7,307.5,1466.0,57.1,213,0,train,0.135,0,0
441,M,301.2,308.8,1321.0,37.7,52,0,train,0.041,1,0
442,L,298.4,306.4,1512.0,38.3,199,0,train,0.018,0,0
443,H,300.6,307.9,1531.0,48.5,115,0,train,0.039,2,0
444,L,295.8,307.4,1668.0,26.7,24,0,train,0.034,0,0
445,H,296.2,307.3,1571.0,37.8,153,0,train,0.136,2,0
446,H,295.7,308.4,1583.0,35.4,244,0,train,0.142,2,0
447,H,298.5,309.1,1558.0,38.6,35,0,train,0.108,0,0
448,L,298.1,307.7,1466.0,48.5,3,0,train,0.08,0,0
449,L,297.1,308.8,1371.0,45.5,229,0,train,0.062,3,0
450,M,296.0,308.0,1552.0,32.5,149,0,train,0.006,2,0
451,M,295.5,307.1,1440.0,41.4,54,0,train,0.019,1,0
452,M,297.9,307.7,1804.0,54.9,198,1,train,0.69,3,1
453,H,297.1,307.7,1742.0,31.7,98,0,train,0.029,0,0
454,M,296.6,307.3,1614.0,41.5,82,0,train,0.045,3,0
455,L,301.1,308.4,1568.0,38.1,72,0,train,0.023,0,0
456,L,297.8,308.2,1484.0,39.4,149,0,train,0.061,2,0
457,L,300.5,306.4,1273.0,23.7,33,0,train,0.037,0,0
458,L,296.9,306.3,1461.0,54.1,90,0,train,0.029,0,0
459,L,298.5,308.4,1518.0,32.3,76,0,train,0.051,1,0
460,H,297.9,307.2,1541.0,50.3,15,0,train,0.141,0,0
461,M,294.6,308.3,1585.0,33.8,190,0,train,0.095,1,0
462,M,300.9,308.8,1666.0,33.7,2,0,train,0.012,0,0
463,L,297.7,306.7,1375.0,52.1,239,0,train,0.038,0,0
464,M,299.5,306.6,1377.0,49.9,23,0,train,0.086,3,0
465,H,296.5,309.7,1761.0,42.1,89,0,train,0.09,3,0
466,H,297.7,308.4,1639.0,47.6,24,0,train,0.034,3,0
467,M,296.3,307.6,1430.0,37.1,91,1,train,0.81,0,1
468,H,300.5,307.1,1481.0,39.9,152,0,train,0.02,1,0
469,M,298.6,307.5,1482.0,33.4,21,0,train,0.067,1,0
470,L,298.7,306.8,1506.0,49.0,131,0,train,0.108,1,0
471,H,300.7,308.9,1585.0,33.1,192,0,train,0.021,1,0
472,L,300.3,307.2,1956.0,54.9,113,0,train,0.088,2,0
473,L,299.5,309.1,1534.0,36.8,28,0,train,0.05,1,0
474,L,295.2,307.6,1619.0,40.2,172,0,train,0.076,1,0
475,M,296.6,307.0,1196.0,47.6,46,0,train,0.052,3,0
476,M,296.0,307.6,1413.0,40.2,4,0,train,0.01,3,0
477,M,299.5,305.4,1721.0,37.0,109,0,train,0.102,1,0
478,L,298.3,307.9,1572.0,39.7,67,0,train,0.007,0,0
479,L,295.2,307.8,710.0,48.9,7,0,train,0.031,2,0
480,H,297.6,308.8,1621.0,33.4,194,0,train,0.088,1,0
481,L,295.0,306.1,1845.0,38.7,149,0,test,0.07,3,0
482,H,297.9,309.2,1141.0,40.1,227,0,test,0.038,1,0
483,L,294.7,308.8,1773.0,48.6,120,0,test,0.038,0,0
484,M,299.1,309.3,1001.0,39.0,109,0,test,0.051,0,0
485,M,298.8,307.9,1669.0,58.1,210,0,test,0.012,0,0
486,H,301.8,309.0,1498.0,38.4,20,0,test,0.058,1,0
487,L,299.7,306.5,1077.0,37.6,90,0,test,0.06,1,0
488,H,297.2,308.7,1580.0,38.3,199,0,test,0.001,3,0
489,M,299.6,307.2,1707.0,26.8,73,0,test,0.157,3,0
490,M,295.2,306.3,1565.0,29.6,221,0,test,0.078,0,0
491,M,296.1,306.9,1605.0,34.7,71,0,test,0.104,3,0
492,L,298.7,308.0,1426.0,51.4,103,0,test,0.035,2,0
493,L,293.7,307.2,1165.0,39.7,224,0,test,0.216,1,0
494,L,297.9,308.4,1625.0,35.2,60,0,test,0.174,1,0
495,L,296.0,306.2,1815.0,52.3,242,0,test,0.146,1,0
496,M,298.2,305.9,1703.0,55.5,10,0,test,0.062,0,0
497,L,295.8,309.4,1142.0,52.6,66,0,test,0.112,3,0
498,L,298.8,308.9,1227.0,31.5,147,1,test,0.668,0,1
499,L,298.0,307.0,1348.0,35.0,148,0,test,0.082,0,0
500,L,300.8,308.0,1213.0,58.1,227,0,test,0.012,1,0
501,L,298.0,309.0,1508.0,42.4,239,0,test,0.043,0,0
502,M,296.5,308.4,1571.0,37.3,169,0,test,0.17,0,0
503,L,297.5,308.1,1243.0,47.2,164,0,test,0.053,1,0
504,H,295.3,309.1,1640.0,50.1,79,0,test,0.029,1,0
505,L,298.8,307.3,1608.0,34.3,201,0,test,0.054,0,0
506,L,299.2,308.0,1401.0,42.2,160,0,test,0.009,3,0
507,H,302.9,308.0,1469.0,49.3,6,0,test,0.127,3,0
508,L,296.8,307.7,1149.0,28.4,208,0,test,0.109,2,0
509,L,297.5,307.6,1440.0,40.1,89,0,test,0.016,2,0
510,H,296.8,308.1,1501.0,28.9,118,0,test,0.035,3,0
511,H,298.4,308.0,1530.0,30.2,121,0,test,0.009,1,0
512,M,298.8,307.0,1568.0,34.4,204,0,test,0.105,1,0
513,L,297.9,308.8,1544.0,44.8,66,0,test,0.039,0,0
514,M,300.2,307.0,1452.0,36.8,97,0,test,0.026,2,0
515,H,296.8,307.8,1552.0,33.5,9,0,test,0.182,0,0
516,H,300.0,307.7,1680.0,40.5,87,0,test,0.077,2,0
517,L,299.1,308.4,1483.0,28.5,22,0,test,0.062,3,0
518,L,298.0,305.9,1557.0,44.3,145,0,test,0.068,0,0
519,L,297.4,308.9,1466.0,51.3,223,0,test,0.052,2,0
520,L,302.9,307.3,1384.0,39.2,116,0,test,0.056,1,0
521,M,296.4,309.2,1594.0,38.0,228,0,test,0.035,1,0
522,L,298.6,307.5,1400.0,43.7,244,0,test,0.18,2,0
523,L,296.5,308.0,1570.0,19.7,13,0,test,0.067,0,0
524,L,301.6,309.9,1505.0,45.4,129,0,test,0.038,3,0
525,L,299.8,307.7,1445.0,71.0,132,0,test,0.064,1,0
526,L,296.6,309.2,1441.0,38.8,96,0,test,0.051,1,0
527,L,299.0,308.0,1409.0,38.8,207,0,test,0.022,3,0
528,L,298.5,308.4,1204.0,47.4,98,0,test,0.121,0,0
529,H,297.0,308.1,1569.0,56.5,13,0,test,0.005,1,0
530,L,299.5,308.8,1542.0,49.7,136,0,test,0.019,3,0
531,M,298.8,307.3,1653.0,18.4,50,0,test,0.12,1,0
532,L,298.4,307.0,1404.0,45.6,88,0,test,0.132,0,0
533,L,297.9,307.4,1841.0,65.7,125,0,test,0.033,1,0
534,L,298.9,308.1,1432.0,46.2,180,0,test,0.026,3,0
535,L,298.5,307.8,1342.0,28.5,69,0,test,0.027,3,0
536,L,298.1,308.7,1321.0,42.8,95,0,test,0.057,3,0
537,L,296.7,309.3,1188.0,27.2,16,0,test,0.019,1,0
538,M,301.4,307.0,1776.0,52.3,96,0,test,0.088,3,0
539,L,295.9,307.3,1747.0,30.4,145,0,test,0.065,1,0
540,L,298.9,306.6,1608.0,40.7,154,0,test,0.059,3,0
541,M,297.4,310.0,1339.0,31.4,73,0,test,0.08,3,0
542,L,301.5,308.3,1826.0,34.5,15,0,test,0.087,0,0
543,L,296.2,308.5,1437.0,54.9,144,0,test,0.039,3,0
544,L,296.5,306.7,1452.0,41.0,163,0,test,0.084,2,0
545,L,296.1,308.0,1759.0,34.4,21,0,test,0.289,2,0
546,L,298.6,308.5,1619.0,28.5,126,0,test,0.078,3,0
547,H,295.3,307.7,1896.0,21.3,23,0,test,0.083,0,0
548,H,297.0,309.1,1545.0,27.5,113,0,test,0.059,2,0
549,H,293.7,310.3,1429.0,41.1,160,0,test,0.051,0,0
550,L,298.5,307.1,1390.0,49.8,179,0,test,0.075,1,0
551,L,297.0,307.0,1168.0,34.4,178,0,test,0.085,0,0
552,L,295.0,307.1,1450.0,55.7,189,0,test,0.013,0,0
553,L,300.2,309.6,1706.0,32.8,60,0,test,0.086,3,0
554,L,295.4,309.0,1608.0,37.6,211,0,test,0.06,1,0
555,L,299.6,307.9,1504.0,29.2,87,0,test,0.008,1,0
556,L,296.6,308.0,1321.0,49.9,93,0,test,0.013,1,0
557,L,301.2,307.2,1541.0,61.0,196,0,test,0.014,2,0
558,L,299.5,308.9,1682.0,22.4,81,0,test,0.012,2,0
559,M,296.0,307.6,1578.0,36.5,18,0,test,0.051,2,0
560,L,296.2,307.7,1530.0,52.6,178,0,test,0.105,3,0
561,H,299.2,308.6,1357.0,25.5,165,0,test,0.038,1,0
562,L,297.5,307.8,1656.0,45.7,145,0,test,0.033,3,0
563,M,297.7,307.8,936.0,52.2,35,0,test,0.017,3,0
564,L,300.5,308.0,1569.0,40.8,157,0,test,0.11,2,0
565,L,296.5,308.8,1963.0,45.5,49,0,test,0.091,0,0
566,L,298.2,309.6,1228.0,57.6,138,0,test,0.032,1,0
567,L,299.9,308.6,1457.0,59.5,126,0,test,0.018,2,0
568,M,299.6,308.8,1499.0,39.4,193,0,test,0.134,1,0
569,L,297.7,307.8,1417.0,34.7,244,0,test,0.074,1,0
570,L,297.4,307.3,1687.0,30.8,47,0,test,0.019,1,0
571,H,294.5,308.7,1585.0,49.8,28,0,test,0.065,0,0
572,L,295.9,308.2,1527.0,26.3,138,0,test,0.011,0,0
573,M,298.6,306.6,1644.0,37.5,237,0,test,0.044,3,0
574,M,297.7,307.7,1503.0,41.0,39,0,test,0.053,0,0
575,L,298.1,307.9,2072.0,35.0,121,0,test,0.052,3,0
576,L,300.1,307.5,1527.0,42.8,101,0,test,0.154,1,0
577,L,295.6,309.5,1535.0,65.6,79,0,test,0.065,3,0
578,M,297.5,308.5,1192.0,38.8,165,0,test,0.045,1,0
579,L,298.4,309.4,1402.0,35.6,73,0,test,0.027,3,0
580,L,296.6,308.3,1707.0,50.2,123,0,test,0.033,2,0
581,L,300.9,308.1,1260.0,42.4,211,0,test,0.116,3,0
582,H,299.8,307.1,1112.0,54.4,94,0,test,0.151,0,0
583,M,298.6,308.0,1506.0,41.6,5,0,test,0.063,3,0
584,H,301.6,308.0,1747.0,37.5,221,0,test,0.092,1,0
585,M,295.0,306.6,1508.0,22.2,68,0,test,0.042,1,0
586,M,298.0,307.5,1439.0,23.8,193,0,test,0.104,0,0
587,L,298.7,307.7,1165.0,21.6,190,0,test,0.106,3,0
588,H,296.2,308.4,1581.0,43.8,131,0,test,0.09,2,0
589,M,298.6,308.5,1619.0,26.4,21,0,test,0.123,3,0
590,L,295.8,307.4,1179.0,52.6,237,0,test,0.108,2,0
591,M,299.4,308.5,1704.0,40.3,170,0,test,0.096,0,0
592,M,300.1,307.8,1638.0,37.6,106,0,test,0.063,1,0
593,L,298.5,305.1,1704.0,31.6,213,0,test,0.059,1,0
594,L,294.3,307.5,1605.0,46.2,197,0,test,0.039,0,0
595,L,296.1,309.1,1618.0,32.0,190,0,test,0.006,3,0
596,H,299.1,306.3,1594.0,30.1,41,0,test,0.107,3,0
597,L,298.0,308.1,1656.0,51.9,158,0,test,0.079,2,0
598,H,292.6,309.6,1173.0,43.5,71,1,test,0.694,2,1
599,L,300.5,307.2,1230.0,37.7,19,0,test,0.168,2,0
600,M,298.3,308.0,1368.0,46.4,84,0,test,0.051,2,0
