asset_tag,transaction_date,severity_score,y_true,probability,y_pred,threshold,model_variant,split
AST-1041,2024-07-21,0,0,0.3161165698963026,0,7,default,Test
AST-1042,2024-07-21,0,0,0.38524170871039437,0,7,default,Test
AST-2017,2024-07-21,0,0,0.17824278070797447,0,7,default,Test
AST-2031,2024-07-21,0,0,0.42388847914427324,0,7,default,Test
AST-3008,2024-07-21,0,0,0.1912712326967095,0,7,default,Test
AST-3019,2024-07-21,0,0,0.15899364524328627,0,7,default,Test
AST-4055,2024-07-21,0,0,0.32565324680614627,0,7,default,Test
AST-4061,2024-07-21,0,0,0.16148256995487392,0,7,default,Test
AST-5003,2024-07-21,0,0,0.32355058729190816,0,7,default,Test
AST-5007,2024-07-21,0,0,0.1923281089548938,0,7,default,Test
AST-1041,2024-07-22,10,1,0.6325027335058641,1,7,default,Test
AST-1042,2024-07-22,6,0,0.5497804693315314,1,7,default,Test
AST-2017,2024-07-22,23,1,0.3341083949130437,0,7,default,Test
AST-2031,2024-07-22,10,1,0.6480818242648813,1,7,default,Test
AST-3008,2024-07-22,7,1,0.3554690904000633,0,7,default,Test
AST-3019,2024-07-22,5,0,0.34852431028302067,0,7,default,Test
AST-4055,2024-07-22,11,1,0.5122138737967364,1,7,default,Test
AST-4061,2024-07-22,0,0,0.33260316476873547,0,7,default,Test
AST-5003,2024-07-22,14,1,0.40795381551862236,0,7,default,Test
AST-5007,2024-07-22,7,1,0.2146865327231278,0,7,default,Test
AST-1041,2024-07-23,2,0,0.48814605037522096,0,7,default,Test
AST-1042,2024-07-23,4,0,0.6477075703723657,1,7,default,Test
AST-2017,2024-07-23,12,1,0.431631217071381,0,7,default,Test
AST-2031,2024-07-23,14,1,0.6638067778809205,1,7,default,Test
AST-3008,2024-07-23,4,0,0.41129472476942947,0,7,default,Test
AST-3019,2024-07-23,7,1,0.30391450672605363,0,7,default,Test
AST-4055,2024-07-23,6,0,0.5403294665233449,1,7,default,Test
AST-4061,2024-07-23,8,1,0.19602522794232086,0,7,default,Test
AST-5003,2024-07-23,8,1,0.3924764558009394,0,7,default,Test
AST-5007,2024-07-23,4,0,0.23630624687035567,0,7,default,Test
AST-1041,2024-07-24,8,1,0.4652999495495587,0,7,default,Test
AST-1042,2024-07-24,11,1,0.47910366233504864,0,7,default,Test
AST-2017,2024-07-24,16,1,0.2523011907148903,0,7,default,Test
AST-2031,2024-07-24,0,0,0.5487079624804593,1,7,default,Test
AST-3008,2024-07-24,8,1,0.360386937761906,0,7,default,Test
AST-3019,2024-07-24,14,1,0.2508399756813145,0,7,default,Test
AST-4055,2024-07-24,6,0,0.5270536952470245,1,7,default,Test
AST-4061,2024-07-24,1,0,0.33105035508948655,0,7,default,Test
AST-5003,2024-07-24,9,1,0.3844678623253187,0,7,default,Test
AST-5007,2024-07-24,12,1,0.38652171300429894,0,7,default,Test
AST-1041,2024-07-25,9,1,0.4802661074608652,0,7,default,Test
AST-1042,2024-07-25,4,0,0.4820451106939184,0,7,default,Test
AST-2017,2024-07-25,8,1,0.2733799197749726,0,7,default,Test
AST-2031,2024-07-25,4,0,0.6647913819809002,1,7,default,Test
AST-3008,2024-07-25,6,0,0.4246749324775314,0,7,default,Test
AST-3019,2024-07-25,4,0,0.3477639776367445,0,7,default,Test
AST-4055,2024-07-25,7,1,0.4957135787041356,0,7,default,Test
AST-4061,2024-07-25,13,1,0.26590198148622207,0,7,default,Test
AST-5003,2024-07-25,8,1,0.3913656764454702,0,7,default,Test
AST-5007,2024-07-25,4,0,0.22514842988120246,0,7,default,Test
AST-1041,2024-07-26,16,1,0.48140625107704854,0,7,default,Test
AST-1042,2024-07-26,4,0,0.6249677231847975,1,7,default,Test
AST-2017,2024-07-26,20,1,0.336169457407631,0,7,default,Test
AST-2031,2024-07-26,10,1,0.6864941234367459,1,7,default,Test
AST-3008,2024-07-26,2,0,0.46138194203346683,0,7,default,Test
AST-3019,2024-07-26,0,0,0.26365453662681654,0,7,default,Test
AST-4055,2024-07-26,7,1,0.5025383324527503,1,7,default,Test
AST-4061,2024-07-26,10,1,0.3204354065048198,0,7,default,Test
AST-5003,2024-07-26,10,1,0.3829729192994498,0,7,default,Test
AST-5007,2024-07-26,0,0,0.34821895384917145,0,7,default,Test
AST-1041,2024-07-27,0,0,0.2978250820363207,0,7,default,Test
AST-1042,2024-07-27,0,0,0.33174948555392125,0,7,default,Test
AST-2017,2024-07-27,0,0,0.1462736054615657,0,7,default,Test
AST-2031,2024-07-27,0,0,0.5327629247973176,1,7,default,Test
AST-3008,2024-07-27,0,0,0.21604594079938905,0,7,default,Test
AST-3019,2024-07-27,0,0,0.1887595695006634,0,7,default,Test
AST-4055,2024-07-27,0,0,0.37421094304581176,0,7,default,Test
AST-4061,2024-07-27,0,0,0.11999578073096533,0,7,default,Test
AST-5003,2024-07-27,0,0,0.20830699109922687,0,7,default,Test
AST-5007,2024-07-27,0,0,0.14385078372449958,0,7,default,Test
AST-1041,2024-07-28,0,0,0.31728662904746857,0,7,default,Test
AST-1042,2024-07-28,0,0,0.30425454476062086,0,7,default,Test
AST-2017,2024-07-28,0,0,0.18969166818833397,0,7,default,Test
AST-2031,2024-07-28,0,0,0.41460385365334823,0,7,default,Test
AST-3008,2024-07-28,0,0,0.262144703347883,0,7,default,Test
AST-3019,2024-07-28,0,0,0.15615576843360113,0,7,default,Test
AST-4055,2024-07-28,0,0,0.3032778852951749,0,7,default,Test
AST-4061,2024-07-28,0,0,0.15114861457978554,0,7,default,Test
AST-5003,2024-07-28,0,0,0.19870672290119964,0,7,default,Test
AST-5007,2024-07-28,0,0,0.21438187103840753,0,7,default,Test
AST-1041,2024-07-29,15,1,0.5046954246280202,1,7,default,Test
AST-1042,2024-07-29,8,1,0.5005912225083897,1,7,default,Test
AST-2017,2024-07-29,14,1,0.24297270980640795,0,7,default,Test
AST-2031,2024-07-29,12,1,0.6762078016616206,1,7,default,Test
AST-3008,2024-07-29,6,0,0.40285597288839076,0,7,default,Test
AST-3019,2024-07-29,10,1,0.2933702327111628,0,7,default,Test
AST-4055,2024-07-29,16,1,0.42247226653708586,0,7,default,Test
AST-4061,2024-07-29,3,0,0.28963940958009743,0,7,default,Test
AST-5003,2024-07-29,2,0,0.4092146685988567,0,7,default,Test
AST-5007,2024-07-29,1,0,0.24083545325563122,0,7,default,Test
AST-1041,2024-07-30,4,0,0.5778052774641069,1,7,default,Test
AST-1042,2024-07-30,1,0,0.42994799355189073,0,7,default,Test
AST-2017,2024-07-30,14,1,0.24322112422376874,0,7,default,Test
AST-2031,2024-07-30,10,1,0.5718377474242728,1,7,default,Test
AST-3008,2024-07-30,10,1,0.37590235711724307,0,7,default,Test
AST-3019,2024-07-30,8,1,0.28035078537973546,0,7,default,Test
AST-4055,2024-07-30,12,1,0.5450222846039993,1,7,default,Test
AST-4061,2024-07-30,0,0,0.3083652326152327,0,7,default,Test
AST-5003,2024-07-30,14,1,0.3895070425818917,0,7,default,Test
AST-5007,2024-07-30,4,0,0.30350699740894943,0,7,default,Test
AST-1041,2024-07-31,2,0,0.5470874016904389,1,7,default,Test
AST-1042,2024-07-31,1,0,0.4318554111995027,0,7,default,Test
AST-2017,2024-07-31,10,1,0.33262094500534667,0,7,default,Test
AST-2031,2024-07-31,8,1,0.5641423884133172,1,7,default,Test
AST-3008,2024-07-31,4,0,0.3300900821571048,0,7,default,Test
AST-3019,2024-07-31,14,1,0.28649954883360584,0,7,default,Test
AST-4055,2024-07-31,10,1,0.509732456782965,1,7,default,Test
AST-4061,2024-07-31,1,0,0.2877524631345876,0,7,default,Test
AST-5003,2024-07-31,22,1,0.4375092949939242,0,7,default,Test
AST-5007,2024-07-31,6,0,0.22260987708290525,0,7,default,Test
AST-1041,2024-08-01,7,1,0.567215249545463,1,7,default,Test
AST-1042,2024-08-01,4,0,0.5365017919951109,1,7,default,Test
AST-2017,2024-08-01,6,0,0.35658813139757944,0,7,default,Test
AST-2031,2024-08-01,5,0,0.6292595645711765,1,7,default,Test
AST-3008,2024-08-01,8,1,0.38571512948098363,0,7,default,Test
AST-3019,2024-08-01,1,0,0.29916371774576717,0,7,default,Test
AST-4055,2024-08-01,10,1,0.5075469566514131,1,7,default,Test
AST-4061,2024-08-01,14,1,0.36924340297322666,0,7,default,Test
AST-5003,2024-08-01,10,1,0.2908669236984373,0,7,default,Test
AST-5007,2024-08-01,0,0,0.32274368347469856,0,7,default,Test
AST-1041,2024-08-02,7,1,0.5524554871812475,1,7,default,Test
AST-1042,2024-08-02,8,1,0.5198999954151614,1,7,default,Test
AST-2017,2024-08-02,11,1,0.30215808100767066,0,7,default,Test
AST-2031,2024-08-02,0,0,0.6213143622038968,1,7,default,Test
AST-3008,2024-08-02,4,0,0.4454156962178031,0,7,default,Test
AST-3019,2024-08-02,8,1,0.36622476875854154,0,7,default,Test
AST-4055,2024-08-02,6,0,0.5789028792139724,1,7,default,Test
AST-4061,2024-08-02,10,1,0.3283300024950357,0,7,default,Test
AST-5003,2024-08-02,5,0,0.37108179479350045,0,7,default,Test
AST-5007,2024-08-02,0,0,0.24612479994241418,0,7,default,Test
AST-1041,2024-08-03,0,0,0.3629885593135632,0,7,default,Test
AST-1042,2024-08-03,0,0,0.4189441829454601,0,7,default,Test
AST-2017,2024-08-03,0,0,0.18106958433396192,0,7,default,Test
AST-2031,2024-08-03,0,0,0.46927546929613556,0,7,default,Test
AST-3008,2024-08-03,0,0,0.17236855019309547,0,7,default,Test
AST-3019,2024-08-03,0,0,0.1406953004044741,0,7,default,Test
AST-4055,2024-08-03,0,0,0.3193552071875146,0,7,default,Test
AST-4061,2024-08-03,0,0,0.1551429366929202,0,7,default,Test
AST-5003,2024-08-03,0,0,0.24747967803888785,0,7,default,Test
AST-5007,2024-08-03,0,0,0.34552557410573437,0,7,default,Test
AST-1041,2024-08-04,0,0,0.21887783927666918,0,7,default,Test
AST-1042,2024-08-04,0,0,0.39745138576371036,0,7,default,Test
AST-2017,2024-08-04,0,0,0.2184464892192649,0,7,default,Test
AST-2031,2024-08-04,0,0,0.587427384224881,1,7,default,Test
AST-3008,2024-08-04,0,0,0.17794617553233122,0,7,default,Test
AST-3019,2024-08-04,0,0,0.213469211215332,0,7,default,Test
AST-4055,2024-08-04,0,0,0.3954049474730756,0,7,default,Test
AST-4061,2024-08-04,0,0,0.1515106681913219,0,7,default,Test
AST-5003,2024-08-04,0,0,0.18846964181083847,0,7,default,Test
AST-5007,2024-08-04,0,0,0.2381506014774202,0,7,default,Test
AST-1041,2024-08-05,0,0,0.5027342185840558,1,7,default,Test
AST-1042,2024-08-05,4,0,0.5195219243856761,1,7,default,Test
AST-2017,2024-08-05,6,0,0.2949981776247977,0,7,default,Test
AST-2031,2024-08-05,9,1,0.6214585502027302,1,7,default,Test
AST-3008,2024-08-05,12,1,0.43022138377299707,0,7,default,Test
AST-3019,2024-08-05,9,1,0.2955042125798087,0,7,default,Test
AST-4055,2024-08-05,6,0,0.5263495890212814,1,7,default,Test
AST-4061,2024-08-05,16,1,0.33380819264348244,0,7,default,Test
AST-5003,2024-08-05,3,0,0.3203934898435292,0,7,default,Test
AST-5007,2024-08-05,4,0,0.3070537639783461,0,7,default,Test
AST-1041,2024-08-06,13,1,0.4678969312526425,0,7,default,Test
AST-1042,2024-08-06,0,0,0.5048243175541981,1,7,default,Test
AST-2017,2024-08-06,10,1,0.36980217463612675,0,7,default,Test
AST-2031,2024-08-06,1,0,0.5184714017338752,1,7,default,Test
AST-3008,2024-08-06,1,0,0.3231434227624407,0,7,default,Test
AST-3019,2024-08-06,5,0,0.36104534351637024,0,7,default,Test
AST-4055,2024-08-06,2,0,0.5328427247224031,1,7,default,Test
AST-4061,2024-08-06,9,1,0.26430327158755457,0,7,default,Test
AST-5003,2024-08-06,11,1,0.3372223136651381,0,7,default,Test
AST-5007,2024-08-06,14,1,0.25915475746470346,0,7,default,Test
AST-1041,2024-08-07,7,1,0.5249644708175375,1,7,default,Test
AST-1042,2024-08-07,0,0,0.5742495838015936,1,7,default,Test
AST-2017,2024-08-07,8,1,0.27536197331713275,0,7,default,Test
AST-2031,2024-08-07,19,1,0.5944413950218865,1,7,default,Test
AST-3008,2024-08-07,1,0,0.37069347247555007,0,7,default,Test
AST-3019,2024-08-07,6,0,0.29993331585124317,0,7,default,Test
AST-4055,2024-08-07,11,1,0.5165161113693021,1,7,default,Test
AST-4061,2024-08-07,10,1,0.27514974659052166,0,7,default,Test
AST-5003,2024-08-07,4,0,0.40471112365276857,0,7,default,Test
AST-5007,2024-08-07,10,1,0.21916922700236627,0,7,default,Test
AST-1041,2024-08-08,8,1,0.5028353277351969,1,7,default,Test
AST-1042,2024-08-08,4,0,0.5833452522236786,1,7,default,Test
AST-2017,2024-08-08,8,1,0.3143339308454497,0,7,default,Test
AST-2031,2024-08-08,2,0,0.6142803108677313,1,7,default,Test
AST-3008,2024-08-08,4,0,0.3596672478123943,0,7,default,Test
AST-3019,2024-08-08,6,0,0.3900898034926352,0,7,default,Test
AST-4055,2024-08-08,8,1,0.5426194883977433,1,7,default,Test
AST-4061,2024-08-08,10,1,0.2802187923658234,0,7,default,Test
AST-5003,2024-08-08,14,1,0.44603056315399686,0,7,default,Test
AST-5007,2024-08-08,9,1,0.22684472877699433,0,7,default,Test
AST-1041,2024-08-09,9,1,0.5973062217874315,1,7,default,Test
AST-1042,2024-08-09,2,0,0.5286440095214607,1,7,default,Test
AST-2017,2024-08-09,5,0,0.37326496581339086,0,7,default,Test
AST-2031,2024-08-09,10,1,0.5622233012091692,1,7,default,Test
AST-3008,2024-08-09,8,1,0.30942962057818924,0,7,default,Test
AST-3019,2024-08-09,3,0,0.3388445330574962,0,7,default,Test
AST-4055,2024-08-09,1,0,0.5735761285780535,1,7,default,Test
AST-4061,2024-08-09,3,0,0.3253750752929667,0,7,default,Test
AST-5003,2024-08-09,5,0,0.4621623353010376,0,7,default,Test
AST-5007,2024-08-09,6,0,0.25833007440911315,0,7,default,Test
AST-1041,2024-08-10,0,0,0.36828521325078606,0,7,default,Test
AST-1042,2024-08-10,0,0,0.4227004551742109,0,7,default,Test
AST-2017,2024-08-10,0,0,0.17638679374546853,0,7,default,Test
AST-2031,2024-08-10,0,0,0.47428663785121045,0,7,default,Test
AST-3008,2024-08-10,0,0,0.27173971829311167,0,7,default,Test
AST-3019,2024-08-10,0,0,0.1430781266618148,0,7,default,Test
AST-4055,2024-08-10,0,0,0.3536920304503953,0,7,default,Test
AST-4061,2024-08-10,0,0,0.17018995213570937,0,7,default,Test
AST-5003,2024-08-10,0,0,0.205370917196199,0,7,default,Test
AST-5007,2024-08-10,0,0,0.20658886457800862,0,7,default,Test
AST-1041,2024-08-11,0,0,0.3610506837221256,0,7,default,Test
AST-1042,2024-08-11,0,0,0.31086386798064786,0,7,default,Test
AST-2017,2024-08-11,0,0,0.20987106474876357,0,7,default,Test
AST-2031,2024-08-11,0,0,0.6249579759614199,1,7,default,Test
AST-3008,2024-08-11,0,0,0.20231597901188417,0,7,default,Test
AST-3019,2024-08-11,0,0,0.19386778005936722,0,7,default,Test
AST-4055,2024-08-11,0,0,0.42945629048752,0,7,default,Test
AST-4061,2024-08-11,0,0,0.16712464007117994,0,7,default,Test
AST-5003,2024-08-11,0,0,0.1965261997318429,0,7,default,Test
AST-5007,2024-08-11,0,0,0.16363797730621557,0,7,default,Test
AST-1041,2024-08-12,4,0,0.6909526865189961,1,7,default,Test
AST-1042,2024-08-12,4,0,0.5941110353216251,1,7,default,Test
AST-2017,2024-08-12,8,1,0.2780848283406868,0,7,default,Test
AST-2031,2024-08-12,11,1,0.675550257732165,1,7,default,Test
AST-3008,2024-08-12,3,0,0.3473127562210448,0,7,default,Test
AST-3019,2024-08-12,2,0,0.3265744552088221,0,7,default,Test
AST-4055,2024-08-12,5,0,0.49564196351327616,0,7,default,Test
AST-4061,2024-08-12,10,1,0.2856259669029064,0,7,default,Test
AST-5003,2024-08-12,7,1,0.37770644401326153,0,7,default,Test
AST-5007,2024-08-12,6,0,0.25947640346941975,0,7,default,Test
AST-1041,2024-08-13,5,0,0.5497498248481734,1,7,default,Test
AST-1042,2024-08-13,10,1,0.6232389712019422,1,7,default,Test
AST-2017,2024-08-13,1,0,0.3319069136643089,0,7,default,Test
AST-2031,2024-08-13,13,1,0.6668023864881483,1,7,default,Test
AST-3008,2024-08-13,0,0,0.35918637152063926,0,7,default,Test
AST-3019,2024-08-13,7,1,0.3914363260715038,0,7,default,Test
AST-4055,2024-08-13,4,0,0.5238311648960704,1,7,default,Test
AST-4061,2024-08-13,10,1,0.27555159010376945,0,7,default,Test
AST-5003,2024-08-13,7,1,0.41649378363857026,0,7,default,Test
AST-5007,2024-08-13,5,0,0.26462063802879615,0,7,default,Test
AST-1041,2024-08-14,2,0,0.5457426831393998,1,7,default,Test
AST-1042,2024-08-14,2,0,0.5326957763196861,1,7,default,Test
AST-2017,2024-08-14,4,0,0.3211714088811168,0,7,default,Test
AST-2031,2024-08-14,3,0,0.7366259040195939,1,7,default,Test
AST-3008,2024-08-14,11,1,0.29652590377356675,0,7,default,Test
AST-3019,2024-08-14,4,0,0.38144292983718237,0,7,default,Test
AST-4055,2024-08-14,17,1,0.6889809663581417,1,7,default,Test
AST-4061,2024-08-14,4,0,0.2907500318377748,0,7,default,Test
AST-5003,2024-08-14,0,0,0.34751846873181863,0,7,default,Test
AST-5007,2024-08-14,0,0,0.318414489820709,0,7,default,Test
AST-1041,2024-08-15,4,0,0.5176325638775149,1,7,default,Test
AST-1042,2024-08-15,14,1,0.4896424893264348,0,7,default,Test
AST-2017,2024-08-15,12,1,0.29812783191199965,0,7,default,Test
AST-2031,2024-08-15,11,1,0.6809700882399012,1,7,default,Test
AST-3008,2024-08-15,6,0,0.34172148199215485,0,7,default,Test
AST-3019,2024-08-15,0,0,0.23325028829229164,0,7,default,Test
AST-4055,2024-08-15,4,0,0.46340400447955377,0,7,default,Test
AST-4061,2024-08-15,8,1,0.2570474589687275,0,7,default,Test
AST-5003,2024-08-15,10,1,0.4242774111826371,0,7,default,Test
AST-5007,2024-08-15,6,0,0.28020661687405274,0,7,default,Test
AST-1041,2024-08-16,8,1,0.5959419346908863,1,7,default,Test
AST-1042,2024-08-16,8,1,0.49363356636422784,0,7,default,Test
AST-2017,2024-08-16,2,0,0.27439610254366564,0,7,default,Test
AST-2031,2024-08-16,9,1,0.6573167901223862,1,7,default,Test
AST-3008,2024-08-16,9,1,0.4173829001361135,0,7,default,Test
AST-3019,2024-08-16,10,1,0.3649212351962994,0,7,default,Test
AST-4055,2024-08-16,12,1,0.4548011614712772,0,7,default,Test
AST-4061,2024-08-16,2,0,0.3218444899609978,0,7,default,Test
AST-5003,2024-08-16,6,0,0.5006562379044464,1,7,default,Test
AST-5007,2024-08-16,5,0,0.2184394798434005,0,7,default,Test
AST-1041,2024-08-17,0,0,0.3173778916630731,0,7,default,Test
AST-1042,2024-08-17,0,0,0.3358126895510505,0,7,default,Test
AST-2017,2024-08-17,0,0,0.26975832000461836,0,7,default,Test
AST-2031,2024-08-17,0,0,0.4491382080083364,0,7,default,Test
AST-3008,2024-08-17,0,0,0.34284852882448963,0,7,default,Test
AST-3019,2024-08-17,0,0,0.18768647210850592,0,7,default,Test
AST-4055,2024-08-17,0,0,0.3437190419768632,0,7,default,Test
AST-4061,2024-08-17,0,0,0.16432750857521397,0,7,default,Test
AST-5003,2024-08-17,0,0,0.28276140567113844,0,7,default,Test
AST-5007,2024-08-17,0,0,0.1629719027709812,0,7,default,Test
AST-1041,2024-08-18,0,0,0.3690259260622028,0,7,default,Test
AST-1042,2024-08-18,0,0,0.3731214779783025,0,7,default,Test
AST-2017,2024-08-18,0,0,0.19894362068821353,0,7,default,Test
AST-2031,2024-08-18,0,0,0.6318719252811472,1,7,default,Test
AST-3008,2024-08-18,0,0,0.24702572500291173,0,7,default,Test
AST-3019,2024-08-18,0,0,0.1829563643316228,0,7,default,Test
AST-4055,2024-08-18,0,0,0.3947408643209611,0,7,default,Test
AST-4061,2024-08-18,0,0,0.11822076162992855,0,7,default,Test
AST-5003,2024-08-18,0,0,0.22548413725224706,0,7,default,Test
AST-5007,2024-08-18,0,0,0.2502728433065511,0,7,default,Test
AST-1041,2024-08-19,4,0,0.5981689364556515,1,7,default,Test
AST-1042,2024-08-19,2,0,0.5062382564538828,1,7,default,Test
AST-2017,2024-08-19,13,1,0.23755554428426334,0,7,default,Test
AST-2031,2024-08-19,2,0,0.5315006408424764,1,7,default,Test
AST-3008,2024-08-19,8,1,0.3431275500088169,0,7,default,Test
AST-3019,2024-08-19,8,1,0.359085289194572,0,7,default,Test
AST-4055,2024-08-19,7,1,0.49865969872816207,0,7,default,Test
AST-4061,2024-08-19,12,1,0.3268122173348788,0,7,default,Test
AST-5003,2024-08-19,10,1,0.4121984481833915,0,7,default,Test
AST-5007,2024-08-19,0,0,0.3075771241266897,0,7,default,Test
AST-1041,2024-08-20,4,0,0.4764643184192354,0,7,default,Test
AST-1042,2024-08-20,0,0,0.5244593627144187,1,7,default,Test
AST-2017,2024-08-20,5,0,0.32498367761982855,0,7,default,Test
AST-2031,2024-08-20,11,1,0.7009630750671748,1,7,default,Test
AST-3008,2024-08-20,8,1,0.39119493313517917,0,7,default,Test
AST-3019,2024-08-20,2,0,0.28732276571865556,0,7,default,Test
AST-4055,2024-08-20,9,1,0.5186744599825281,1,7,default,Test
AST-4061,2024-08-20,6,0,0.36073703513450467,0,7,default,Test
AST-5003,2024-08-20,2,0,0.3656884554268777,0,7,default,Test
AST-5007,2024-08-20,5,0,0.22484058457051562,0,7,default,Test
AST-1041,2024-08-21,6,0,0.5989235094224215,1,7,default,Test
AST-1042,2024-08-21,10,1,0.5387282460121451,1,7,default,Test
AST-2017,2024-08-21,1,0,0.26284323687563976,0,7,default,Test
AST-2031,2024-08-21,9,1,0.7792843543063342,1,7,default,Test
AST-3008,2024-08-21,2,0,0.4279386637523079,0,7,default,Test
AST-3019,2024-08-21,2,0,0.31039517446397225,0,7,default,Test
AST-4055,2024-08-21,8,1,0.523147526241291,1,7,default,Test
AST-4061,2024-08-21,6,0,0.4429082718639025,0,7,default,Test
AST-5003,2024-08-21,10,1,0.382602700633763,0,7,default,Test
AST-5007,2024-08-21,5,0,0.32926613820779355,0,7,default,Test
AST-1041,2024-08-22,7,1,0.5773552448084539,1,7,default,Test
AST-1042,2024-08-22,13,1,0.532749685536286,1,7,default,Test
AST-2017,2024-08-22,0,0,0.3028511783938672,0,7,default,Test
AST-2031,2024-08-22,10,1,0.5692552311231399,1,7,default,Test
AST-3008,2024-08-22,6,0,0.3952273880964748,0,7,default,Test
AST-3019,2024-08-22,0,0,0.29369758786257266,0,7,default,Test
AST-4055,2024-08-22,16,1,0.5345121836288514,1,7,default,Test
AST-4061,2024-08-22,11,1,0.3422834447385345,0,7,default,Test
AST-5003,2024-08-22,6,0,0.3814388174979105,0,7,default,Test
AST-5007,2024-08-22,9,1,0.29182306593922536,0,7,default,Test
AST-1041,2024-08-23,8,1,0.5445176294399431,1,7,default,Test
AST-1042,2024-08-23,8,1,0.4728932117645645,0,7,default,Test
AST-2017,2024-08-23,8,1,0.32692504854330845,0,7,default,Test
AST-2031,2024-08-23,13,1,0.6668203411011757,1,7,default,Test
AST-3008,2024-08-23,7,1,0.3660611527301735,0,7,default,Test
AST-3019,2024-08-23,7,1,0.314653840269925,0,7,default,Test
AST-4055,2024-08-23,12,1,0.483683185576203,0,7,default,Test
AST-4061,2024-08-23,8,1,0.311971815950179,0,7,default,Test
AST-5003,2024-08-23,18,1,0.3247606803013918,0,7,default,Test
AST-5007,2024-08-23,4,0,0.31707189331141544,0,7,default,Test
AST-1041,2024-08-24,0,0,0.3161861744548717,0,7,default,Test
AST-1042,2024-08-24,0,0,0.3601451219160008,0,7,default,Test
AST-2017,2024-08-24,0,0,0.2020297774303998,0,7,default,Test
AST-2031,2024-08-24,0,0,0.515458243590297,1,7,default,Test
AST-3008,2024-08-24,0,0,0.24459703235701122,0,7,default,Test
AST-3019,2024-08-24,0,0,0.24070926157334976,0,7,default,Test
AST-4055,2024-08-24,0,0,0.34058765124697027,0,7,default,Test
AST-4061,2024-08-24,0,0,0.21824359031270232,0,7,default,Test
AST-5003,2024-08-24,0,0,0.42265168953666316,0,7,default,Test
AST-5007,2024-08-24,0,0,0.1832194956019302,0,7,default,Test
AST-1041,2024-08-25,0,0,0.31902299146062796,0,7,default,Test
AST-1042,2024-08-25,0,0,0.32867962747068835,0,7,default,Test
AST-2017,2024-08-25,0,0,0.17061608813564602,0,7,default,Test
AST-2031,2024-08-25,0,0,0.4859268183868201,0,7,default,Test
AST-3008,2024-08-25,0,0,0.2505980676980117,0,7,default,Test
AST-3019,2024-08-25,0,0,0.24451304025780105,0,7,default,Test
AST-4055,2024-08-25,0,0,0.34921871586742936,0,7,default,Test
AST-4061,2024-08-25,0,0,0.22978858563530757,0,7,default,Test
AST-5003,2024-08-25,0,0,0.23155274946717017,0,7,default,Test
AST-5007,2024-08-25,0,0,0.1773465381828342,0,7,default,Test
AST-1041,2024-08-26,12,1,0.6881734434020249,1,7,default,Test
AST-1042,2024-08-26,4,0,0.49715623704808676,0,7,default,Test
AST-2017,2024-08-26,5,0,0.26285008597909193,0,7,default,Test
AST-2031,2024-08-26,11,1,0.6103511849673857,1,7,default,Test
AST-3008,2024-08-26,7,1,0.2995198000631043,0,7,default,Test
AST-3019,2024-08-26,10,1,0.562021696787571,1,7,default,Test
AST-4055,2024-08-26,18,1,0.493165785671518,0,7,default,Test
AST-4061,2024-08-26,4,0,0.37245070533565927,0,7,default,Test
AST-5003,2024-08-26,13,1,0.568125448272194,1,7,default,Test
AST-5007,2024-08-26,8,1,0.2867744944302988,0,7,default,Test
AST-1041,2024-08-27,3,0,0.5829164231944626,1,7,default,Test
AST-1042,2024-08-27,2,0,0.6279481516745113,1,7,default,Test
AST-2017,2024-08-27,11,1,0.3457998894821047,0,7,default,Test
AST-2031,2024-08-27,8,1,0.6265961349726944,1,7,default,Test
AST-3008,2024-08-27,10,1,0.318130133901402,0,7,default,Test
AST-3019,2024-08-27,6,0,0.23918653211554708,0,7,default,Test
AST-4055,2024-08-27,7,1,0.5292129303984723,1,7,default,Test
AST-4061,2024-08-27,12,1,0.3317667350541969,0,7,default,Test
AST-5003,2024-08-27,7,1,0.292681645710426,0,7,default,Test
AST-5007,2024-08-27,10,1,0.23959246566036976,0,7,default,Test
AST-1041,2024-08-28,0,0,0.5468137081107614,1,7,default,Test
AST-1042,2024-08-28,6,0,0.6329625134964626,1,7,default,Test
AST-2017,2024-08-28,17,1,0.40568421851514497,0,7,default,Test
AST-2031,2024-08-28,4,0,0.670240481871018,1,7,default,Test
AST-3008,2024-08-28,3,0,0.2887147890504178,0,7,default,Test
AST-3019,2024-08-28,5,0,0.3716798853649992,0,7,default,Test
AST-4055,2024-08-28,0,0,0.47552693212862807,0,7,default,Test
AST-4061,2024-08-28,8,1,0.2907709280170129,0,7,default,Test
AST-5003,2024-08-28,5,0,0.31736479946439505,0,7,default,Test
AST-5007,2024-08-28,5,0,0.31200162639877654,0,7,default,Test
AST-1041,2024-08-29,10,1,0.5886928631169773,1,7,default,Test
AST-1042,2024-08-29,5,0,0.5682188790408095,1,7,default,Test
AST-2017,2024-08-29,3,0,0.35994774916642924,0,7,default,Test
AST-2031,2024-08-29,3,0,0.6951576644132479,1,7,default,Test
AST-3008,2024-08-29,3,0,0.3283048873095248,0,7,default,Test
AST-3019,2024-08-29,4,0,0.33811169347194636,0,7,default,Test
AST-4055,2024-08-29,7,1,0.6096634111474671,1,7,default,Test
AST-4061,2024-08-29,13,1,0.2593609649094441,0,7,default,Test
AST-5003,2024-08-29,4,0,0.3643940010009459,0,7,default,Test
AST-5007,2024-08-29,12,1,0.4864306941262229,0,7,default,Test
AST-1041,2024-08-30,4,0,0.4827222198456594,0,7,default,Test
AST-1042,2024-08-30,10,1,0.5466878745428043,1,7,default,Test
AST-2017,2024-08-30,13,1,0.2505630104956487,0,7,default,Test
AST-2031,2024-08-30,10,1,0.6521471031104643,1,7,default,Test
AST-3008,2024-08-30,14,1,0.34910898557643916,0,7,default,Test
AST-3019,2024-08-30,0,0,0.30397690777687847,0,7,default,Test
AST-4055,2024-08-30,3,0,0.42361646827877447,0,7,default,Test
AST-4061,2024-08-30,7,1,0.4023657049379898,0,7,default,Test
AST-5003,2024-08-30,8,1,0.3597413500299139,0,7,default,Test
AST-5007,2024-08-30,8,1,0.21848930085797227,0,7,default,Test
AST-1041,2024-08-31,0,0,0.32032834894064377,0,7,default,Test
AST-1042,2024-08-31,0,0,0.305396232869838,0,7,default,Test
AST-2017,2024-08-31,0,0,0.15973360376746226,0,7,default,Test
AST-2031,2024-08-31,0,0,0.4645557851319799,0,7,default,Test
AST-3008,2024-08-31,0,0,0.3113841139535859,0,7,default,Test
AST-3019,2024-08-31,0,0,0.19456261618382684,0,7,default,Test
AST-4055,2024-08-31,0,0,0.28776184423120515,0,7,default,Test
AST-4061,2024-08-31,0,0,0.15010233975552578,0,7,default,Test
AST-5003,2024-08-31,0,0,0.22933178978003804,0,7,default,Test
AST-5007,2024-08-31,0,0,0.14848657811505112,0,7,default,Test
AST-1041,2024-09-01,0,0,0.3551359166550053,0,7,default,Test
AST-1042,2024-09-01,0,0,0.40270624342611067,0,7,default,Test
AST-2017,2024-09-01,0,0,0.2128648239598232,0,7,default,Test
AST-2031,2024-09-01,0,0,0.5623103024604669,1,7,default,Test
AST-3008,2024-09-01,0,0,0.1801381365129511,0,7,default,Test
AST-3019,2024-09-01,0,0,0.4332543459370643,0,7,default,Test
AST-4055,2024-09-01,0,0,0.3999815605574634,0,7,default,Test
AST-4061,2024-09-01,0,0,0.14232244343254846,0,7,default,Test
AST-5003,2024-09-01,0,0,0.21291032124368156,0,7,default,Test
AST-5007,2024-09-01,0,0,0.23773544906678767,0,7,default,Test
AST-1041,2024-09-02,0,0,0.6381935450420194,1,7,default,Test
AST-1042,2024-09-02,5,0,0.5087415917004406,1,7,default,Test
AST-2017,2024-09-02,0,0,0.26558792319670144,0,7,default,Test
AST-2031,2024-09-02,6,0,0.514915785831232,1,7,default,Test
AST-3008,2024-09-02,8,1,0.3859055423257831,0,7,default,Test
AST-3019,2024-09-02,1,0,0.3401990608824522,0,7,default,Test
AST-4055,2024-09-02,12,1,0.5548441214533748,1,7,default,Test
AST-4061,2024-09-02,8,1,0.30993440770569447,0,7,default,Test
AST-5003,2024-09-02,14,1,0.3589352998824655,0,7,default,Test
AST-5007,2024-09-02,2,0,0.32901291716271575,0,7,default,Test
AST-1041,2024-09-03,9,1,0.48234482528398903,0,7,default,Test
AST-1042,2024-09-03,0,0,0.6031384736936489,1,7,default,Test
AST-2017,2024-09-03,14,1,0.27004539568302705,0,7,default,Test
AST-2031,2024-09-03,14,1,0.5591228646847253,1,7,default,Test
AST-3008,2024-09-03,9,1,0.38706825165197234,0,7,default,Test
AST-3019,2024-09-03,3,0,0.39242653770924724,0,7,default,Test
AST-4055,2024-09-03,8,1,0.6055593785064172,1,7,default,Test
AST-4061,2024-09-03,6,0,0.2753504018673993,0,7,default,Test
AST-5003,2024-09-03,6,0,0.3975967628979899,0,7,default,Test
AST-5007,2024-09-03,3,0,0.24534756596337506,0,7,default,Test
AST-1041,2024-09-04,4,0,0.7469877452697739,1,7,default,Test
AST-1042,2024-09-04,10,1,0.4472753699271615,0,7,default,Test
AST-2017,2024-09-04,8,1,0.2399815856648854,0,7,default,Test
AST-2031,2024-09-04,2,0,0.5995817400891387,1,7,default,Test
AST-3008,2024-09-04,10,1,0.3929363764852279,0,7,default,Test
AST-3019,2024-09-04,5,0,0.2609740618017889,0,7,default,Test
AST-4055,2024-09-04,17,1,0.5348618452026013,1,7,default,Test
AST-4061,2024-09-04,0,0,0.29660939707221873,0,7,default,Test
AST-5003,2024-09-04,9,1,0.3137732415076601,0,7,default,Test
AST-5007,2024-09-04,3,0,0.22576565805301824,0,7,default,Test
AST-1041,2024-09-05,11,1,0.5493895731972719,1,7,default,Test
AST-1042,2024-09-05,3,0,0.5347450185363998,1,7,default,Test
AST-2017,2024-09-05,6,0,0.37332016823969033,0,7,default,Test
AST-2031,2024-09-05,2,0,0.635901130006536,1,7,default,Test
AST-3008,2024-09-05,2,0,0.3734024307974959,0,7,default,Test
AST-3019,2024-09-05,7,1,0.22994780977626192,0,7,default,Test
AST-4055,2024-09-05,2,0,0.5400556287380073,1,7,default,Test
AST-4061,2024-09-05,0,0,0.2889337955902493,0,7,default,Test
AST-5003,2024-09-05,5,0,0.3615432841312698,0,7,default,Test
AST-5007,2024-09-05,5,0,0.2439014434768141,0,7,default,Test
AST-1041,2024-09-06,6,0,0.552400527388024,1,7,default,Test
AST-1042,2024-09-06,4,0,0.4638934024882654,0,7,default,Test
AST-2017,2024-09-06,18,1,0.27002935315098187,0,7,default,Test
AST-2031,2024-09-06,4,0,0.7149976701056834,1,7,default,Test
AST-3008,2024-09-06,6,0,0.290238527956549,0,7,default,Test
AST-3019,2024-09-06,6,0,0.5362698216116557,1,7,default,Test
AST-4055,2024-09-06,15,1,0.5630442428380112,1,7,default,Test
AST-4061,2024-09-06,7,1,0.3286209198361454,0,7,default,Test
AST-5003,2024-09-06,8,1,0.4606818460195642,0,7,default,Test
AST-5007,2024-09-06,10,1,0.25947906584231994,0,7,default,Test
AST-1041,2024-09-07,0,0,0.34265674649708827,0,7,default,Test
AST-1042,2024-09-07,0,0,0.36241340219846163,0,7,default,Test
AST-2017,2024-09-07,0,0,0.22886076485517803,0,7,default,Test
AST-2031,2024-09-07,0,0,0.490242399758474,0,7,default,Test
AST-3008,2024-09-07,0,0,0.2625922981132319,0,7,default,Test
AST-3019,2024-09-07,0,0,0.18215700497629628,0,7,default,Test
AST-4055,2024-09-07,0,0,0.3712316569466564,0,7,default,Test
AST-4061,2024-09-07,0,0,0.1433346859926594,0,7,default,Test
AST-5003,2024-09-07,0,0,0.28614610623036724,0,7,default,Test
AST-5007,2024-09-07,0,0,0.1548131962246107,0,7,default,Test
AST-1041,2024-09-08,0,0,0.36332990162449474,0,7,default,Test
AST-1042,2024-09-08,0,0,0.42083440342686573,0,7,default,Test
AST-2017,2024-09-08,0,0,0.1813904237261935,0,7,default,Test
AST-2031,2024-09-08,0,0,0.4630007217787349,0,7,default,Test
AST-3008,2024-09-08,0,0,0.41625193929038473,0,7,default,Test
AST-3019,2024-09-08,0,0,0.14123037417026255,0,7,default,Test
AST-4055,2024-09-08,0,0,0.29187115583554757,0,7,default,Test
AST-4061,2024-09-08,0,0,0.16246393019978428,0,7,default,Test
AST-5003,2024-09-08,0,0,0.2736836792604341,0,7,default,Test
AST-5007,2024-09-08,0,0,0.1622545165525327,0,7,default,Test
AST-1041,2024-09-09,11,1,0.5368740954658611,1,7,default,Test
AST-1042,2024-09-09,8,1,0.5545084966952738,1,7,default,Test
AST-2017,2024-09-09,16,1,0.2860041611627088,0,7,default,Test
AST-2031,2024-09-09,2,0,0.5528648542747633,1,7,default,Test
AST-3008,2024-09-09,8,1,0.3498291431595455,0,7,default,Test
AST-3019,2024-09-09,3,0,0.3018964220534958,0,7,default,Test
AST-4055,2024-09-09,2,0,0.5672125833102403,1,7,default,Test
AST-4061,2024-09-09,4,0,0.3270826343946717,0,7,default,Test
AST-5003,2024-09-09,9,1,0.30997728647306005,0,7,default,Test
AST-5007,2024-09-09,3,0,0.22225413961849486,0,7,default,Test
AST-1041,2024-09-10,0,0,0.5974940674905466,1,7,default,Test
AST-1042,2024-09-10,4,0,0.5426554174255048,1,7,default,Test
AST-2017,2024-09-10,6,0,0.3113044886524664,0,7,default,Test
AST-2031,2024-09-10,10,1,0.620189908393009,1,7,default,Test
AST-3008,2024-09-10,8,1,0.3476564145119645,0,7,default,Test
AST-3019,2024-09-10,4,0,0.5755296831275521,1,7,default,Test
AST-4055,2024-09-10,1,0,0.5431656394342559,1,7,default,Test
AST-4061,2024-09-10,8,1,0.3190310607159135,0,7,default,Test
AST-5003,2024-09-10,20,1,0.3159988986190095,0,7,default,Test
AST-5007,2024-09-10,5,0,0.2867353460951664,0,7,default,Test
AST-1041,2024-09-11,5,0,0.48062040009619045,0,7,default,Test
AST-1042,2024-09-11,15,1,0.5477264648541662,1,7,default,Test
AST-2017,2024-09-11,5,0,0.3388957708797212,0,7,default,Test
AST-2031,2024-09-11,6,0,0.5997744661016514,1,7,default,Test
AST-3008,2024-09-11,11,1,0.4202853248003445,0,7,default,Test
AST-3019,2024-09-11,4,0,0.3822724247684006,0,7,default,Test
AST-4055,2024-09-11,13,1,0.47545208557235263,0,7,default,Test
AST-4061,2024-09-11,0,0,0.24405032882294364,0,7,default,Test
AST-5003,2024-09-11,4,0,0.3767243413011251,0,7,default,Test
AST-5007,2024-09-11,10,1,0.28608346067659574,0,7,default,Test
AST-1041,2024-09-12,12,1,0.5755346153707143,1,7,default,Test
AST-1042,2024-09-12,14,1,0.4871237239029941,0,7,default,Test
AST-2017,2024-09-12,4,0,0.2900787222846861,0,7,default,Test
AST-2031,2024-09-12,13,1,0.546514009682049,1,7,default,Test
AST-3008,2024-09-12,4,0,0.32791956920254317,0,7,default,Test
AST-3019,2024-09-12,6,0,0.28178027250495,0,7,default,Test
AST-4055,2024-09-12,10,1,0.5317190107360247,1,7,default,Test
AST-4061,2024-09-12,7,1,0.33896718321388936,0,7,default,Test
AST-5003,2024-09-12,10,1,0.3873917972876336,0,7,default,Test
AST-5007,2024-09-12,12,1,0.23455446949542644,0,7,default,Test
AST-1041,2024-09-13,8,1,0.562730643018747,1,7,default,Test
AST-1042,2024-09-13,10,1,0.7314994167454424,1,7,default,Test
AST-2017,2024-09-13,10,1,0.2793498337349761,0,7,default,Test
AST-2031,2024-09-13,5,0,0.6453488844514224,1,7,default,Test
AST-3008,2024-09-13,3,0,0.3877756870660928,0,7,default,Test
AST-3019,2024-09-13,6,0,0.3229412779202193,0,7,default,Test
AST-4055,2024-09-13,12,1,0.45884092438873697,0,7,default,Test
AST-4061,2024-09-13,11,1,0.29675934675318,0,7,default,Test
AST-5003,2024-09-13,8,1,0.3587649682201587,0,7,default,Test
AST-5007,2024-09-13,4,0,0.3305024116945163,0,7,default,Test
AST-1041,2024-09-14,0,0,0.2715555337962859,0,7,default,Test
AST-1042,2024-09-14,0,0,0.32735248887810803,0,7,default,Test
AST-2017,2024-09-14,0,0,0.19070619729622826,0,7,default,Test
AST-2031,2024-09-14,0,0,0.5034863088624258,1,7,default,Test
AST-3008,2024-09-14,0,0,0.21281784876971854,0,7,default,Test
AST-3019,2024-09-14,0,0,0.19134798538428627,0,7,default,Test
AST-4055,2024-09-14,0,0,0.36185431982876415,0,7,default,Test
AST-4061,2024-09-14,0,0,0.17400402989770933,0,7,default,Test
AST-5003,2024-09-14,0,0,0.19995758556144316,0,7,default,Test
AST-5007,2024-09-14,0,0,0.10749956146497434,0,7,default,Test
AST-1041,2024-09-15,0,0,0.22245064435483825,0,7,default,Test
AST-1042,2024-09-15,0,0,0.3603868922723219,0,7,default,Test
AST-2017,2024-09-15,0,0,0.13388733386349172,0,7,default,Test
AST-2031,2024-09-15,0,0,0.3627050210889568,0,7,default,Test
AST-3008,2024-09-15,0,0,0.16969804714544406,0,7,default,Test
AST-3019,2024-09-15,0,0,0.19151730239148823,0,7,default,Test
AST-4055,2024-09-15,0,0,0.22257021937528587,0,7,default,Test
AST-4061,2024-09-15,0,0,0.1107834171628342,0,7,default,Test
AST-5003,2024-09-15,0,0,0.17659324766302484,0,7,default,Test
AST-5007,2024-09-15,0,0,0.14977488555021073,0,7,default,Test
AST-1041,2024-09-16,6,0,0.5576431476439332,1,7,default,Test
AST-1042,2024-09-16,6,0,0.42032957691198863,0,7,default,Test
AST-2017,2024-09-16,4,0,0.2951949356259487,0,7,default,Test
AST-2031,2024-09-16,21,1,0.49249590124477677,0,7,default,Test
AST-3008,2024-09-16,0,0,0.31082087338723063,0,7,default,Test
AST-3019,2024-09-16,4,0,0.3225088339112002,0,7,default,Test
AST-4055,2024-09-16,1,0,0.45676945723591633,0,7,default,Test
AST-4061,2024-09-16,10,1,0.23184275015336542,0,7,default,Test
AST-5003,2024-09-16,9,1,0.3526845352603677,0,7,default,Test
AST-5007,2024-09-16,0,0,0.26212836512131726,0,7,default,Test
AST-1041,2024-09-17,6,0,0.772275568935146,1,7,default,Test
AST-1042,2024-09-17,2,0,0.5163983774743386,1,7,default,Test
AST-2017,2024-09-17,0,0,0.290995217202641,0,7,default,Test
AST-2031,2024-09-17,6,0,0.5786407459110878,1,7,default,Test
AST-3008,2024-09-17,15,1,0.30461466949219873,0,7,default,Test
AST-3019,2024-09-17,4,0,0.3393404476650769,0,7,default,Test
AST-4055,2024-09-17,13,1,0.5311423701166325,1,7,default,Test
AST-4061,2024-09-17,8,1,0.48203916326767643,0,7,default,Test
AST-5003,2024-09-17,5,0,0.4638374455476748,0,7,default,Test
AST-5007,2024-09-17,10,1,0.28333747314597874,0,7,default,Test
AST-1041,2024-09-18,6,0,0.5511534101462605,1,7,default,Test
AST-1042,2024-09-18,10,1,0.5897315399869453,1,7,default,Test
AST-2017,2024-09-18,0,0,0.29806609581564675,0,7,default,Test
AST-2031,2024-09-18,6,0,0.5843852902237973,1,7,default,Test
AST-3008,2024-09-18,7,1,0.36132943803823114,0,7,default,Test
AST-3019,2024-09-18,0,0,0.3519319251034153,0,7,default,Test
AST-4055,2024-09-18,11,1,0.4717345580071387,0,7,default,Test
AST-4061,2024-09-18,2,0,0.24761142793081362,0,7,default,Test
AST-5003,2024-09-18,12,1,0.44813346539063437,0,7,default,Test
AST-5007,2024-09-18,7,1,0.2469112753601922,0,7,default,Test
AST-1041,2024-09-19,5,0,0.6549526539881022,1,7,default,Test
AST-1042,2024-09-19,8,1,0.4516715794565654,0,7,default,Test
AST-2017,2024-09-19,2,0,0.282604886561764,0,7,default,Test
AST-2031,2024-09-19,13,1,0.581502072766995,1,7,default,Test
AST-3008,2024-09-19,9,1,0.3474012492318561,0,7,default,Test
AST-3019,2024-09-19,10,1,0.5264854103353345,1,7,default,Test
AST-4055,2024-09-19,12,1,0.5504268536252914,1,7,default,Test
AST-4061,2024-09-19,7,1,0.2806286025004367,0,7,default,Test
AST-5003,2024-09-19,13,1,0.4274810046180647,0,7,default,Test
AST-5007,2024-09-19,7,1,0.35490685387348486,0,7,default,Test
AST-1041,2024-09-20,17,1,0.5469610494346043,1,7,default,Test
AST-1042,2024-09-20,8,1,0.5223740152677654,1,7,default,Test
AST-2017,2024-09-20,6,0,0.2924719431709175,0,7,default,Test
AST-2031,2024-09-20,0,0,0.5803842539215844,1,7,default,Test
AST-3008,2024-09-20,1,0,0.31267561804055155,0,7,default,Test
AST-3019,2024-09-20,0,0,0.35869362722514725,0,7,default,Test
AST-4055,2024-09-20,6,0,0.5159286949627551,1,7,default,Test
AST-4061,2024-09-20,18,1,0.3096194382055066,0,7,default,Test
AST-5003,2024-09-20,13,1,0.5580851990028873,1,7,default,Test
AST-5007,2024-09-20,4,0,0.2915659118969607,0,7,default,Test
AST-1041,2024-09-21,0,0,0.29831033703362003,0,7,default,Test
AST-1042,2024-09-21,0,0,0.37288245194099423,0,7,default,Test
AST-2017,2024-09-21,0,0,0.1828179768142524,0,7,default,Test
AST-2031,2024-09-21,0,0,0.5422201757565105,1,7,default,Test
AST-3008,2024-09-21,0,0,0.22065364016382155,0,7,default,Test
AST-3019,2024-09-21,0,0,0.15535477025876326,0,7,default,Test
AST-4055,2024-09-21,0,0,0.3347544513780554,0,7,default,Test
AST-4061,2024-09-21,0,0,0.12548586251689806,0,7,default,Test
AST-5003,2024-09-21,0,0,0.2621917409900653,0,7,default,Test
AST-5007,2024-09-21,0,0,0.18434370424971142,0,7,default,Test
AST-1041,2024-09-22,0,0,0.28865553436906805,0,7,default,Test
AST-1042,2024-09-22,0,0,0.3172761663559876,0,7,default,Test
AST-2017,2024-09-22,0,0,0.25241174344100925,0,7,default,Test
AST-2031,2024-09-22,0,0,0.5473129668672536,1,7,default,Test
AST-3008,2024-09-22,0,0,0.209073188854613,0,7,default,Test
AST-3019,2024-09-22,0,0,0.21240731265377935,0,7,default,Test
AST-4055,2024-09-22,0,0,0.40359975129676606,0,7,default,Test
AST-4061,2024-09-22,0,0,0.13800503160592922,0,7,default,Test
AST-5003,2024-09-22,0,0,0.41347175035036077,0,7,default,Test
AST-5007,2024-09-22,0,0,0.18130751120036417,0,7,default,Test
AST-1041,2024-09-23,5,0,0.5052324475475418,1,7,default,Test
AST-1042,2024-09-23,4,0,0.4746099818729462,0,7,default,Test
AST-2017,2024-09-23,7,1,0.27044930354648933,0,7,default,Test
AST-2031,2024-09-23,3,0,0.7256889573511422,1,7,default,Test
AST-3008,2024-09-23,5,0,0.518602875005399,1,7,default,Test
AST-3019,2024-09-23,2,0,0.24557119859596224,0,7,default,Test
AST-4055,2024-09-23,4,0,0.5409777798403991,1,7,default,Test
AST-4061,2024-09-23,8,1,0.3224826726075635,0,7,default,Test
AST-5003,2024-09-23,4,0,0.40747723431123195,0,7,default,Test
AST-5007,2024-09-23,4,0,0.3448798829512821,0,7,default,Test
AST-1041,2024-09-24,9,1,0.5625803043704983,1,7,default,Test
AST-1042,2024-09-24,6,0,0.6014053505457648,1,7,default,Test
AST-2017,2024-09-24,3,0,0.3378622488371648,0,7,default,Test
AST-2031,2024-09-24,2,0,0.5858835839386755,1,7,default,Test
AST-3008,2024-09-24,11,1,0.4314368290140593,0,7,default,Test
AST-3019,2024-09-24,11,1,0.25844865192096345,0,7,default,Test
AST-4055,2024-09-24,6,0,0.4730557642479864,0,7,default,Test
AST-4061,2024-09-24,6,0,0.24722927431519223,0,7,default,Test
AST-5003,2024-09-24,8,1,0.3923627825167435,0,7,default,Test
AST-5007,2024-09-24,10,1,0.3056968055860669,0,7,default,Test
AST-1041,2024-09-25,0,0,0.6127947795822503,1,7,default,Test
AST-1042,2024-09-25,11,1,0.4714679078728725,0,7,default,Test
AST-2017,2024-09-25,6,0,0.3560481313516515,0,7,default,Test
AST-2031,2024-09-25,2,0,0.6641416017404271,1,7,default,Test
AST-3008,2024-09-25,5,0,0.422441479563297,0,7,default,Test
AST-3019,2024-09-25,11,1,0.2198536196522225,0,7,default,Test
AST-4055,2024-09-25,11,1,0.5959984237816219,1,7,default,Test
AST-4061,2024-09-25,18,1,0.4883447328113206,0,7,default,Test
AST-5003,2024-09-25,13,1,0.41156093524728526,0,7,default,Test
AST-5007,2024-09-25,13,1,0.26646992443215306,0,7,default,Test
AST-1041,2024-09-26,4,0,0.6819304994046812,1,7,default,Test
AST-1042,2024-09-26,8,1,0.5141050698310813,1,7,default,Test
AST-2017,2024-09-26,12,1,0.3428936165356051,0,7,default,Test
AST-2031,2024-09-26,8,1,0.6336148954527566,1,7,default,Test
AST-3008,2024-09-26,8,1,0.3772175855365757,0,7,default,Test
AST-3019,2024-09-26,4,0,0.3791634658988656,0,7,default,Test
AST-4055,2024-09-26,3,0,0.5855084093319273,1,7,default,Test
AST-4061,2024-09-26,18,1,0.3283411848483189,0,7,default,Test
AST-5003,2024-09-26,12,1,0.4049966406477655,0,7,default,Test
AST-5007,2024-09-26,0,0,0.21846210123173682,0,7,default,Test
AST-1041,2024-09-27,0,0,0.4967453731311802,0,7,default,Test
AST-1042,2024-09-27,5,0,0.5294047686802276,1,7,default,Test
AST-2017,2024-09-27,6,0,0.45523961060333046,0,7,default,Test
AST-2031,2024-09-27,4,0,0.6244351782017782,1,7,default,Test
AST-3008,2024-09-27,6,0,0.3443701032494492,0,7,default,Test
AST-3019,2024-09-27,3,0,0.3123335860263872,0,7,default,Test
AST-4055,2024-09-27,18,1,0.5505600565264459,1,7,default,Test
AST-4061,2024-09-27,8,1,0.25085799430954886,0,7,default,Test
AST-5003,2024-09-27,8,1,0.4621221548331316,0,7,default,Test
AST-5007,2024-09-27,2,0,0.27465409177345357,0,7,default,Test
AST-1041,2024-09-28,0,0,0.3912199754684837,0,7,default,Test
AST-1042,2024-09-28,0,0,0.35156268367653587,0,7,default,Test
AST-2017,2024-09-28,0,0,0.15370866190698482,0,7,default,Test
AST-2031,2024-09-28,0,0,0.5483696466554767,1,7,default,Test
AST-3008,2024-09-28,0,0,0.35560404853587374,0,7,default,Test
AST-3019,2024-09-28,0,0,0.14914897237190827,0,7,default,Test
AST-4055,2024-09-28,0,0,0.3154378756397979,0,7,default,Test
AST-4061,2024-09-28,0,0,0.12481683104260938,0,7,default,Test
AST-5003,2024-09-28,0,0,0.17685234510752337,0,7,default,Test
AST-5007,2024-09-28,0,0,0.16287625379317333,0,7,default,Test
AST-1041,2024-09-29,0,0,0.33917382386814626,0,7,default,Test
AST-1042,2024-09-29,0,0,0.37596884139171,0,7,default,Test
AST-2017,2024-09-29,0,0,0.15711569072726722,0,7,default,Test
AST-2031,2024-09-29,0,0,0.46525723960567894,0,7,default,Test
AST-3008,2024-09-29,0,0,0.17543057508461565,0,7,default,Test
AST-3019,2024-09-29,0,0,0.27100779361261196,0,7,default,Test
AST-4055,2024-09-29,0,0,0.4127129670317723,0,7,default,Test
AST-4061,2024-09-29,0,0,0.15530885655370844,0,7,default,Test
AST-5003,2024-09-29,0,0,0.27035358683086735,0,7,default,Test
AST-5007,2024-09-29,0,0,0.207587535661442,0,7,default,Test
AST-1041,2024-09-30,4,0,0.5134466684761001,1,7,default,Test
AST-1042,2024-09-30,9,1,0.5867321120709522,1,7,default,Test
AST-2017,2024-09-30,8,1,0.3428177524854446,0,7,default,Test
AST-2031,2024-09-30,23,1,0.6494197443861764,1,7,default,Test
AST-3008,2024-09-30,4,0,0.37631571020962945,0,7,default,Test
AST-3019,2024-09-30,6,0,0.27289796919837406,0,7,default,Test
AST-4055,2024-09-30,6,0,0.42369087497330765,0,7,default,Test
AST-4061,2024-09-30,4,0,0.3267495322830783,0,7,default,Test
AST-5003,2024-09-30,14,1,0.661276741104998,1,7,default,Test
AST-5007,2024-09-30,3,0,0.315664168793956,0,7,default,Test
AST-1041,2024-10-01,2,0,0.5577166448124469,1,7,default,Test
AST-1042,2024-10-01,11,1,0.4911951674523138,0,7,default,Test
AST-2017,2024-10-01,13,1,0.38211432395132316,0,7,default,Test
AST-2031,2024-10-01,6,0,0.6576151526209496,1,7,default,Test
AST-3008,2024-10-01,14,1,0.5950822983316499,1,7,default,Test
AST-3019,2024-10-01,0,0,0.32289736553166326,0,7,default,Test
AST-4055,2024-10-01,2,0,0.45507373217312447,0,7,default,Test
AST-4061,2024-10-01,8,1,0.31635088420584,0,7,default,Test
AST-5003,2024-10-01,5,0,0.4589718638996305,0,7,default,Test
AST-5007,2024-10-01,2,0,0.31556270776048173,0,7,default,Test
AST-1041,2024-10-02,0,0,0.5403158834506436,1,7,default,Test
AST-1042,2024-10-02,10,1,0.5688353337290691,1,7,default,Test
AST-2017,2024-10-02,4,0,0.2644964717082771,0,7,default,Test
AST-2031,2024-10-02,21,1,0.5707162732352594,1,7,default,Test
AST-3008,2024-10-02,8,1,0.348149035779892,0,7,default,Test
AST-3019,2024-10-02,2,0,0.24751525027217405,0,7,default,Test
AST-4055,2024-10-02,4,0,0.6228326558399009,1,7,default,Test
AST-4061,2024-10-02,12,1,0.2837510418384419,0,7,default,Test
AST-5003,2024-10-02,4,0,0.43036048687281897,0,7,default,Test
AST-5007,2024-10-02,6,0,0.2559747969658266,0,7,default,Test
AST-1041,2024-10-03,8,1,0.5480233905551548,1,7,default,Test
AST-1042,2024-10-03,6,0,0.506824590027383,1,7,default,Test
AST-2017,2024-10-03,13,1,0.3359134693170184,0,7,default,Test
AST-2031,2024-10-03,10,1,0.6492325973439194,1,7,default,Test
AST-3008,2024-10-03,6,0,0.4099320633910984,0,7,default,Test
AST-3019,2024-10-03,18,1,0.4422469343287606,0,7,default,Test
AST-4055,2024-10-03,10,1,0.462598318817895,0,7,default,Test
AST-4061,2024-10-03,8,1,0.3196371514033492,0,7,default,Test
AST-5003,2024-10-03,10,1,0.36101731584998525,0,7,default,Test
AST-5007,2024-10-03,1,0,0.3097655707292354,0,7,default,Test
AST-1041,2024-10-04,12,1,0.5229413625783736,1,7,default,Test
AST-1042,2024-10-04,6,0,0.6290183366603762,1,7,default,Test
AST-2017,2024-10-04,16,1,0.4383906045841193,0,7,default,Test
AST-2031,2024-10-04,5,0,0.6685481151606285,1,7,default,Test
AST-3008,2024-10-04,6,0,0.3943939893905257,0,7,default,Test
AST-3019,2024-10-04,12,1,0.29578409707226616,0,7,default,Test
AST-4055,2024-10-04,14,1,0.5230765718975758,1,7,default,Test
AST-4061,2024-10-04,7,1,0.3357958310803075,0,7,default,Test
AST-5003,2024-10-04,5,0,0.45785770800091774,0,7,default,Test
AST-5007,2024-10-04,0,0,0.3204962973463539,0,7,default,Test
AST-1041,2024-10-05,0,0,0.4164861458985062,0,7,default,Test
AST-1042,2024-10-05,0,0,0.2783534918755966,0,7,default,Test
AST-2017,2024-10-05,0,0,0.2050742016432222,0,7,default,Test
AST-2031,2024-10-05,0,0,0.5664880732261,1,7,default,Test
AST-3008,2024-10-05,0,0,0.17749073926724204,0,7,default,Test
AST-3019,2024-10-05,0,0,0.1718669111244079,0,7,default,Test
AST-4055,2024-10-05,0,0,0.3622495778093495,0,7,default,Test
AST-4061,2024-10-05,0,0,0.13676855326063544,0,7,default,Test
AST-5003,2024-10-05,0,0,0.3232507094258411,0,7,default,Test
AST-5007,2024-10-05,0,0,0.1403909280048294,0,7,default,Test
AST-1041,2024-10-06,0,0,0.2616339017329821,0,7,default,Test
AST-1042,2024-10-06,0,0,0.28269561565292217,0,7,default,Test
AST-2017,2024-10-06,0,0,0.21111303928558542,0,7,default,Test
AST-2031,2024-10-06,0,0,0.4195813066544933,0,7,default,Test
AST-3008,2024-10-06,0,0,0.2135030485762625,0,7,default,Test
AST-3019,2024-10-06,0,0,0.1699716784498872,0,7,default,Test
AST-4055,2024-10-06,0,0,0.38063152546173395,0,7,default,Test
AST-4061,2024-10-06,0,0,0.14500193778339862,0,7,default,Test
AST-5003,2024-10-06,0,0,0.2470685290310655,0,7,default,Test
AST-5007,2024-10-06,0,0,0.14472720252407326,0,7,default,Test
AST-1041,2024-10-07,8,1,0.5547351360942285,1,7,default,Test
AST-1042,2024-10-07,8,1,0.5806600636983126,1,7,default,Test
AST-2017,2024-10-07,3,0,0.3833823067922287,0,7,default,Test
AST-2031,2024-10-07,6,0,0.6098950158260981,1,7,default,Test
AST-3008,2024-10-07,4,0,0.3319616484562856,0,7,default,Test
AST-3019,2024-10-07,2,0,0.25519227105840747,0,7,default,Test
AST-4055,2024-10-07,16,1,0.5130187303872813,1,7,default,Test
AST-4061,2024-10-07,10,1,0.25070707260775177,0,7,default,Test
AST-5003,2024-10-07,16,1,0.5962369708946637,1,7,default,Test
AST-5007,2024-10-07,0,0,0.24243809049491752,0,7,default,Test
AST-1041,2024-10-08,8,1,0.5302951090783722,1,7,default,Test
AST-1042,2024-10-08,4,0,0.5772143679419793,1,7,default,Test
AST-2017,2024-10-08,6,0,0.38397252978730073,0,7,default,Test
AST-2031,2024-10-08,8,1,0.6502002184819181,1,7,default,Test
AST-3008,2024-10-08,8,1,0.4190892821044507,0,7,default,Test
AST-3019,2024-10-08,8,1,0.2638129514000354,0,7,default,Test
AST-4055,2024-10-08,11,1,0.5116628759638089,1,7,default,Test
AST-4061,2024-10-08,15,1,0.34078232191736985,0,7,default,Test
AST-5003,2024-10-08,6,0,0.38099866948462346,0,7,default,Test
AST-5007,2024-10-08,1,0,0.23994138157061196,0,7,default,Test
AST-1041,2024-10-09,6,0,0.5613794203699367,1,7,default,Test
AST-1042,2024-10-09,6,0,0.5099149958172066,1,7,default,Test
AST-2017,2024-10-09,12,1,0.34622700407025825,0,7,default,Test
AST-2031,2024-10-09,13,1,0.5448844536425214,1,7,default,Test
AST-3008,2024-10-09,14,1,0.6113131445900042,1,7,default,Test
AST-3019,2024-10-09,6,0,0.24623580533549366,0,7,default,Test
AST-4055,2024-10-09,4,0,0.5167466503935898,1,7,default,Test
AST-4061,2024-10-09,7,1,0.26750495111057704,0,7,default,Test
AST-5003,2024-10-09,6,0,0.4644067551781309,0,7,default,Test
AST-5007,2024-10-09,6,0,0.29512324132339335,0,7,default,Test
AST-1041,2024-10-10,2,0,0.588177885092979,1,7,default,Test
AST-1042,2024-10-10,6,0,0.5026458341739602,1,7,default,Test
AST-2017,2024-10-10,3,0,0.37299763036837996,0,7,default,Test
AST-2031,2024-10-10,2,0,0.5826442607507021,1,7,default,Test
AST-3008,2024-10-10,1,0,0.4319550237309669,0,7,default,Test
AST-3019,2024-10-10,4,0,0.32597597762983654,0,7,default,Test
AST-4055,2024-10-10,0,0,0.5817357455880711,1,7,default,Test
AST-4061,2024-10-10,8,1,0.4090763690145506,0,7,default,Test
AST-5003,2024-10-10,10,1,0.3529649481007162,0,7,default,Test
AST-5007,2024-10-10,11,1,0.31094509072669985,0,7,default,Test
AST-1041,2024-10-11,6,0,0.5425662421691125,1,7,default,Test
AST-1042,2024-10-11,12,1,0.6597437193460572,1,7,default,Test
AST-2017,2024-10-11,6,0,0.22415129637250655,0,7,default,Test
AST-2031,2024-10-11,2,0,0.6099120432929398,1,7,default,Test
AST-3008,2024-10-11,11,1,0.40235886755918704,0,7,default,Test
AST-3019,2024-10-11,3,0,0.40692731607193344,0,7,default,Test
AST-4055,2024-10-11,13,1,0.5310425059958147,1,7,default,Test
AST-4061,2024-10-11,5,0,0.2971099607900355,0,7,default,Test
AST-5003,2024-10-11,12,1,0.4228996588496414,0,7,default,Test
AST-5007,2024-10-11,6,0,0.23127046333676116,0,7,default,Test
AST-1041,2024-10-12,0,0,0.5441843874878355,1,7,default,Test
AST-1042,2024-10-12,0,0,0.3658550018250764,0,7,default,Test
AST-2017,2024-10-12,0,0,0.171460604017523,0,7,default,Test
AST-2031,2024-10-12,0,0,0.4738194092532242,0,7,default,Test
AST-3008,2024-10-12,0,0,0.2386386620781551,0,7,default,Test
AST-3019,2024-10-12,0,0,0.1687576666311561,0,7,default,Test
AST-4055,2024-10-12,0,0,0.38273585426005846,0,7,default,Test
AST-4061,2024-10-12,0,0,0.17614763737624126,0,7,default,Test
AST-5003,2024-10-12,0,0,0.20615331681903404,0,7,default,Test
AST-5007,2024-10-12,0,0,0.2029640473974259,0,7,default,Test
AST-1041,2024-10-13,0,0,0.27601201523062463,0,7,default,Test
AST-1042,2024-10-13,0,0,0.3158295854027765,0,7,default,Test
AST-2017,2024-10-13,0,0,0.19499308286695569,0,7,default,Test
AST-2031,2024-10-13,0,0,0.484103685943816,0,7,default,Test
AST-3008,2024-10-13,0,0,0.21166548114170808,0,7,default,Test
AST-3019,2024-10-13,0,0,0.15394518167785956,0,7,default,Test
AST-4055,2024-10-13,0,0,0.2720858656839652,0,7,default,Test
AST-4061,2024-10-13,0,0,0.18226710290468653,0,7,default,Test
AST-5003,2024-10-13,0,0,0.2670847359024304,0,7,default,Test
AST-5007,2024-10-13,0,0,0.1970332972104671,0,7,default,Test
AST-1041,2024-10-14,3,0,0.6233785154896293,1,7,default,Test
AST-1042,2024-10-14,0,0,0.5675667941195759,1,7,default,Test
AST-2017,2024-10-14,7,1,0.24399702308918642,0,7,default,Test
AST-2031,2024-10-14,10,1,0.5897893372476115,1,7,default,Test
AST-3008,2024-10-14,2,0,0.3327733764922577,0,7,default,Test
AST-3019,2024-10-14,2,0,0.3412161374717721,0,7,default,Test
AST-4055,2024-10-14,2,0,0.5517746565758428,1,7,default,Test
AST-4061,2024-10-14,1,0,0.36555253689208944,0,7,default,Test
AST-5003,2024-10-14,18,1,0.39486106387557585,0,7,default,Test
AST-5007,2024-10-14,3,0,0.36511379377533504,0,7,default,Test
AST-1041,2024-10-15,6,0,0.6077638675849595,1,7,default,Test
AST-1042,2024-10-15,0,0,0.5703828309455549,1,7,default,Test
AST-2017,2024-10-15,8,1,0.2373498044475555,0,7,default,Test
AST-2031,2024-10-15,7,1,0.7154502722346229,1,7,default,Test
AST-3008,2024-10-15,9,1,0.2894828315681589,0,7,default,Test
AST-3019,2024-10-15,12,1,0.30345998247871037,0,7,default,Test
AST-4055,2024-10-15,9,1,0.5089331285516676,1,7,default,Test
AST-4061,2024-10-15,6,0,0.34876826537752714,0,7,default,Test
AST-5003,2024-10-15,14,1,0.3547152200802115,0,7,default,Test
AST-5007,2024-10-15,7,1,0.24577179267964033,0,7,default,Test
AST-1041,2024-10-16,8,1,0.5715474953910384,1,7,default,Test
AST-1042,2024-10-16,6,0,0.5647903527864375,1,7,default,Test
AST-2017,2024-10-16,5,0,0.33579263177835594,0,7,default,Test
AST-2031,2024-10-16,2,0,0.5922265838789196,1,7,default,Test
AST-3008,2024-10-16,10,1,0.36842861934937726,0,7,default,Test
AST-3019,2024-10-16,14,1,0.25542051720212927,0,7,default,Test
AST-4055,2024-10-16,10,1,0.491025869989148,0,7,default,Test
AST-4061,2024-10-16,4,0,0.312293937292881,0,7,default,Test
AST-5003,2024-10-16,8,1,0.4678906263666115,0,7,default,Test
AST-5007,2024-10-16,7,1,0.3290726860418222,0,7,default,Test
AST-1041,2024-10-17,10,1,0.6116536707104563,1,7,default,Test
AST-1042,2024-10-17,0,0,0.5895613726355962,1,7,default,Test
AST-2017,2024-10-17,6,0,0.3185424947429054,0,7,default,Test
AST-2031,2024-10-17,9,1,0.6576120860745981,1,7,default,Test
AST-3008,2024-10-17,8,1,0.40653524883200864,0,7,default,Test
AST-3019,2024-10-17,14,1,0.3015313316045783,0,7,default,Test
AST-4055,2024-10-17,9,1,0.6126477018181962,1,7,default,Test
AST-4061,2024-10-17,6,0,0.27901626450527567,0,7,default,Test
AST-5003,2024-10-17,4,0,0.401517193494421,0,7,default,Test
AST-5007,2024-10-17,3,0,0.28573596880680113,0,7,default,Test
AST-1041,2024-10-18,3,0,0.6046830935947541,1,7,default,Test
AST-1042,2024-10-18,6,0,0.5476785058090166,1,7,default,Test
AST-2017,2024-10-18,18,1,0.2639856661197744,0,7,default,Test
AST-2031,2024-10-18,8,1,0.6583790350823514,1,7,default,Test
AST-3008,2024-10-18,3,0,0.35549320136141677,0,7,default,Test
AST-3019,2024-10-18,12,1,0.19852231073103552,0,7,default,Test
AST-4055,2024-10-18,12,1,0.40601745296126446,0,7,default,Test
AST-4061,2024-10-18,2,0,0.30262916963603087,0,7,default,Test
AST-5003,2024-10-18,1,0,0.38560122443065503,0,7,default,Test
AST-5007,2024-10-18,8,1,0.2523629151967924,0,7,default,Test
AST-1041,2024-10-19,0,0,0.4062707844728476,0,7,default,Test
AST-1042,2024-10-19,0,0,0.30043464111778234,0,7,default,Test
AST-2017,2024-10-19,0,0,0.23211826876584074,0,7,default,Test
AST-2031,2024-10-19,0,0,0.43587811907954366,0,7,default,Test
AST-3008,2024-10-19,0,0,0.2575758196514771,0,7,default,Test
AST-3019,2024-10-19,0,0,0.18165038574025763,0,7,default,Test
AST-4055,2024-10-19,0,0,0.37201264521528765,0,7,default,Test
AST-4061,2024-10-19,0,0,0.22318492827806424,0,7,default,Test
AST-5003,2024-10-19,0,0,0.22358133309818934,0,7,default,Test
AST-5007,2024-10-19,0,0,0.1460021213310146,0,7,default,Test
AST-1041,2024-10-20,0,0,0.36241350975115905,0,7,default,Test
AST-1042,2024-10-20,0,0,0.466818944761219,0,7,default,Test
AST-2017,2024-10-20,0,0,0.17219536075299696,0,7,default,Test
AST-2031,2024-10-20,0,0,0.5710157672402805,1,7,default,Test
AST-3008,2024-10-20,0,0,0.20589969962752053,0,7,default,Test
AST-3019,2024-10-20,0,0,0.1976578570903708,0,7,default,Test
AST-4055,2024-10-20,0,0,0.41581297506316295,0,7,default,Test
AST-4061,2024-10-20,0,0,0.4142638223390098,0,7,default,Test
AST-5003,2024-10-20,0,0,0.18270001139737754,0,7,default,Test
AST-5007,2024-10-20,0,0,0.16997603151268892,0,7,default,Test
AST-1041,2024-10-21,5,0,0.5730497318626706,1,7,default,Test
AST-1042,2024-10-21,7,1,0.47046323959199116,0,7,default,Test
AST-2017,2024-10-21,2,0,0.3430816689625519,0,7,default,Test
AST-2031,2024-10-21,8,1,0.6524695698689841,1,7,default,Test
AST-3008,2024-10-21,5,0,0.4316203845965932,0,7,default,Test
AST-3019,2024-10-21,0,0,0.35696875429515834,0,7,default,Test
AST-4055,2024-10-21,14,1,0.4846596696320412,0,7,default,Test
AST-4061,2024-10-21,8,1,0.2694106748054318,0,7,default,Test
AST-5003,2024-10-21,8,1,0.33643899372741637,0,7,default,Test
AST-5007,2024-10-21,4,0,0.24734737262108103,0,7,default,Test
AST-1041,2024-10-22,0,0,0.5915226550666296,1,7,default,Test
AST-1042,2024-10-22,4,0,0.5423284396467718,1,7,default,Test
AST-2017,2024-10-22,7,1,0.29248218296566175,0,7,default,Test
AST-2031,2024-10-22,9,1,0.6317753460736171,1,7,default,Test
AST-3008,2024-10-22,10,1,0.33235271601928906,0,7,default,Test
AST-3019,2024-10-22,6,0,0.349102065472815,0,7,default,Test
AST-4055,2024-10-22,12,1,0.4200428851667036,0,7,default,Test
AST-4061,2024-10-22,12,1,0.3126308502792766,0,7,default,Test
AST-5003,2024-10-22,6,0,0.31080813639935795,0,7,default,Test
AST-5007,2024-10-22,0,0,0.2472211083512158,0,7,default,Test
AST-1041,2024-10-23,6,0,0.47495576453796073,0,7,default,Test
AST-1042,2024-10-23,4,0,0.5124698451424469,1,7,default,Test
AST-2017,2024-10-23,13,1,0.4297972185460497,0,7,default,Test
AST-2031,2024-10-23,8,1,0.6551210430285457,1,7,default,Test
AST-3008,2024-10-23,12,1,0.3477988102543384,0,7,default,Test
AST-3019,2024-10-23,4,0,0.3140760050447161,0,7,default,Test
AST-4055,2024-10-23,11,1,0.5657270233856426,1,7,default,Test
AST-4061,2024-10-23,22,1,0.31416370623052237,0,7,default,Test
AST-5003,2024-10-23,9,1,0.43331482448895076,0,7,default,Test
AST-5007,2024-10-23,1,0,0.26604676035010527,0,7,default,Test
AST-1041,2024-10-24,11,1,0.584784313062574,1,7,default,Test
AST-1042,2024-10-24,2,0,0.4710302183701859,0,7,default,Test
AST-2017,2024-10-24,21,1,0.36678937792055727,0,7,default,Test
AST-2031,2024-10-24,2,0,0.6252456398274648,1,7,default,Test
AST-3008,2024-10-24,6,0,0.37752306434370375,0,7,default,Test
AST-3019,2024-10-24,9,1,0.3853427318494984,0,7,default,Test
AST-4055,2024-10-24,2,0,0.4244217889148862,0,7,default,Test
AST-4061,2024-10-24,4,0,0.30345178531935074,0,7,default,Test
AST-5003,2024-10-24,4,0,0.3865537345915679,0,7,default,Test
AST-5007,2024-10-24,1,0,0.21670738808335957,0,7,default,Test
AST-1041,2024-10-25,14,1,0.4823991378845091,0,7,default,Test
AST-1042,2024-10-25,15,1,0.5364929791019316,1,7,default,Test
AST-2017,2024-10-25,11,1,0.32344550265185523,0,7,default,Test
AST-2031,2024-10-25,0,0,0.6329843439324386,1,7,default,Test
AST-3008,2024-10-25,8,1,0.4130671707998541,0,7,default,Test
AST-3019,2024-10-25,9,1,0.26857647649810057,0,7,default,Test
AST-4055,2024-10-25,11,1,0.45028427844666663,0,7,default,Test
AST-4061,2024-10-25,4,0,0.2931835754606348,0,7,default,Test
AST-5003,2024-10-25,5,0,0.33084138361970467,0,7,default,Test
AST-5007,2024-10-25,6,0,0.28610834137561025,0,7,default,Test
AST-1041,2024-10-26,0,0,0.3071051828317789,0,7,default,Test
AST-1042,2024-10-26,0,0,0.408776536769672,0,7,default,Test
AST-2017,2024-10-26,0,0,0.21989656632618637,0,7,default,Test
AST-2031,2024-10-26,0,0,0.42067941437915507,0,7,default,Test
AST-3008,2024-10-26,0,0,0.1884832484301618,0,7,default,Test
AST-3019,2024-10-26,0,0,0.1544965366042448,0,7,default,Test
AST-4055,2024-10-26,0,0,0.4140918172963436,0,7,default,Test
AST-4061,2024-10-26,0,0,0.16100147824498884,0,7,default,Test
AST-5003,2024-10-26,0,0,0.2108216105089342,0,7,default,Test
AST-5007,2024-10-26,0,0,0.18005815150493723,0,7,default,Test
AST-1041,2024-10-27,0,0,0.37459409872311916,0,7,default,Test
AST-1042,2024-10-27,0,0,0.3987331440726491,0,7,default,Test
AST-2017,2024-10-27,0,0,0.21304872864925012,0,7,default,Test
AST-2031,2024-10-27,0,0,0.502518791815772,1,7,default,Test
AST-3008,2024-10-27,0,0,0.2348479887765141,0,7,default,Test
AST-3019,2024-10-27,0,0,0.22654821995408575,0,7,default,Test
AST-4055,2024-10-27,0,0,0.36254715969374574,0,7,default,Test
AST-4061,2024-10-27,0,0,0.18472643541686892,0,7,default,Test
AST-5003,2024-10-27,0,0,0.5330832033085872,1,7,default,Test
AST-5007,2024-10-27,0,0,0.14332171627229306,0,7,default,Test
AST-1041,2024-10-28,0,0,0.5465237793090981,1,7,default,Test
AST-1042,2024-10-28,8,1,0.49650774622908045,0,7,default,Test
AST-2017,2024-10-28,7,1,0.2769894658388542,0,7,default,Test
AST-2031,2024-10-28,4,0,0.6023483049614409,1,7,default,Test
AST-3008,2024-10-28,5,0,0.40029155719327786,0,7,default,Test
AST-3019,2024-10-28,9,1,0.35644381096813055,0,7,default,Test
AST-4055,2024-10-28,9,1,0.5248111317590616,1,7,default,Test
AST-4061,2024-10-28,2,0,0.28529934158818665,0,7,default,Test
AST-5003,2024-10-28,14,1,0.4121675587160391,0,7,default,Test
AST-5007,2024-10-28,11,1,0.31134167600795987,0,7,default,Test
AST-1041,2024-10-29,5,0,0.6123323188698978,1,7,default,Test
AST-1042,2024-10-29,5,0,0.534124550660893,1,7,default,Test
AST-2017,2024-10-29,14,1,0.5404842920426832,1,7,default,Test
AST-2031,2024-10-29,2,0,0.6048632588003569,1,7,default,Test
AST-3008,2024-10-29,8,1,0.3268486927060999,0,7,default,Test
AST-3019,2024-10-29,6,0,0.31866085316120196,0,7,default,Test
AST-4055,2024-10-29,3,0,0.44426022548153116,0,7,default,Test
AST-4061,2024-10-29,4,0,0.24224443420306782,0,7,default,Test
AST-5003,2024-10-29,3,0,0.4259814913685149,0,7,default,Test
AST-5007,2024-10-29,0,0,0.2917402814578346,0,7,default,Test
AST-1041,2024-10-30,4,0,0.4752649085119751,0,7,default,Test
AST-1042,2024-10-30,9,1,0.4821981399504032,0,7,default,Test
AST-2017,2024-10-30,7,1,0.277576058284681,0,7,default,Test
AST-2031,2024-10-30,12,1,0.5796409818528847,1,7,default,Test
AST-3008,2024-10-30,1,0,0.3215372179093484,0,7,default,Test
AST-3019,2024-10-30,9,1,0.28235631146646695,0,7,default,Test
AST-4055,2024-10-30,8,1,0.5243858888317509,1,7,default,Test
AST-4061,2024-10-30,7,1,0.37405123860928285,0,7,default,Test
AST-5003,2024-10-30,19,1,0.3583260149465885,0,7,default,Test
AST-5007,2024-10-30,10,1,0.22756375686875815,0,7,default,Test
AST-1041,2024-10-31,6,0,0.4789931490806271,0,7,default,Test
AST-1042,2024-10-31,12,1,0.48321463834729406,0,7,default,Test
AST-2017,2024-10-31,6,0,0.34106682661759197,0,7,default,Test
AST-2031,2024-10-31,0,0,0.5823901933902409,1,7,default,Test
AST-3008,2024-10-31,4,0,0.3448639405343853,0,7,default,Test
AST-3019,2024-10-31,6,0,0.2621389242228345,0,7,default,Test
AST-4055,2024-10-31,6,0,0.6182255208983679,1,7,default,Test
AST-4061,2024-10-31,2,0,0.31354133314709176,0,7,default,Test
AST-5003,2024-10-31,10,1,0.3395477035047958,0,7,default,Test
AST-5007,2024-10-31,4,0,0.3011392055176547,0,7,default,Test
AST-1041,2024-11-01,6,0,0.515135345235694,1,7,default,Test
AST-1042,2024-11-01,1,0,0.5350503238579779,1,7,default,Test
AST-2017,2024-11-01,7,1,0.2893822209137478,0,7,default,Test
AST-2031,2024-11-01,8,1,0.616512849110469,1,7,default,Test
AST-3008,2024-11-01,8,1,0.3757032135101492,0,7,default,Test
AST-3019,2024-11-01,5,0,0.24557348020846284,0,7,default,Test
AST-4055,2024-11-01,7,1,0.46225342682363874,0,7,default,Test
AST-4061,2024-11-01,10,1,0.2047504446842332,0,7,default,Test
AST-5003,2024-11-01,3,0,0.43277687240411666,0,7,default,Test
AST-5007,2024-11-01,5,0,0.2867694717849724,0,7,default,Test
AST-1041,2024-11-02,0,0,0.3721388712665178,0,7,default,Test
AST-1042,2024-11-02,0,0,0.4624881217318396,0,7,default,Test
AST-2017,2024-11-02,0,0,0.19438288126285838,0,7,default,Test
AST-2031,2024-11-02,0,0,0.41572659201926293,0,7,default,Test
AST-3008,2024-11-02,0,0,0.14373989105426582,0,7,default,Test
AST-3019,2024-11-02,0,0,0.18100447424458008,0,7,default,Test
AST-4055,2024-11-02,0,0,0.3845777332704368,0,7,default,Test
AST-4061,2024-11-02,0,0,0.21648500748173732,0,7,default,Test
AST-5003,2024-11-02,0,0,0.20973136316038912,0,7,default,Test
AST-5007,2024-11-02,0,0,0.19739660237896078,0,7,default,Test
AST-1041,2024-11-03,0,0,0.35091946167339216,0,7,default,Test
AST-1042,2024-11-03,0,0,0.3552282486768395,0,7,default,Test
AST-2017,2024-11-03,0,0,0.1816050221490538,0,7,default,Test
AST-2031,2024-11-03,0,0,0.5211540041471956,1,7,default,Test
AST-3008,2024-11-03,0,0,0.19892159449742464,0,7,default,Test
AST-3019,2024-11-03,0,0,0.1607400021090519,0,7,default,Test
AST-4055,2024-11-03,0,0,0.2557186892214903,0,7,default,Test
AST-4061,2024-11-03,0,0,0.14277500042102936,0,7,default,Test
AST-5003,2024-11-03,0,0,0.34264246564757783,0,7,default,Test
AST-5007,2024-11-03,0,0,0.26633461941570213,0,7,default,Test
AST-1041,2024-11-04,1,0,0.5713758443816588,1,7,default,Test
AST-1042,2024-11-04,12,1,0.4471600959592676,0,7,default,Test
AST-2017,2024-11-04,9,1,0.3368327917632417,0,7,default,Test
AST-2031,2024-11-04,4,0,0.6981692944567185,1,7,default,Test
AST-3008,2024-11-04,6,0,0.37029010740264245,0,7,default,Test
AST-3019,2024-11-04,0,0,0.2765421923841723,0,7,default,Test
AST-4055,2024-11-04,6,0,0.5952820242690723,1,7,default,Test
AST-4061,2024-11-04,2,0,0.2599687636225753,0,7,default,Test
AST-5003,2024-11-04,2,0,0.33994322234985475,0,7,default,Test
AST-5007,2024-11-04,10,1,0.3890262719124049,0,7,default,Test
AST-1041,2024-11-05,3,0,0.5074870502481701,1,7,default,Test
AST-1042,2024-11-05,9,1,0.5784467758225459,1,7,default,Test
AST-2017,2024-11-05,15,1,0.4163237390065906,0,7,default,Test
AST-2031,2024-11-05,11,1,0.5872973902685522,1,7,default,Test
AST-3008,2024-11-05,11,1,0.38494373703903445,0,7,default,Test
AST-3019,2024-11-05,18,1,0.38805360743581435,0,7,default,Test
AST-4055,2024-11-05,12,1,0.4394347144197302,0,7,default,Test
AST-4061,2024-11-05,16,1,0.3275024907392147,0,7,default,Test
AST-5003,2024-11-05,12,1,0.44510409839884063,0,7,default,Test
AST-5007,2024-11-05,4,0,0.24117970368984032,0,7,default,Test
AST-1041,2024-11-06,8,1,0.5583641851444788,1,7,default,Test
AST-1042,2024-11-06,4,0,0.5932998380471863,1,7,default,Test
AST-2017,2024-11-06,12,1,0.2451758332240877,0,7,default,Test
AST-2031,2024-11-06,8,1,0.6679406730715249,1,7,default,Test
AST-3008,2024-11-06,4,0,0.3148613260754187,0,7,default,Test
AST-3019,2024-11-06,2,0,0.27854690716899777,0,7,default,Test
AST-4055,2024-11-06,14,1,0.5539279297622457,1,7,default,Test
AST-4061,2024-11-06,8,1,0.298428571576592,0,7,default,Test
AST-5003,2024-11-06,18,1,0.3622258698295992,0,7,default,Test
AST-5007,2024-11-06,6,0,0.24968926867320462,0,7,default,Test
AST-1041,2024-11-07,0,0,0.5229620256434143,1,7,default,Test
AST-1042,2024-11-07,8,1,0.5389384648313967,1,7,default,Test
AST-2017,2024-11-07,16,1,0.31189738638157055,0,7,default,Test
AST-2031,2024-11-07,8,1,0.6114029680643651,1,7,default,Test
AST-3008,2024-11-07,11,1,0.43324090342598787,0,7,default,Test
AST-3019,2024-11-07,9,1,0.30414308344603386,0,7,default,Test
AST-4055,2024-11-07,8,1,0.5621529391200881,1,7,default,Test
AST-4061,2024-11-07,6,0,0.3815238058326465,0,7,default,Test
AST-5003,2024-11-07,10,1,0.3559036500203324,0,7,default,Test
AST-5007,2024-11-07,4,0,0.4242020530152917,0,7,default,Test
AST-1041,2024-11-08,4,0,0.5162486003811368,1,7,default,Test
AST-1042,2024-11-08,5,0,0.5059026420663049,1,7,default,Test
AST-2017,2024-11-08,1,0,0.23419252181397945,0,7,default,Test
AST-2031,2024-11-08,6,0,0.5673008410804795,1,7,default,Test
AST-3008,2024-11-08,8,1,0.27898572634304736,0,7,default,Test
AST-3019,2024-11-08,4,0,0.3133927385803862,0,7,default,Test
AST-4055,2024-11-08,11,1,0.5036882320358158,1,7,default,Test
AST-4061,2024-11-08,0,0,0.2288340883828356,0,7,default,Test
AST-5003,2024-11-08,6,0,0.417803970536249,0,7,default,Test
AST-5007,2024-11-08,4,0,0.2947020247693032,0,7,default,Test
AST-1041,2024-11-09,0,0,0.34126962056270355,0,7,default,Test
AST-1042,2024-11-09,0,0,0.31015627833825105,0,7,default,Test
AST-2017,2024-11-09,0,0,0.21144185614582198,0,7,default,Test
AST-2031,2024-11-09,0,0,0.49862326717239086,0,7,default,Test
AST-3008,2024-11-09,0,0,0.28672786003258777,0,7,default,Test
AST-3019,2024-11-09,0,0,0.17206849770763719,0,7,default,Test
AST-4055,2024-11-09,0,0,0.3491466712757284,0,7,default,Test
AST-4061,2024-11-09,0,0,0.2296153000769506,0,7,default,Test
AST-5003,2024-11-09,0,0,0.20548392557554093,0,7,default,Test
AST-5007,2024-11-09,0,0,0.1642933630256833,0,7,default,Test
AST-1041,2024-11-10,0,0,0.2846814505469575,0,7,default,Test
AST-1042,2024-11-10,0,0,0.43096346400431323,0,7,default,Test
AST-2017,2024-11-10,0,0,0.17226797244178166,0,7,default,Test
AST-2031,2024-11-10,0,0,0.4902148938522583,0,7,default,Test
AST-3008,2024-11-10,0,0,0.33556218615579336,0,7,default,Test
AST-3019,2024-11-10,0,0,0.19099073105006079,0,7,default,Test
AST-4055,2024-11-10,0,0,0.29859255828394127,0,7,default,Test
AST-4061,2024-11-10,0,0,0.22051722531906767,0,7,default,Test
AST-5003,2024-11-10,0,0,0.27856512962260666,0,7,default,Test
AST-5007,2024-11-10,0,0,0.21282906602416377,0,7,default,Test
AST-1041,2024-11-11,10,1,0.520040368070916,1,7,default,Test
AST-1042,2024-11-11,8,1,0.5114661300811986,1,7,default,Test
AST-2017,2024-11-11,7,1,0.3266131704743404,0,7,default,Test
AST-2031,2024-11-11,4,0,0.5870659865136675,1,7,default,Test
AST-3008,2024-11-11,4,0,0.3889569805505353,0,7,default,Test
AST-3019,2024-11-11,3,0,0.39880503671681056,0,7,default,Test
AST-4055,2024-11-11,8,1,0.5358204989194939,1,7,default,Test
AST-4061,2024-11-11,6,0,0.27639708638578486,0,7,default,Test
AST-5003,2024-11-11,8,1,0.4819549761385019,0,7,default,Test
AST-5007,2024-11-11,7,1,0.20727128128213446,0,7,default,Test
AST-1041,2024-11-12,14,1,0.7641667744710473,1,7,default,Test
AST-1042,2024-11-12,6,0,0.40972718317513,0,7,default,Test
AST-2017,2024-11-12,7,1,0.27696121148371117,0,7,default,Test
AST-2031,2024-11-12,10,1,0.554818393685552,1,7,default,Test
AST-3008,2024-11-12,11,1,0.4146769680913857,0,7,default,Test
AST-3019,2024-11-12,7,1,0.3208807475553141,0,7,default,Test
AST-4055,2024-11-12,13,1,0.43889933083999044,0,7,default,Test
AST-4061,2024-11-12,16,1,0.33310415790293374,0,7,default,Test
AST-5003,2024-11-12,9,1,0.4306026894508975,0,7,default,Test
AST-5007,2024-11-12,5,0,0.46493025989411046,0,7,default,Test
AST-1041,2024-11-13,10,1,0.5508422642159346,1,7,default,Test
AST-1042,2024-11-13,7,1,0.5229702095140872,1,7,default,Test
AST-2017,2024-11-13,2,0,0.3923990302286667,0,7,default,Test
AST-2031,2024-11-13,4,0,0.6556551900403307,1,7,default,Test
AST-3008,2024-11-13,10,1,0.350194004115898,0,7,default,Test
AST-3019,2024-11-13,7,1,0.5665156981576064,1,7,default,Test
AST-4055,2024-11-13,1,0,0.49630439609139365,0,7,default,Test
AST-4061,2024-11-13,13,1,0.26138786758738647,0,7,default,Test
AST-5003,2024-11-13,9,1,0.42111936680849826,0,7,default,Test
AST-5007,2024-11-13,0,0,0.2641569966643501,0,7,default,Test
AST-1041,2024-11-14,5,0,0.653740984417872,1,7,default,Test
AST-1042,2024-11-14,3,0,0.6074460530359711,1,7,default,Test
AST-2017,2024-11-14,5,0,0.33262654923508506,0,7,default,Test
AST-2031,2024-11-14,8,1,0.651895986825582,1,7,default,Test
AST-3008,2024-11-14,3,0,0.36474503615812304,0,7,default,Test
AST-3019,2024-11-14,11,1,0.42810086121806706,0,7,default,Test
AST-4055,2024-11-14,2,0,0.48879976759219573,0,7,default,Test
AST-4061,2024-11-14,2,0,0.309474910314847,0,7,default,Test
AST-5003,2024-11-14,9,1,0.4478353894957185,0,7,default,Test
AST-5007,2024-11-14,9,1,0.28545074077675864,0,7,default,Test
AST-1041,2024-11-15,2,0,0.55884340390336,1,7,default,Test
AST-1042,2024-11-15,5,0,0.5289108347036909,1,7,default,Test
AST-2017,2024-11-15,5,0,0.3059740741215164,0,7,default,Test
AST-2031,2024-11-15,6,0,0.6483035679061582,1,7,default,Test
AST-3008,2024-11-15,11,1,0.4037886097724165,0,7,default,Test
AST-3019,2024-11-15,2,0,0.2931597480933597,0,7,default,Test
AST-4055,2024-11-15,14,1,0.587734433161804,1,7,default,Test
AST-4061,2024-11-15,8,1,0.30455840291984126,0,7,default,Test
AST-5003,2024-11-15,10,1,0.3084658976162495,0,7,default,Test
AST-5007,2024-11-15,7,1,0.353228842238082,0,7,default,Test
AST-1041,2024-11-16,0,0,0.39194331800459814,0,7,default,Test
AST-1042,2024-11-16,0,0,0.48138880537314727,0,7,default,Test
AST-2017,2024-11-16,0,0,0.23444266094470384,0,7,default,Test
AST-2031,2024-11-16,0,0,0.5620220064968674,1,7,default,Test
AST-3008,2024-11-16,0,0,0.2052024036682406,0,7,default,Test
AST-3019,2024-11-16,0,0,0.18327164206060717,0,7,default,Test
AST-4055,2024-11-16,0,0,0.45068626741847934,0,7,default,Test
AST-4061,2024-11-16,0,0,0.18147800233229416,0,7,default,Test
AST-5003,2024-11-16,0,0,0.21245476879180822,0,7,default,Test
AST-5007,2024-11-16,0,0,0.12621257211997233,0,7,default,Test
AST-1041,2024-11-17,0,0,0.24171924658738167,0,7,default,Test
AST-1042,2024-11-17,0,0,0.3459536990375744,0,7,default,Test
AST-2017,2024-11-17,0,0,0.14081498121271235,0,7,default,Test
AST-2031,2024-11-17,0,0,0.41628638175270166,0,7,default,Test
AST-3008,2024-11-17,0,0,0.29396606329694835,0,7,default,Test
AST-3019,2024-11-17,0,0,0.19341667837486365,0,7,default,Test
AST-4055,2024-11-17,0,0,0.32402087279593556,0,7,default,Test
AST-4061,2024-11-17,0,0,0.10996422244310565,0,7,default,Test
AST-5003,2024-11-17,0,0,0.21705954954169002,0,7,default,Test
AST-5007,2024-11-17,0,0,0.15447038092749243,0,7,default,Test
AST-1041,2024-11-18,9,1,0.5029075134465911,1,7,default,Test
AST-1042,2024-11-18,9,1,0.45782746231047644,0,7,default,Test
AST-2017,2024-11-18,8,1,0.282377361660669,0,7,default,Test
AST-2031,2024-11-18,7,1,0.6296446727141092,1,7,default,Test
AST-3008,2024-11-18,4,0,0.43542771407549946,0,7,default,Test
AST-3019,2024-11-18,6,0,0.29285104192823896,0,7,default,Test
AST-4055,2024-11-18,21,1,0.5122890993450951,1,7,default,Test
AST-4061,2024-11-18,5,0,0.3260643948050855,0,7,default,Test
AST-5003,2024-11-18,5,0,0.35369919798486926,0,7,default,Test
AST-5007,2024-11-18,7,1,0.18359437519413718,0,7,default,Test
AST-1041,2024-11-19,10,1,0.5067751069887934,1,7,default,Test
AST-1042,2024-11-19,11,1,0.5804151212544536,1,7,default,Test
AST-2017,2024-11-19,5,0,0.274135723157751,0,7,default,Test
AST-2031,2024-11-19,10,1,0.5898696760917148,1,7,default,Test
AST-3008,2024-11-19,11,1,0.4327452594611112,0,7,default,Test
AST-3019,2024-11-19,2,0,0.2843841200049873,0,7,default,Test
AST-4055,2024-11-19,11,1,0.564656473430209,1,7,default,Test
AST-4061,2024-11-19,4,0,0.3630140066662777,0,7,default,Test
AST-5003,2024-11-19,10,1,0.4218771560407442,0,7,default,Test
AST-5007,2024-11-19,1,0,0.22169757309856344,0,7,default,Test
AST-1041,2024-11-20,12,1,0.5284410603376262,1,7,default,Test
AST-1042,2024-11-20,4,0,0.4994039214469052,0,7,default,Test
AST-2017,2024-11-20,6,0,0.2389960761773374,0,7,default,Test
AST-2031,2024-11-20,8,1,0.6674632881374293,1,7,default,Test
AST-3008,2024-11-20,8,1,0.5726792662503908,1,7,default,Test
AST-3019,2024-11-20,0,0,0.34492404323961223,0,7,default,Test
AST-4055,2024-11-20,3,0,0.5747670220864317,1,7,default,Test
AST-4061,2024-11-20,11,1,0.2827914754872356,0,7,default,Test
AST-5003,2024-11-20,20,1,0.43478684110524723,0,7,default,Test
AST-5007,2024-11-20,0,0,0.2672689000741915,0,7,default,Test
AST-1041,2024-11-21,6,0,0.6054772544978935,1,7,default,Test
AST-1042,2024-11-21,6,0,0.42336103673539227,0,7,default,Test
AST-2017,2024-11-21,9,1,0.25400922857269953,0,7,default,Test
AST-2031,2024-11-21,17,1,0.5964904756470131,1,7,default,Test
AST-3008,2024-11-21,4,0,0.29716339352562215,0,7,default,Test
AST-3019,2024-11-21,6,0,0.29500543684422603,0,7,default,Test
AST-4055,2024-11-21,8,1,0.4891685647160146,0,7,default,Test
AST-4061,2024-11-21,4,0,0.23985500005050595,0,7,default,Test
AST-5003,2024-11-21,12,1,0.32765742766684114,0,7,default,Test
AST-5007,2024-11-21,6,0,0.2752331422255384,0,7,default,Test
AST-1041,2024-11-22,12,1,0.5338232948880994,1,7,default,Test
AST-1042,2024-11-22,6,0,0.5499115440512183,1,7,default,Test
AST-2017,2024-11-22,7,1,0.25471934779470534,0,7,default,Test
AST-2031,2024-11-22,0,0,0.6758481764517096,1,7,default,Test
AST-3008,2024-11-22,2,0,0.3564440919592122,0,7,default,Test
AST-3019,2024-11-22,4,0,0.3918811762400621,0,7,default,Test
AST-4055,2024-11-22,9,1,0.48603125802822605,0,7,default,Test
AST-4061,2024-11-22,6,0,0.3709100437910885,0,7,default,Test
AST-5003,2024-11-22,15,1,0.4300023040601404,0,7,default,Test
AST-5007,2024-11-22,2,0,0.19012602482127614,0,7,default,Test
AST-1041,2024-11-23,0,0,0.36052830960265464,0,7,default,Test
AST-1042,2024-11-23,0,0,0.39277134724671564,0,7,default,Test
AST-2017,2024-11-23,0,0,0.1559688082583949,0,7,default,Test
AST-2031,2024-11-23,0,0,0.42415784479397706,0,7,default,Test
AST-3008,2024-11-23,0,0,0.2652935523230578,0,7,default,Test
AST-3019,2024-11-23,0,0,0.21799399738507474,0,7,default,Test
AST-4055,2024-11-23,0,0,0.40934743504862503,0,7,default,Test
AST-4061,2024-11-23,0,0,0.12617912558012168,0,7,default,Test
AST-5003,2024-11-23,0,0,0.24245996301431594,0,7,default,Test
AST-5007,2024-11-23,0,0,0.13806824193406056,0,7,default,Test
AST-1041,2024-11-24,0,0,0.3486479825455193,0,7,default,Test
AST-1042,2024-11-24,0,0,0.331631450583759,0,7,default,Test
AST-2017,2024-11-24,0,0,0.1980677174935618,0,7,default,Test
AST-2031,2024-11-24,0,0,0.540385165834192,1,7,default,Test
AST-3008,2024-11-24,0,0,0.2781479999302118,0,7,default,Test
AST-3019,2024-11-24,0,0,0.2417910350340735,0,7,default,Test
AST-4055,2024-11-24,0,0,0.25556399846270206,0,7,default,Test
AST-4061,2024-11-24,0,0,0.13743591890948167,0,7,default,Test
AST-5003,2024-11-24,0,0,0.23051892383845363,0,7,default,Test
AST-5007,2024-11-24,0,0,0.18474766055418546,0,7,default,Test
AST-1041,2024-11-25,4,0,0.5395428919057247,1,7,default,Test
AST-1042,2024-11-25,6,0,0.5021025294238947,1,7,default,Test
AST-2017,2024-11-25,5,0,0.34498578374829,0,7,default,Test
AST-2031,2024-11-25,8,1,0.6310669358273144,1,7,default,Test
AST-3008,2024-11-25,3,0,0.36157935336847535,0,7,default,Test
AST-3019,2024-11-25,8,1,0.373283188432121,0,7,default,Test
AST-4055,2024-11-25,7,1,0.5519009346747129,1,7,default,Test
AST-4061,2024-11-25,4,0,0.2070489117787782,0,7,default,Test
AST-5003,2024-11-25,9,1,0.4456516709152363,0,7,default,Test
AST-5007,2024-11-25,6,0,0.27644507732613904,0,7,default,Test
AST-1041,2024-11-26,2,0,0.5482785188657278,1,7,default,Test
AST-1042,2024-11-26,4,0,0.49111125786917187,0,7,default,Test
AST-2017,2024-11-26,4,0,0.32182958321181576,0,7,default,Test
AST-2031,2024-11-26,8,1,0.6319600394711526,1,7,default,Test
AST-3008,2024-11-26,5,0,0.4144793196956923,0,7,default,Test
AST-3019,2024-11-26,5,0,0.3235624028276073,0,7,default,Test
AST-4055,2024-11-26,15,1,0.44853102950973056,0,7,default,Test
AST-4061,2024-11-26,3,0,0.305967624089673,0,7,default,Test
AST-5003,2024-11-26,9,1,0.4450091894737448,0,7,default,Test
AST-5007,2024-11-26,10,1,0.2330999839750765,0,7,default,Test
AST-1041,2024-11-27,6,0,0.5307981061845672,1,7,default,Test
AST-1042,2024-11-27,4,0,0.5630151490815215,1,7,default,Test
AST-2017,2024-11-27,11,1,0.38147616488232355,0,7,default,Test
AST-2031,2024-11-27,15,1,0.5668760259269762,1,7,default,Test
AST-3008,2024-11-27,5,0,0.40600541602900075,0,7,default,Test
AST-3019,2024-11-27,6,0,0.3344110607266041,0,7,default,Test
AST-4055,2024-11-27,2,0,0.49393923129518064,0,7,default,Test
AST-4061,2024-11-27,6,0,0.2311518238912547,0,7,default,Test
AST-5003,2024-11-27,15,1,0.3331812752877871,0,7,default,Test
AST-5007,2024-11-27,10,1,0.26359875039099057,0,7,default,Test
AST-1041,2024-11-28,11,1,0.6462256131828861,1,7,default,Test
AST-1042,2024-11-28,8,1,0.5445991904670865,1,7,default,Test
AST-2017,2024-11-28,11,1,0.2868137406078293,0,7,default,Test
AST-2031,2024-11-28,9,1,0.6029168105264211,1,7,default,Test
AST-3008,2024-11-28,4,0,0.361963111152327,0,7,default,Test
AST-3019,2024-11-28,6,0,0.3556885377393172,0,7,default,Test
AST-4055,2024-11-28,8,1,0.493939734847683,0,7,default,Test
AST-4061,2024-11-28,6,0,0.21691174522710358,0,7,default,Test
AST-5003,2024-11-28,12,1,0.4228621569032163,0,7,default,Test
AST-5007,2024-11-28,9,1,0.24788364929018164,0,7,default,Test
AST-1041,2024-11-29,8,1,0.4712536443382945,0,7,default,Test
AST-1042,2024-11-29,2,0,0.5503900112797427,1,7,default,Test
AST-2017,2024-11-29,8,1,0.32327909908653696,0,7,default,Test
AST-2031,2024-11-29,10,1,0.6471348145803488,1,7,default,Test
AST-3008,2024-11-29,0,0,0.3803500911312078,0,7,default,Test
AST-3019,2024-11-29,6,0,0.2962993667928574,0,7,default,Test
AST-4055,2024-11-29,13,1,0.47939822640048024,0,7,default,Test
AST-4061,2024-11-29,6,0,0.29310377409606353,0,7,default,Test
AST-5003,2024-11-29,11,1,0.4567344030209468,0,7,default,Test
AST-5007,2024-11-29,0,0,0.34529092789122834,0,7,default,Test
AST-1041,2024-11-30,0,0,0.24580074523068654,0,7,default,Test
AST-1042,2024-11-30,0,0,0.44861083790310524,0,7,default,Test
AST-2017,2024-11-30,0,0,0.1841028808855813,0,7,default,Test
AST-2031,2024-11-30,0,0,0.5720545435225537,1,7,default,Test
AST-3008,2024-11-30,0,0,0.1869377178825964,0,7,default,Test
AST-3019,2024-11-30,0,0,0.24934475674468476,0,7,default,Test
AST-4055,2024-11-30,0,0,0.36215966434587404,0,7,default,Test
AST-4061,2024-11-30,0,0,0.13556071899080666,0,7,default,Test
AST-5003,2024-11-30,0,0,0.23313584082408914,0,7,default,Test
AST-5007,2024-11-30,0,0,0.22695473220151183,0,7,default,Test
AST-1041,2024-12-01,0,0,0.30652230919984486,0,7,default,Test
AST-1042,2024-12-01,0,0,0.3679384882598838,0,7,default,Test
AST-2017,2024-12-01,0,0,0.22950116622935882,0,7,default,Test
AST-2031,2024-12-01,0,0,0.614384140942026,1,7,default,Test
AST-3008,2024-12-01,0,0,0.16557390544969705,0,7,default,Test
AST-3019,2024-12-01,0,0,0.1728063432558221,0,7,default,Test
AST-4055,2024-12-01,0,0,0.35796404890793315,0,7,default,Test
AST-4061,2024-12-01,0,0,0.1869698205247169,0,7,default,Test
AST-5003,2024-12-01,0,0,0.1976711520768129,0,7,default,Test
AST-5007,2024-12-01,0,0,0.2005624677646796,0,7,default,Test
AST-1041,2024-12-02,7,1,0.4966277011608964,0,7,default,Test
AST-1042,2024-12-02,12,1,0.5175223931195665,1,7,default,Test
AST-2017,2024-12-02,11,1,0.3556739634194592,0,7,default,Test
AST-2031,2024-12-02,2,0,0.6249813238176721,1,7,default,Test
AST-3008,2024-12-02,12,1,0.3791148970738468,0,7,default,Test
AST-3019,2024-12-02,4,0,0.2865921606677346,0,7,default,Test
AST-4055,2024-12-02,7,1,0.5970077268919536,1,7,default,Test
AST-4061,2024-12-02,9,1,0.29761600984845427,0,7,default,Test
AST-5003,2024-12-02,6,0,0.40362182111961886,0,7,default,Test
AST-5007,2024-12-02,5,0,0.3322404313234111,0,7,default,Test
AST-1041,2024-12-03,7,1,0.5795628424168116,1,7,default,Test
AST-1042,2024-12-03,4,0,0.4940586922212993,0,7,default,Test
AST-2017,2024-12-03,10,1,0.3466992311163774,0,7,default,Test
AST-2031,2024-12-03,4,0,0.6068306155259952,1,7,default,Test
AST-3008,2024-12-03,2,0,0.37770861116432525,0,7,default,Test
AST-3019,2024-12-03,0,0,0.29406244860044195,0,7,default,Test
AST-4055,2024-12-03,13,1,0.47924413204723415,0,7,default,Test
AST-4061,2024-12-03,12,1,0.3075990013936152,0,7,default,Test
AST-5003,2024-12-03,9,1,0.4055565842133445,0,7,default,Test
AST-5007,2024-12-03,3,0,0.2528665313392037,0,7,default,Test
AST-1041,2024-12-04,4,0,0.5493651117265757,1,7,default,Test
AST-1042,2024-12-04,8,1,0.5666604904203908,1,7,default,Test
AST-2017,2024-12-04,17,1,0.3440596513219634,0,7,default,Test
AST-2031,2024-12-04,10,1,0.6794180497040039,1,7,default,Test
AST-3008,2024-12-04,4,0,0.3381305876377028,0,7,default,Test
AST-3019,2024-12-04,6,0,0.31249021193514553,0,7,default,Test
AST-4055,2024-12-04,10,1,0.45641750638877476,0,7,default,Test
AST-4061,2024-12-04,4,0,0.30355567540032263,0,7,default,Test
AST-5003,2024-12-04,8,1,0.4115936698902804,0,7,default,Test
AST-5007,2024-12-04,12,1,0.2541078087375782,0,7,default,Test
AST-1041,2024-12-05,5,0,0.5200221416315197,1,7,default,Test
AST-1042,2024-12-05,4,0,0.5489371091365324,1,7,default,Test
AST-2017,2024-12-05,5,0,0.35201408413661167,0,7,default,Test
AST-2031,2024-12-05,7,1,0.7130046503871056,1,7,default,Test
AST-3008,2024-12-05,9,1,0.3621970518313285,0,7,default,Test
AST-3019,2024-12-05,18,1,0.35649986961494257,0,7,default,Test
AST-4055,2024-12-05,6,0,0.5101533809008587,1,7,default,Test
AST-4061,2024-12-05,10,1,0.3266045564824432,0,7,default,Test
AST-5003,2024-12-05,8,1,0.4122541488666797,0,7,default,Test
AST-5007,2024-12-05,9,1,0.2683253949087898,0,7,default,Test
AST-1041,2024-12-06,6,0,0.5658191084149867,1,7,default,Test
AST-1042,2024-12-06,10,1,0.45171296255977633,0,7,default,Test
AST-2017,2024-12-06,15,1,0.38714422136303556,0,7,default,Test
AST-2031,2024-12-06,6,0,0.6354635601794694,1,7,default,Test
AST-3008,2024-12-06,4,0,0.33679049461680066,0,7,default,Test
AST-3019,2024-12-06,2,0,0.26472718416119245,0,7,default,Test
AST-4055,2024-12-06,5,0,0.49496315934704116,0,7,default,Test
AST-4061,2024-12-06,4,0,0.22601685557629997,0,7,default,Test
AST-5003,2024-12-06,9,1,0.31769487144551495,0,7,default,Test
AST-5007,2024-12-06,0,0,0.2656214612128077,0,7,default,Test
AST-1041,2024-12-07,0,0,0.3735168394007492,0,7,default,Test
AST-1042,2024-12-07,0,0,0.3532996279205306,0,7,default,Test
AST-2017,2024-12-07,0,0,0.206741230434598,0,7,default,Test
AST-2031,2024-12-07,0,0,0.4568771936930959,0,7,default,Test
AST-3008,2024-12-07,0,0,0.2081431720065025,0,7,default,Test
AST-3019,2024-12-07,0,0,0.18297000021221566,0,7,default,Test
AST-4055,2024-12-07,0,0,0.4298337450159591,0,7,default,Test
AST-4061,2024-12-07,0,0,0.37866345403477536,0,7,default,Test
AST-5003,2024-12-07,0,0,0.2533746313556806,0,7,default,Test
AST-5007,2024-12-07,0,0,0.19350695933154857,0,7,default,Test
AST-1041,2024-12-08,0,0,0.3430675839406502,0,7,default,Test
AST-1042,2024-12-08,0,0,0.4632764139465583,0,7,default,Test
AST-2017,2024-12-08,0,0,0.17435808540006226,0,7,default,Test
AST-2031,2024-12-08,0,0,0.47806074602714077,0,7,default,Test
AST-3008,2024-12-08,0,0,0.18519692736228957,0,7,default,Test
AST-3019,2024-12-08,0,0,0.15803155164567226,0,7,default,Test
AST-4055,2024-12-08,0,0,0.45939022963890447,0,7,default,Test
AST-4061,2024-12-08,0,0,0.17588198736506847,0,7,default,Test
AST-5003,2024-12-08,0,0,0.22046895182520224,0,7,default,Test
AST-5007,2024-12-08,0,0,0.1807650945008004,0,7,default,Test
AST-1041,2024-12-09,4,0,0.5775730576103093,1,7,default,Test
AST-1042,2024-12-09,7,1,0.6276205151100793,1,7,default,Test
AST-2017,2024-12-09,4,0,0.3216229858534797,0,7,default,Test
AST-2031,2024-12-09,3,0,0.595272140386271,1,7,default,Test
AST-3008,2024-12-09,4,0,0.40867501970410736,0,7,default,Test
AST-3019,2024-12-09,2,0,0.5194231943560806,1,7,default,Test
AST-4055,2024-12-09,3,0,0.5248000242231387,1,7,default,Test
AST-4061,2024-12-09,24,1,0.2979940401251918,0,7,default,Test
AST-5003,2024-12-09,12,1,0.3937817028844439,0,7,default,Test
AST-5007,2024-12-09,12,1,0.3282830865374403,0,7,default,Test
AST-1041,2024-12-10,4,0,0.5469362845107034,1,7,default,Test
AST-1042,2024-12-10,24,1,0.6097874769470031,1,7,default,Test
AST-2017,2024-12-10,18,1,0.29327262424750883,0,7,default,Test
AST-2031,2024-12-10,7,1,0.6269076837935786,1,7,default,Test
AST-3008,2024-12-10,10,1,0.34098345681972386,0,7,default,Test
AST-3019,2024-12-10,3,0,0.4792184018326905,0,7,default,Test
AST-4055,2024-12-10,20,1,0.46441198851788174,0,7,default,Test
AST-4061,2024-12-10,8,1,0.2732381835890413,0,7,default,Test
AST-5003,2024-12-10,6,0,0.3513388474597126,0,7,default,Test
AST-5007,2024-12-10,2,0,0.23144161480960715,0,7,default,Test
AST-1041,2024-12-11,6,0,0.5094173454140694,1,7,default,Test
AST-1042,2024-12-11,0,0,0.5106170916061414,1,7,default,Test
AST-2017,2024-12-11,13,1,0.27241481607926527,0,7,default,Test
AST-2031,2024-12-11,8,1,0.5798708245195117,1,7,default,Test
AST-3008,2024-12-11,9,1,0.3159370565647882,0,7,default,Test
AST-3019,2024-12-11,16,1,0.28806427192707923,0,7,default,Test
AST-4055,2024-12-11,3,0,0.5299223092301556,1,7,default,Test
AST-4061,2024-12-11,3,0,0.4268948394790573,0,7,default,Test
AST-5003,2024-12-11,3,0,0.27094086896834874,0,7,default,Test
AST-5007,2024-12-11,3,0,0.27408516035134045,0,7,default,Test
AST-1041,2024-12-12,12,1,0.5910555355759342,1,7,default,Test
AST-1042,2024-12-12,14,1,0.588243528007981,1,7,default,Test
AST-2017,2024-12-12,11,1,0.27910291643121954,0,7,default,Test
AST-2031,2024-12-12,4,0,0.630150962554324,1,7,default,Test
AST-3008,2024-12-12,10,1,0.44094457186726366,0,7,default,Test
AST-3019,2024-12-12,6,0,0.29467975340025016,0,7,default,Test
AST-4055,2024-12-12,10,1,0.442892871549943,0,7,default,Test
AST-4061,2024-12-12,18,1,0.3273073427654583,0,7,default,Test
AST-5003,2024-12-12,10,1,0.32490400105271405,0,7,default,Test
AST-5007,2024-12-12,2,0,0.2739873628709308,0,7,default,Test
AST-1041,2024-12-13,1,0,0.4960035866090477,0,7,default,Test
AST-1042,2024-12-13,10,1,0.5548588209620271,1,7,default,Test
AST-2017,2024-12-13,11,1,0.23181789071834508,0,7,default,Test
AST-2031,2024-12-13,4,0,0.5341773237074511,1,7,default,Test
AST-3008,2024-12-13,7,1,0.3329587356171588,0,7,default,Test
AST-3019,2024-12-13,8,1,0.2226579697584654,0,7,default,Test
AST-4055,2024-12-13,12,1,0.45601845223920645,0,7,default,Test
AST-4061,2024-12-13,4,0,0.23205678637578372,0,7,default,Test
AST-5003,2024-12-13,9,1,0.32414520390418927,0,7,default,Test
AST-5007,2024-12-13,2,0,0.29338761264850954,0,7,default,Test
AST-1041,2024-12-14,0,0,0.2640295817429408,0,7,default,Test
AST-1042,2024-12-14,0,0,0.33230181547799537,0,7,default,Test
AST-2017,2024-12-14,0,0,0.1986447322992051,0,7,default,Test
AST-2031,2024-12-14,0,0,0.4140933462426874,0,7,default,Test
AST-3008,2024-12-14,0,0,0.2000246925045067,0,7,default,Test
AST-3019,2024-12-14,0,0,0.13780183141124208,0,7,default,Test
AST-4055,2024-12-14,0,0,0.25510711621398485,0,7,default,Test
AST-4061,2024-12-14,0,0,0.1597890456106953,0,7,default,Test
AST-5003,2024-12-14,0,0,0.25596810067687564,0,7,default,Test
AST-5007,2024-12-14,0,0,0.09114742382160329,0,7,default,Test
AST-1041,2024-12-15,0,0,0.34331438800611264,0,7,default,Test
AST-1042,2024-12-15,0,0,0.3617817905788199,0,7,default,Test
AST-2017,2024-12-15,0,0,0.14828897133309565,0,7,default,Test
AST-2031,2024-12-15,0,0,0.4523074348791547,0,7,default,Test
AST-3008,2024-12-15,0,0,0.17104184614873277,0,7,default,Test
AST-3019,2024-12-15,0,0,0.1505301411051135,0,7,default,Test
AST-4055,2024-12-15,0,0,0.2999883154413421,0,7,default,Test
AST-4061,2024-12-15,0,0,0.16488110126745056,0,7,default,Test
AST-5003,2024-12-15,0,0,0.19441463403207646,0,7,default,Test
AST-5007,2024-12-15,0,0,0.1581281416041034,0,7,default,Test
AST-1041,2024-12-16,10,1,0.45261748547968245,0,7,default,Test
AST-1042,2024-12-16,6,0,0.4404390956556116,0,7,default,Test
AST-2017,2024-12-16,6,0,0.2361041522435977,0,7,default,Test
AST-2031,2024-12-16,6,0,0.6145688452846578,1,7,default,Test
AST-3008,2024-12-16,12,1,0.41003257217577704,0,7,default,Test
AST-3019,2024-12-16,11,1,0.2509005629903835,0,7,default,Test
AST-4055,2024-12-16,10,1,0.5328208494689498,1,7,default,Test
AST-4061,2024-12-16,0,0,0.37025154148941863,0,7,default,Test
AST-5003,2024-12-16,1,0,0.46612903333052924,0,7,default,Test
AST-5007,2024-12-16,6,0,0.22577491182039264,0,7,default,Test
AST-1041,2024-12-17,4,0,0.5108514140847059,1,7,default,Test
AST-1042,2024-12-17,4,0,0.5437041790494521,1,7,default,Test
AST-2017,2024-12-17,15,1,0.25588945984913797,0,7,default,Test
AST-2031,2024-12-17,12,1,0.6230367658012346,1,7,default,Test
AST-3008,2024-12-17,4,0,0.3707953816014342,0,7,default,Test
AST-3019,2024-12-17,7,1,0.33117060056921105,0,7,default,Test
AST-4055,2024-12-17,10,1,0.557175809874926,1,7,default,Test
AST-4061,2024-12-17,8,1,0.2877323850235284,0,7,default,Test
AST-5003,2024-12-17,0,0,0.4371664972080699,0,7,default,Test
AST-5007,2024-12-17,4,0,0.26236551418674137,0,7,default,Test
AST-1041,2024-12-18,5,0,0.4775646558155359,0,7,default,Test
AST-1042,2024-12-18,6,0,0.5647734702667433,1,7,default,Test
AST-2017,2024-12-18,16,1,0.41381205547613853,0,7,default,Test
AST-2031,2024-12-18,10,1,0.6513483713330499,1,7,default,Test
AST-3008,2024-12-18,6,0,0.6057636727529337,1,7,default,Test
AST-3019,2024-12-18,8,1,0.33732294770553684,0,7,default,Test
AST-4055,2024-12-18,9,1,0.4431226609138095,0,7,default,Test
AST-4061,2024-12-18,10,1,0.2972068971426176,0,7,default,Test
AST-5003,2024-12-18,4,0,0.31022162935956754,0,7,default,Test
AST-5007,2024-12-18,2,0,0.28879703258291645,0,7,default,Test
AST-1041,2024-12-19,6,0,0.5429889276991395,1,7,default,Test
AST-1042,2024-12-19,10,1,0.5449583117594878,1,7,default,Test
AST-2017,2024-12-19,3,0,0.35793507952008646,0,7,default,Test
AST-2031,2024-12-19,0,0,0.6318207884255623,1,7,default,Test
AST-3008,2024-12-19,9,1,0.5363005779572231,1,7,default,Test
AST-3019,2024-12-19,8,1,0.26669526402860216,0,7,default,Test
AST-4055,2024-12-19,11,1,0.5634522496607016,1,7,default,Test
AST-4061,2024-12-19,7,1,0.3170376917120929,0,7,default,Test
AST-5003,2024-12-19,10,1,0.40050568110946394,0,7,default,Test
AST-5007,2024-12-19,16,1,0.22303246529157336,0,7,default,Test
AST-1041,2024-12-20,4,0,0.5462270973744342,1,7,default,Test
AST-1042,2024-12-20,4,0,0.5116584710029599,1,7,default,Test
AST-2017,2024-12-20,8,1,0.3222195358077908,0,7,default,Test
AST-2031,2024-12-20,14,1,0.4117894712910516,0,7,default,Test
AST-3008,2024-12-20,6,0,0.5634123339157845,1,7,default,Test
AST-3019,2024-12-20,6,0,0.31907430193178693,0,7,default,Test
AST-4055,2024-12-20,10,1,0.500179948041899,1,7,default,Test
AST-4061,2024-12-20,6,0,0.3196964331785729,0,7,default,Test
AST-5003,2024-12-20,10,1,0.35154019850641227,0,7,default,Test
AST-5007,2024-12-20,6,0,0.2720239227449537,0,7,default,Test
AST-1041,2024-12-21,0,0,0.25626441279118145,0,7,default,Test
AST-1042,2024-12-21,0,0,0.33189953978898884,0,7,default,Test
AST-2017,2024-12-21,0,0,0.18060400162647466,0,7,default,Test
AST-2031,2024-12-21,0,0,0.43591811714599804,0,7,default,Test
AST-3008,2024-12-21,0,0,0.2448561579157982,0,7,default,Test
AST-3019,2024-12-21,0,0,0.17414594178552337,0,7,default,Test
AST-4055,2024-12-21,0,0,0.33745887068209246,0,7,default,Test
AST-4061,2024-12-21,0,0,0.1622080298559912,0,7,default,Test
AST-5003,2024-12-21,0,0,0.19886822142471627,0,7,default,Test
AST-5007,2024-12-21,0,0,0.1934642833207822,0,7,default,Test
AST-1041,2024-12-22,0,0,0.25641036702852743,0,7,default,Test
AST-1042,2024-12-22,0,0,0.39600286184839817,0,7,default,Test
AST-2017,2024-12-22,0,0,0.20671265002071468,0,7,default,Test
AST-2031,2024-12-22,0,0,0.5484248745988467,1,7,default,Test
AST-3008,2024-12-22,0,0,0.21102410417771444,0,7,default,Test
AST-3019,2024-12-22,0,0,0.19567362225732876,0,7,default,Test
AST-4055,2024-12-22,0,0,0.4221881011945358,0,7,default,Test
AST-4061,2024-12-22,0,0,0.17890694024744638,0,7,default,Test
AST-5003,2024-12-22,0,0,0.24196266696862254,0,7,default,Test
AST-5007,2024-12-22,0,0,0.17395360393498574,0,7,default,Test
AST-1041,2024-12-23,6,0,0.5033476029621231,1,7,default,Test
AST-1042,2024-12-23,2,0,0.5014197127727021,1,7,default,Test
AST-2017,2024-12-23,17,1,0.4719194825276208,0,7,default,Test
AST-2031,2024-12-23,3,0,0.5481787016553014,1,7,default,Test
AST-3008,2024-12-23,4,0,0.35769663345731373,0,7,default,Test
AST-3019,2024-12-23,7,1,0.324715573542632,0,7,default,Test
AST-4055,2024-12-23,6,0,0.5022392780624001,1,7,default,Test
AST-4061,2024-12-23,12,1,0.27800268071966944,0,7,default,Test
AST-5003,2024-12-23,11,1,0.3745247817841588,0,7,default,Test
AST-5007,2024-12-23,2,0,0.2749288200797396,0,7,default,Test
AST-1041,2024-12-24,18,1,0.683871013173794,1,7,default,Test
AST-1042,2024-12-24,6,0,0.539768711744933,1,7,default,Test
AST-2017,2024-12-24,10,1,0.2833734849043958,0,7,default,Test
AST-2031,2024-12-24,2,0,0.6444948549980095,1,7,default,Test
AST-3008,2024-12-24,6,0,0.37948225288173704,0,7,default,Test
AST-3019,2024-12-24,4,0,0.28755073022195915,0,7,default,Test
AST-4055,2024-12-24,14,1,0.47052236349580734,0,7,default,Test
AST-4061,2024-12-24,5,0,0.23487173270267725,0,7,default,Test
AST-5003,2024-12-24,2,0,0.31998263995628246,0,7,default,Test
AST-5007,2024-12-24,12,1,0.33260488806967536,0,7,default,Test
AST-1041,2024-12-25,4,0,0.6173821520229739,1,7,default,Test
AST-1042,2024-12-25,4,0,0.48975075038723953,0,7,default,Test
AST-2017,2024-12-25,12,1,0.2816716619963782,0,7,default,Test
AST-2031,2024-12-25,15,1,0.6555579189973885,1,7,default,Test
AST-3008,2024-12-25,8,1,0.3559067214162371,0,7,default,Test
AST-3019,2024-12-25,12,1,0.30386231394609,0,7,default,Test
AST-4055,2024-12-25,10,1,0.5342276371321342,1,7,default,Test
AST-4061,2024-12-25,1,0,0.2604021376356082,0,7,default,Test
AST-5003,2024-12-25,11,1,0.33008614677677206,0,7,default,Test
AST-5007,2024-12-25,10,1,0.2505277279512522,0,7,default,Test
AST-1041,2024-12-26,2,0,0.5166014797018668,1,7,default,Test
AST-1042,2024-12-26,4,0,0.5258640960574422,1,7,default,Test
AST-2017,2024-12-26,19,1,0.3073627436425337,0,7,default,Test
AST-2031,2024-12-26,8,1,0.5996726574896686,1,7,default,Test
AST-3008,2024-12-26,2,0,0.32284560922825417,0,7,default,Test
AST-3019,2024-12-26,0,0,0.3547385119528995,0,7,default,Test
AST-4055,2024-12-26,14,1,0.5925948807219616,1,7,default,Test
AST-4061,2024-12-26,6,0,0.3545947157659579,0,7,default,Test
AST-5003,2024-12-26,1,0,0.35515862789633595,0,7,default,Test
AST-5007,2024-12-26,7,1,0.28427761297732673,0,7,default,Test
AST-1041,2024-12-27,7,1,0.5284130838756462,1,7,default,Test
AST-1042,2024-12-27,8,1,0.508159655612082,1,7,default,Test
AST-2017,2024-12-27,11,1,0.22821475522861795,0,7,default,Test
AST-2031,2024-12-27,8,1,0.5739514816155181,1,7,default,Test
AST-3008,2024-12-27,3,0,0.381109278627375,0,7,default,Test
AST-3019,2024-12-27,8,1,0.1949891028401927,0,7,default,Test
AST-4055,2024-12-27,12,1,0.48877251620309087,0,7,default,Test
AST-4061,2024-12-27,18,1,0.3960485295944722,0,7,default,Test
AST-5003,2024-12-27,16,1,0.3861947604826936,0,7,default,Test
AST-5007,2024-12-27,1,0,0.21960236291989235,0,7,default,Test
AST-1041,2024-12-28,0,0,0.3141318183199764,0,7,default,Test
AST-1042,2024-12-28,0,0,0.3803889341892036,0,7,default,Test
AST-2017,2024-12-28,0,0,0.14732807647959922,0,7,default,Test
AST-2031,2024-12-28,0,0,0.46514969540082174,0,7,default,Test
AST-3008,2024-12-28,0,0,0.173927919183808,0,7,default,Test
AST-3019,2024-12-28,0,0,0.21405927085414378,0,7,default,Test
AST-4055,2024-12-28,0,0,0.3845892639238864,0,7,default,Test
AST-4061,2024-12-28,0,0,0.256918157930551,0,7,default,Test
AST-5003,2024-12-28,0,0,0.2620607925947567,0,7,default,Test
AST-5007,2024-12-28,0,0,0.23200816558943818,0,7,default,Test
AST-1041,2024-12-29,0,0,0.2538385856141501,0,7,default,Test
AST-1042,2024-12-29,0,0,0.3090592344333721,0,7,default,Test
AST-2017,2024-12-29,0,0,0.17361687393152558,0,7,default,Test
AST-2031,2024-12-29,0,0,0.47501853847064357,0,7,default,Test
AST-3008,2024-12-29,0,0,0.20696028834640734,0,7,default,Test
AST-3019,2024-12-29,0,0,0.18055776304442517,0,7,default,Test
AST-4055,2024-12-29,0,0,0.366874430297593,0,7,default,Test
AST-4061,2024-12-29,0,0,0.15644899569886497,0,7,default,Test
AST-5003,2024-12-29,0,0,0.1902329098444015,0,7,default,Test
AST-5007,2024-12-29,0,0,0.15321442384824155,0,7,default,Test
AST-1041,2024-12-30,4,0,0.7153962303746414,1,7,default,Test
AST-1042,2024-12-30,2,0,0.5928311697257629,1,7,default,Test
AST-2017,2024-12-30,7,1,0.28291242238271835,0,7,default,Test
AST-2031,2024-12-30,2,0,0.610298396664021,1,7,default,Test
AST-3008,2024-12-30,0,0,0.42540317721817533,0,7,default,Test
AST-3019,2024-12-30,0,0,0.39855825613370566,0,7,default,Test
AST-4055,2024-12-30,11,1,0.5900645533025374,1,7,default,Test
AST-4061,2024-12-30,8,1,0.4914330692548696,0,7,default,Test
AST-5003,2024-12-30,10,1,0.42445644216591794,0,7,default,Test
AST-5007,2024-12-30,6,0,0.24373082924916964,0,7,default,Test
AST-1041,2024-12-31,1,0,0.481527000558306,0,7,default,Test
AST-1042,2024-12-31,5,0,0.5270966723096597,1,7,default,Test
AST-2017,2024-12-31,12,1,0.33130312569909925,0,7,default,Test
AST-2031,2024-12-31,11,1,0.5271857454634221,1,7,default,Test
AST-3008,2024-12-31,4,0,0.4346480488941149,0,7,default,Test
AST-3019,2024-12-31,12,1,0.35471952872252877,0,7,default,Test
AST-4055,2024-12-31,10,1,0.5439773820863643,1,7,default,Test
AST-4061,2024-12-31,7,1,0.18339737109951726,0,7,default,Test
AST-5003,2024-12-31,10,1,0.483829165768742,0,7,default,Test
AST-5007,2024-12-31,3,0,0.29657808620558446,0,7,default,Test
AST-1041,2025-01-01,6,0,0.5343913769242151,1,7,default,Test
AST-1042,2025-01-01,10,1,0.4580976991527668,0,7,default,Test
AST-2017,2025-01-01,6,0,0.2554648323438849,0,7,default,Test
AST-2031,2025-01-01,17,1,0.5504046668399396,1,7,default,Test
AST-3008,2025-01-01,7,1,0.4072715229091777,0,7,default,Test
AST-3019,2025-01-01,8,1,0.26831668787076024,0,7,default,Test
AST-4055,2025-01-01,11,1,0.48998384050934185,0,7,default,Test
AST-4061,2025-01-01,9,1,0.4703776476910859,0,7,default,Test
AST-5003,2025-01-01,6,0,0.3631747300101875,0,7,default,Test
AST-5007,2025-01-01,8,1,0.28525278017712813,0,7,default,Test
