severity_threshold,feature_set,model_variant,cutoff_method,probability_cutoff,split,train_failure_rate,Accuracy,Precision,Recall,F1,ROC_AUC,PR_AUC,AP,TN,FP,FN,TP,actual_failure_rate,predicted_failure_rate,always_normal_accuracy,rows
7,original_features,default,fixed_0.5,0.5,Validation,0.3612271540469974,0.624390243902439,0.4627659574468085,0.29591836734693877,0.36099585062240663,0.6380250769509325,0.4651800972857054,0.46680555537861923,850,202,414,174,0.35853658536585364,0.22926829268292684,0.6414634146341464,1640
7,original_features,default,validation_F1,0.24,Validation,0.3612271540469974,0.5170731707317073,0.42249240121580545,0.9455782312925171,0.5840336134453782,0.6380250769509325,0.4651800972857054,0.46680555537861923,292,760,32,556,0.35853658536585364,0.802439024390244,0.6414634146341464,1640
7,original_features,default,fixed_0.5,0.5,Test,0.3612271540469974,0.6224242424242424,0.4684466019417476,0.3232830820770519,0.38255698711595637,0.6485068584454403,0.4681876976169458,0.46950642284363886,834,219,404,193,0.3618181818181818,0.2496969696969697,0.6381818181818182,1650
7,original_features,default,validation_F1,0.24,Test,0.3612271540469974,0.5066666666666667,0.42027920646583394,0.9581239530988275,0.5842696629213483,0.6485068584454403,0.4681876976169458,0.46950642284363886,264,789,25,572,0.3618181818181818,0.8248484848484848,0.6381818181818182,1650
7,original_features,balanced,fixed_0.5,0.5,Validation,0.3612271540469974,0.5920731707317073,0.44621513944223107,0.5714285714285714,0.5011185682326622,0.6388624841571608,0.46431605327002623,0.46596650660028693,635,417,252,336,0.35853658536585364,0.45914634146341465,0.6414634146341464,1640
7,original_features,balanced,validation_F1,0.35,Validation,0.3612271540469974,0.5189024390243903,0.4241509433962264,0.95578231292517,0.5875588081547308,0.6388624841571608,0.46431605327002623,0.46596650660028693,289,763,26,562,0.35853658536585364,0.8079268292682927,0.6414634146341464,1640
7,original_features,balanced,fixed_0.5,0.5,Test,0.3612271540469974,0.5909090909090909,0.45112781954887216,0.6030150753768844,0.5161290322580645,0.649322904487617,0.46775911446280594,0.46907379230867324,615,438,237,360,0.3618181818181818,0.48363636363636364,0.6381818181818182,1650
7,original_features,balanced,validation_F1,0.35,Test,0.3612271540469974,0.5042424242424243,0.41951930080116534,0.964824120603015,0.584771573604061,0.649322904487617,0.46775911446280594,0.46907379230867324,256,797,21,576,0.3618181818181818,0.8321212121212122,0.6381818181818182,1650
10,original_features,default,fixed_0.5,0.5,Validation,0.21305483028720626,0.7975609756097561,0.5384615384615384,0.021021021021021023,0.04046242774566474,0.6298563291677293,0.28596326830050517,0.2886841119513337,1301,6,326,7,0.2030487804878049,0.007926829268292683,0.796951219512195,1640
10,original_features,default,validation_F1,0.16,Validation,0.21305483028720626,0.450609756097561,0.24414414414414415,0.8138138138138138,0.3756063756063756,0.6298563291677293,0.28596326830050517,0.2886841119513337,468,839,62,271,0.2030487804878049,0.676829268292683,0.796951219512195,1640
10,original_features,default,fixed_0.5,0.5,Test,0.21305483028720626,0.7884848484848485,0.5,0.011461318051575931,0.022408963585434174,0.6441066933304556,0.30008377295810007,0.3019482746329395,1297,4,345,4,0.21151515151515152,0.0048484848484848485,0.7884848484848485,1650
10,original_features,default,validation_F1,0.16,Test,0.21305483028720626,0.45151515151515154,0.25741710296684117,0.8452722063037249,0.39464882943143814,0.6441066933304556,0.30008377295810007,0.3019482746329395,450,851,54,295,0.21151515151515152,0.6945454545454546,0.7884848484848485,1650
10,original_features,balanced,fixed_0.5,0.5,Validation,0.21305483028720626,0.5926829268292683,0.2696011004126547,0.5885885885885885,0.36981132075471695,0.6325928070381015,0.28381904391629187,0.28654615408286993,776,531,137,196,0.2030487804878049,0.4432926829268293,0.796951219512195,1640
10,original_features,balanced,validation_F1,0.4,Validation,0.21305483028720626,0.4451219512195122,0.24847428073234526,0.8558558558558559,0.38513513513513514,0.6325928070381015,0.28381904391629187,0.28654615408286993,445,862,48,285,0.2030487804878049,0.699390243902439,0.796951219512195,1640
10,original_features,balanced,fixed_0.5,0.5,Test,0.21305483028720626,0.6072727272727273,0.2976995940460081,0.6303724928366762,0.40441176470588236,0.6468839266246594,0.29337432699901167,0.29560321165715964,782,519,129,220,0.21151515151515152,0.4478787878787879,0.7884848484848485,1650
10,original_features,balanced,validation_F1,0.4,Test,0.21305483028720626,0.4351515151515152,0.2544229149115417,0.8653295128939829,0.3932291666666667,0.6468839266246594,0.29337432699901167,0.29560321165715964,416,885,47,302,0.21151515151515152,0.7193939393939394,0.7884848484848485,1650
11,original_features,default,fixed_0.5,0.5,Validation,0.1569190600522193,0.8536585365853658,0.4,0.008368200836820083,0.01639344262295082,0.6376407766120433,0.22877673935105347,0.2308317830964102,1398,3,237,2,0.14573170731707316,0.003048780487804878,0.8542682926829268,1640
11,original_features,default,validation_F1,0.15,Validation,0.1569190600522193,0.5823170731707317,0.20266666666666666,0.6359832635983264,0.30738119312436807,0.6376407766120433,0.22877673935105347,0.2308317830964102,803,598,87,152,0.14573170731707316,0.4573170731707317,0.8542682926829268,1640
11,original_features,default,fixed_0.5,0.5,Test,0.1569190600522193,0.8490909090909091,0.0,0.0,0.0,0.6439261686288337,0.22276385747261823,0.22493947457810548,1401,0,249,0,0.1509090909090909,0.0,0.8490909090909091,1650
11,original_features,default,validation_F1,0.15,Test,0.1569190600522193,0.5836363636363636,0.2072192513368984,0.6224899598393574,0.31093279839518556,0.6439261686288337,0.22276385747261823,0.22493947457810548,808,593,94,155,0.1509090909090909,0.4533333333333333,0.8490909090909091,1650
11,original_features,balanced,fixed_0.5,0.5,Validation,0.1569190600522193,0.6018292682926829,0.2076271186440678,0.6150627615062761,0.31045406546990495,0.6412425075932014,0.22363617210278117,0.22601814030955023,840,561,92,147,0.14573170731707316,0.4317073170731707,0.8542682926829268,1640
11,original_features,balanced,validation_F1,0.51,Validation,0.1569190600522193,0.6146341463414634,0.21313868613138687,0.6108786610878661,0.31601731601731603,0.6412425075932014,0.22363617210278117,0.22601814030955023,862,539,93,146,0.14573170731707316,0.4176829268292683,0.8542682926829268,1640
11,original_features,balanced,fixed_0.5,0.5,Test,0.1569190600522193,0.5963636363636363,0.21001390820584145,0.606425702811245,0.3119834710743802,0.6489512654472279,0.2164956436063437,0.21960314496738628,833,568,98,151,0.1509090909090909,0.43575757575757573,0.8490909090909091,1650
11,original_features,balanced,validation_F1,0.51,Test,0.1569190600522193,0.6054545454545455,0.21120689655172414,0.5903614457831325,0.3111111111111111,0.6489512654472279,0.2164956436063437,0.21960314496738628,852,549,102,147,0.1509090909090909,0.4218181818181818,0.8490909090909091,1650
12,original_features,default,fixed_0.5,0.5,Validation,0.12950391644908615,0.8810975609756098,0.5,0.010256410256410256,0.020100502512562814,0.6234264927690533,0.18889658194019643,0.1911058847017017,1443,2,193,2,0.11890243902439024,0.0024390243902439024,0.8810975609756098,1640
12,original_features,default,validation_F1,0.12,Validation,0.12950391644908615,0.5621951219512196,0.1590612777053455,0.6256410256410256,0.25363825363825365,0.6234264927690533,0.18889658194019643,0.1911058847017017,800,645,73,122,0.11890243902439024,0.4676829268292683,0.8810975609756098,1640
12,original_features,default,fixed_0.5,0.5,Test,0.12950391644908615,0.8836363636363637,0.0,0.0,0.0,0.6448902606310014,0.18050065879979815,0.18294509092628608,1458,0,192,0,0.11636363636363636,0.0,0.8836363636363637,1650
12,original_features,default,validation_F1,0.12,Test,0.12950391644908615,0.5721212121212121,0.16536458333333334,0.6614583333333334,0.26458333333333334,0.6448902606310014,0.18050065879979815,0.18294509092628608,817,641,65,127,0.11636363636363636,0.46545454545454545,0.8836363636363637,1650
12,original_features,balanced,fixed_0.5,0.5,Validation,0.12950391644908615,0.599390243902439,0.16810344827586207,0.6,0.26262626262626265,0.6281536687073018,0.18085812605570636,0.18473254778752843,866,579,78,117,0.11890243902439024,0.424390243902439,0.8810975609756098,1640
12,original_features,balanced,validation_F1,0.5,Validation,0.12950391644908615,0.599390243902439,0.16810344827586207,0.6,0.26262626262626265,0.6281536687073018,0.18085812605570636,0.18473254778752843,866,579,78,117,0.11890243902439024,0.424390243902439,0.8810975609756098,1640
12,original_features,balanced,fixed_0.5,0.5,Test,0.12950391644908615,0.5969696969696969,0.17107093184979139,0.640625,0.270032930845225,0.651309585048011,0.17434234355621192,0.17805677046229018,862,596,69,123,0.11636363636363636,0.43575757575757573,0.8836363636363637,1650
12,original_features,balanced,validation_F1,0.5,Test,0.12950391644908615,0.5969696969696969,0.17107093184979139,0.640625,0.270032930845225,0.651309585048011,0.17434234355621192,0.17805677046229018,862,596,69,123,0.11636363636363636,0.43575757575757573,0.8836363636363637,1650
13,original_features,default,fixed_0.5,0.5,Validation,0.08929503916449086,0.9158536585365854,0.0,0.0,0.0,0.6311391574518999,0.1557360399581061,0.15896301640945087,1502,0,138,0,0.08414634146341464,0.0,0.9158536585365854,1640
13,original_features,default,validation_F1,0.11,Validation,0.08929503916449086,0.7030487804878048,0.1279317697228145,0.43478260869565216,0.19769357495881384,0.6311391574518999,0.1557360399581061,0.15896301640945087,1093,409,78,60,0.08414634146341464,0.28597560975609754,0.9158536585365854,1640
13,original_features,default,fixed_0.5,0.5,Test,0.08929503916449086,0.9193939393939394,0.0,0.0,0.0,0.6547598396122144,0.15180833374041658,0.15417513747206954,1517,0,133,0,0.08060606060606061,0.0,0.9193939393939394,1650
13,original_features,default,validation_F1,0.11,Test,0.08929503916449086,0.7187878787878788,0.1394335511982571,0.48120300751879697,0.21621621621621623,0.6547598396122144,0.15180833374041658,0.15417513747206954,1122,395,69,64,0.08060606060606061,0.2781818181818182,0.9193939393939394,1650
13,original_features,balanced,fixed_0.5,0.5,Validation,0.08929503916449086,0.6103658536585366,0.12330827067669173,0.5942028985507246,0.20423412204234123,0.6407784789362976,0.15222855855225448,0.15710910801253508,919,583,56,82,0.08414634146341464,0.4054878048780488,0.9158536585365854,1640
13,original_features,balanced,validation_F1,0.51,Validation,0.08929503916449086,0.6274390243902439,0.12755905511811025,0.5869565217391305,0.2095730918499353,0.6407784789362976,0.15222855855225448,0.15710910801253508,948,554,57,81,0.08414634146341464,0.3871951219512195,0.9158536585365854,1640
13,original_features,balanced,fixed_0.5,0.5,Test,0.08929503916449086,0.616969696969697,0.12368024132730016,0.6165413533834586,0.20603015075376885,0.6662238985730642,0.14174907188413552,0.1465928045642101,936,581,51,82,0.08060606060606061,0.4018181818181818,0.9193939393939394,1650
13,original_features,balanced,validation_F1,0.51,Test,0.08929503916449086,0.6363636363636364,0.1264,0.5939849624060151,0.20844327176781002,0.6662238985730642,0.14174907188413552,0.1465928045642101,971,546,54,79,0.08060606060606061,0.3787878787878788,0.9193939393939394,1650
14,original_features,default,fixed_0.5,0.5,Validation,0.07023498694516972,0.9298780487804879,0.0,0.0,0.0,0.6483079116179615,0.1448166177583731,0.15051483694618822,1525,0,115,0,0.0701219512195122,0.0,0.9298780487804879,1640
14,original_features,default,validation_F1,0.08,Validation,0.07023498694516972,0.676219512195122,0.11481481481481481,0.5391304347826087,0.18931297709923664,0.6483079116179615,0.1448166177583731,0.15051483694618822,1047,478,53,62,0.0701219512195122,0.32926829268292684,0.9298780487804879,1640
14,original_features,default,fixed_0.5,0.5,Test,0.07023498694516972,0.9357575757575758,0.0,0.0,0.0,0.6529230618828821,0.11475506345527085,0.11766708190109391,1544,0,106,0,0.06424242424242424,0.0,0.9357575757575758,1650
14,original_features,default,validation_F1,0.08,Test,0.07023498694516972,0.6775757575757576,0.10112359550561797,0.5094339622641509,0.16875,0.6529230618828821,0.11475506345527085,0.11766708190109391,1064,480,52,54,0.06424242424242424,0.3236363636363636,0.9357575757575758,1650
14,original_features,balanced,fixed_0.5,0.5,Validation,0.07023498694516972,0.6182926829268293,0.1111111111111111,0.6347826086956522,0.18911917098445596,0.6557320028510335,0.14284976153422002,0.14837544145053738,941,584,42,73,0.0701219512195122,0.400609756097561,0.9298780487804879,1640
14,original_features,balanced,validation_F1,0.52,Validation,0.07023498694516972,0.6591463414634147,0.11855670103092783,0.6,0.19799139167862267,0.6557320028510335,0.14284976153422002,0.14837544145053738,1012,513,46,69,0.0701219512195122,0.3548780487804878,0.9298780487804879,1640
14,original_features,balanced,fixed_0.5,0.5,Test,0.07023498694516972,0.616969696969697,0.09908536585365854,0.6132075471698113,0.17060367454068243,0.6641900479030209,0.10490957136993839,0.11004425192157873,953,591,41,65,0.06424242424242424,0.3975757575757576,0.9357575757575758,1650
14,original_features,balanced,validation_F1,0.52,Test,0.07023498694516972,0.6551515151515152,0.10427350427350428,0.5754716981132075,0.17655571635311143,0.6641900479030209,0.10490957136993839,0.11004425192157873,1020,524,45,61,0.06424242424242424,0.35454545454545455,0.9357575757575758,1650
7,enhanced_features,default,fixed_0.5,0.5,Validation,0.3612271540469974,0.6426829268292683,0.5027932960893855,0.30612244897959184,0.38054968287526425,0.6591461679728925,0.47749158261844715,0.47853152112053843,874,178,408,180,0.35853658536585364,0.21829268292682927,0.6414634146341464,1640
7,enhanced_features,default,validation_F1,0.23,Validation,0.3612271540469974,0.5073170731707317,0.4169184290030212,0.9387755102040817,0.5774058577405857,0.6591461679728925,0.47749158261844715,0.47853152112053843,280,772,36,552,0.35853658536585364,0.8073170731707318,0.6414634146341464,1640
7,enhanced_features,default,fixed_0.5,0.5,Test,0.3612271540469974,0.6351515151515151,0.49291784702549574,0.2914572864321608,0.3663157894736842,0.6716742942315248,0.4810684713576483,0.482761282762318,874,179,423,174,0.3618181818181818,0.21393939393939393,0.6381818181818182,1650
7,enhanced_features,default,validation_F1,0.23,Test,0.3612271540469974,0.4909090909090909,0.4129032258064516,0.964824120603015,0.5783132530120482,0.6716742942315248,0.4810684713576483,0.482761282762318,234,819,21,576,0.3618181818181818,0.8454545454545455,0.6381818181818182,1650
7,enhanced_features,balanced,fixed_0.5,0.5,Validation,0.3612271540469974,0.6091463414634146,0.46691635455680397,0.6360544217687075,0.5385169186465083,0.6598008975453299,0.4760613839441936,0.47710414357528097,625,427,214,374,0.35853658536585364,0.48841463414634145,0.6414634146341464,1640
7,enhanced_features,balanced,validation_F1,0.35,Validation,0.3612271540469974,0.5128048780487805,0.4191570881226054,0.9302721088435374,0.5779186476492341,0.6598008975453299,0.4760613839441936,0.47710414357528097,294,758,41,547,0.35853658536585364,0.7957317073170732,0.6414634146341464,1640
7,enhanced_features,balanced,fixed_0.5,0.5,Test,0.3612271540469974,0.6042424242424242,0.4675925925925926,0.6767169179229481,0.5530458590006845,0.6723344484371843,0.4807156035905501,0.48240863069337564,593,460,193,404,0.3618181818181818,0.5236363636363637,0.6381818181818182,1650
7,enhanced_features,balanced,validation_F1,0.35,Test,0.3612271540469974,0.49393939393939396,0.41401734104046245,0.9597989949748744,0.5784957092377587,0.6723344484371843,0.4807156035905501,0.48240863069337564,242,811,24,573,0.3618181818181818,0.8387878787878787,0.6381818181818182,1650
10,enhanced_features,default,fixed_0.5,0.5,Validation,0.21305483028720626,0.7975609756097561,0.5454545454545454,0.018018018018018018,0.03488372093023256,0.6470770694183089,0.29711433727936565,0.29885754027499034,1302,5,327,6,0.2030487804878049,0.006707317073170732,0.796951219512195,1640
10,enhanced_features,default,validation_F1,0.2,Validation,0.21305483028720626,0.5628048780487804,0.2714285714285714,0.6846846846846847,0.3887468030690537,0.6470770694183089,0.29711433727936565,0.29885754027499034,695,612,105,228,0.2030487804878049,0.5121951219512195,0.796951219512195,1640
10,enhanced_features,default,fixed_0.5,0.5,Test,0.21305483028720626,0.7890909090909091,0.6666666666666666,0.0057306590257879654,0.011363636363636364,0.6646441243125744,0.31809336726700926,0.3207436668851096,1300,1,347,2,0.21151515151515152,0.0018181818181818182,0.7884848484848485,1650
10,enhanced_features,default,validation_F1,0.2,Test,0.21305483028720626,0.5551515151515152,0.2839506172839506,0.7249283667621776,0.4080645161290323,0.6646441243125744,0.31809336726700926,0.3207436668851096,663,638,96,253,0.21151515151515152,0.54,0.7884848484848485,1650
10,enhanced_features,balanced,fixed_0.5,0.5,Validation,0.21305483028720626,0.598170731707317,0.2803234501347709,0.6246246246246246,0.3869767441860465,0.6496113558087544,0.2941176780527698,0.29583528990872554,773,534,125,208,0.2030487804878049,0.4524390243902439,0.796951219512195,1640
10,enhanced_features,balanced,validation_F1,0.46,Validation,0.21305483028720626,0.5408536585365854,0.2702407002188184,0.7417417417417418,0.39615076182838815,0.6496113558087544,0.2941176780527698,0.29583528990872554,640,667,86,247,0.2030487804878049,0.5573170731707318,0.796951219512195,1640
10,enhanced_features,balanced,fixed_0.5,0.5,Test,0.21305483028720626,0.6103030303030303,0.303475935828877,0.6504297994269341,0.41385597082953507,0.6667386119119303,0.3146030024268809,0.31651224080412704,780,521,122,227,0.21151515151515152,0.4533333333333333,0.7884848484848485,1650
10,enhanced_features,balanced,validation_F1,0.46,Test,0.21305483028720626,0.5242424242424243,0.2793522267206478,0.7908309455587392,0.4128646222887061,0.6667386119119303,0.3146030024268809,0.31651224080412704,589,712,73,276,0.21151515151515152,0.5987878787878788,0.7884848484848485,1650
11,enhanced_features,default,fixed_0.5,0.5,Validation,0.1569190600522193,0.8542682926829268,0.5,0.008368200836820083,0.01646090534979424,0.6550760216103859,0.23893771130236935,0.24103429101494064,1399,2,237,2,0.14573170731707316,0.0024390243902439024,0.8542682926829268,1640
11,enhanced_features,default,validation_F1,0.19,Validation,0.1569190600522193,0.6865853658536586,0.23404255319148937,0.5062761506276151,0.3201058201058201,0.6550760216103859,0.23893771130236935,0.24103429101494064,1005,396,118,121,0.14573170731707316,0.3152439024390244,0.8542682926829268,1640
11,enhanced_features,default,fixed_0.5,0.5,Test,0.1569190600522193,0.8490909090909091,0.0,0.0,0.0,0.6709063233662703,0.2493302242035954,0.25112095962380343,1401,0,249,0,0.1509090909090909,0.0,0.8490909090909091,1650
11,enhanced_features,default,validation_F1,0.19,Test,0.1569190600522193,0.6854545454545454,0.22782258064516128,0.4538152610441767,0.30335570469798656,0.6709063233662703,0.2493302242035954,0.25112095962380343,1018,383,136,113,0.1509090909090909,0.3006060606060606,0.8490909090909091,1650
11,enhanced_features,balanced,fixed_0.5,0.5,Validation,0.1569190600522193,0.6213414634146341,0.2166172106824926,0.6108786610878661,0.3198247535596933,0.6593168657175538,0.2354870977082338,0.23756205714280978,873,528,93,146,0.14573170731707316,0.41097560975609754,0.8542682926829268,1640
11,enhanced_features,balanced,validation_F1,0.49,Validation,0.1569190600522193,0.6128048780487805,0.21794871794871795,0.6401673640167364,0.32518597236981933,0.6593168657175538,0.2354870977082338,0.23756205714280978,852,549,86,153,0.14573170731707316,0.42804878048780487,0.8542682926829268,1640
11,enhanced_features,balanced,fixed_0.5,0.5,Test,0.1569190600522193,0.6315151515151515,0.23088455772113944,0.6184738955823293,0.33624454148471616,0.6764044041978048,0.24330391629357379,0.2456034111498107,888,513,95,154,0.1509090909090909,0.40424242424242424,0.8490909090909091,1650
11,enhanced_features,balanced,validation_F1,0.49,Test,0.1569190600522193,0.6187878787878788,0.2346368715083799,0.6746987951807228,0.34818652849740933,0.6764044041978048,0.24330391629357379,0.2456034111498107,853,548,81,168,0.1509090909090909,0.43393939393939396,0.8490909090909091,1650
12,enhanced_features,default,fixed_0.5,0.5,Validation,0.12950391644908615,0.8810975609756098,0.5,0.005128205128205128,0.01015228426395939,0.6436766923964157,0.1944728170793088,0.19703483957767348,1444,1,194,1,0.11890243902439024,0.0012195121951219512,0.8810975609756098,1640
12,enhanced_features,default,validation_F1,0.18,Validation,0.12950391644908615,0.725,0.19523809523809524,0.4205128205128205,0.26666666666666666,0.6436766923964157,0.1944728170793088,0.19703483957767348,1107,338,113,82,0.11890243902439024,0.25609756097560976,0.8810975609756098,1640
12,enhanced_features,default,fixed_0.5,0.5,Test,0.12950391644908615,0.8836363636363637,0.0,0.0,0.0,0.6720607567443987,0.20163458351061686,0.203795888550289,1458,0,192,0,0.11636363636363636,0.0,0.8836363636363637,1650
12,enhanced_features,default,validation_F1,0.18,Test,0.12950391644908615,0.7381818181818182,0.19543147208121828,0.4010416666666667,0.2627986348122867,0.6720607567443987,0.20163458351061686,0.203795888550289,1141,317,115,77,0.11636363636363636,0.2387878787878788,0.8836363636363637,1650
12,enhanced_features,balanced,fixed_0.5,0.5,Validation,0.12950391644908615,0.6201219512195122,0.17771084337349397,0.6051282051282051,0.27473806752037255,0.6490994587880401,0.1927621225331758,0.19489790491484216,899,546,77,118,0.11890243902439024,0.40487804878048783,0.8810975609756098,1640
12,enhanced_features,balanced,validation_F1,0.5,Validation,0.12950391644908615,0.6201219512195122,0.17771084337349397,0.6051282051282051,0.27473806752037255,0.6490994587880401,0.1927621225331758,0.19489790491484216,899,546,77,118,0.11890243902439024,0.40487804878048783,0.8810975609756098,1640
12,enhanced_features,balanced,fixed_0.5,0.5,Test,0.12950391644908615,0.6266666666666667,0.1863905325443787,0.65625,0.2903225806451613,0.6776227423411065,0.1972531103122969,0.19930878337184602,908,550,66,126,0.11636363636363636,0.40969696969696967,0.8836363636363637,1650
12,enhanced_features,balanced,validation_F1,0.5,Test,0.12950391644908615,0.6266666666666667,0.1863905325443787,0.65625,0.2903225806451613,0.6776227423411065,0.1972531103122969,0.19930878337184602,908,550,66,126,0.11636363636363636,0.40969696969696967,0.8836363636363637,1650
13,enhanced_features,default,fixed_0.5,0.5,Validation,0.08929503916449086,0.9164634146341464,1.0,0.007246376811594203,0.014388489208633094,0.6534234547173816,0.16152043019391368,0.16463134524251088,1502,0,137,1,0.08414634146341464,0.0006097560975609756,0.9158536585365854,1640
13,enhanced_features,default,validation_F1,0.09,Validation,0.08929503916449086,0.6335365853658537,0.13078149920255183,0.5942028985507246,0.21437908496732025,0.6534234547173816,0.16152043019391368,0.16463134524251088,957,545,56,82,0.08414634146341464,0.3823170731707317,0.9158536585365854,1640
13,enhanced_features,default,fixed_0.5,0.5,Test,0.08929503916449086,0.9193939393939394,0.0,0.0,0.0,0.6800174463845837,0.1641927202106296,0.16629563592301122,1517,0,133,0,0.08060606060606061,0.0,0.9193939393939394,1650
13,enhanced_features,default,validation_F1,0.09,Test,0.08929503916449086,0.6412121212121212,0.12924071082390953,0.6015037593984962,0.2127659574468085,0.6800174463845837,0.1641927202106296,0.16629563592301122,978,539,53,80,0.08060606060606061,0.3751515151515151,0.9193939393939394,1650
13,enhanced_features,balanced,fixed_0.5,0.5,Validation,0.08929503916449086,0.6268292682926829,0.13312693498452013,0.6231884057971014,0.2193877551020408,0.6617987610721936,0.1619380433539599,0.16444062535923776,942,560,52,86,0.08414634146341464,0.39390243902439026,0.9158536585365854,1640
13,enhanced_features,balanced,validation_F1,0.48,Validation,0.08929503916449086,0.6067073170731707,0.13629842180774748,0.6884057971014492,0.2275449101796407,0.6617987610721936,0.1619380433539599,0.16444062535923776,900,602,43,95,0.08414634146341464,0.425,0.9158536585365854,1640
13,enhanced_features,balanced,fixed_0.5,0.5,Test,0.08929503916449086,0.6284848484848485,0.13414634146341464,0.6616541353383458,0.22306717363751585,0.6883986498877384,0.16493810940149786,0.1670121701979364,949,568,45,88,0.08060606060606061,0.3975757575757576,0.9193939393939394,1650
13,enhanced_features,balanced,validation_F1,0.48,Test,0.08929503916449086,0.6,0.13351877607788595,0.7218045112781954,0.22535211267605634,0.6883986498877384,0.16493810940149786,0.1670121701979364,894,623,37,96,0.08060606060606061,0.43575757575757573,0.9193939393939394,1650
14,enhanced_features,default,fixed_0.5,0.5,Validation,0.07023498694516972,0.9304878048780488,1.0,0.008695652173913044,0.017241379310344827,0.6678774055595155,0.1556026008298339,0.15836253291060032,1525,0,114,1,0.0701219512195122,0.0006097560975609756,0.9298780487804879,1640
14,enhanced_features,default,validation_F1,0.08,Validation,0.07023498694516972,0.6871951219512196,0.12310606060606061,0.5652173913043478,0.20217729393468117,0.6678774055595155,0.1556026008298339,0.15836253291060032,1062,463,50,65,0.0701219512195122,0.32195121951219513,0.9298780487804879,1640
14,enhanced_features,default,fixed_0.5,0.5,Test,0.07023498694516972,0.9357575757575758,0.0,0.0,0.0,0.6750048880633492,0.1286199883691712,0.13088130368422835,1544,0,106,0,0.06424242424242424,0.0,0.9357575757575758,1650
14,enhanced_features,default,validation_F1,0.08,Test,0.07023498694516972,0.6866666666666666,0.10404624277456648,0.5094339622641509,0.1728,0.6750048880633492,0.1286199883691712,0.13088130368422835,1079,465,52,54,0.06424242424242424,0.3145454545454546,0.9357575757575758,1650
14,enhanced_features,balanced,fixed_0.5,0.5,Validation,0.07023498694516972,0.6274390243902439,0.11846153846153847,0.6695652173913044,0.20130718954248367,0.6757291518175339,0.15365973229294005,0.1564572707761497,952,573,38,77,0.0701219512195122,0.39634146341463417,0.9298780487804879,1640
14,enhanced_features,balanced,validation_F1,0.53,Validation,0.07023498694516972,0.6780487804878049,0.12658227848101267,0.6086956521739131,0.20958083832335328,0.6757291518175339,0.15365973229294005,0.1564572707761497,1042,483,45,70,0.0701219512195122,0.33719512195121953,0.9298780487804879,1640
14,enhanced_features,balanced,fixed_0.5,0.5,Test,0.07023498694516972,0.6206060606060606,0.10843373493975904,0.6792452830188679,0.18701298701298702,0.6836323198748656,0.13187200497184925,0.13373635732445505,952,592,34,72,0.06424242424242424,0.4024242424242424,0.9357575757575758,1650
14,enhanced_features,balanced,validation_F1,0.53,Test,0.07023498694516972,0.6733333333333333,0.10990990990990991,0.5754716981132075,0.18456883509833585,0.6836323198748656,0.13187200497184925,0.13373635732445505,1050,494,45,61,0.06424242424242424,0.33636363636363636,0.9357575757575758,1650
