asset_tag,train_rows,train_positive_rate,severity_threshold,fallback_rate
AST-1041,766,0.11357702349869452,12,0.12950391644908615
AST-1042,766,0.0926892950391645,12,0.12950391644908615
AST-2017,766,0.21018276762402088,12,0.12950391644908615
AST-2031,766,0.16579634464751958,12,0.12950391644908615
AST-3008,766,0.08616187989556136,12,0.12950391644908615
AST-3019,766,0.0731070496083551,12,0.12950391644908615
AST-4055,766,0.20365535248041775,12,0.12950391644908615
AST-4061,766,0.1031331592689295,12,0.12950391644908615
AST-5003,766,0.18929503916449086,12,0.12950391644908615
AST-5007,766,0.057441253263707574,12,0.12950391644908615
AST-1041,766,0.07441253263707572,13,0.08929503916449086
AST-1042,766,0.05613577023498695,13,0.08929503916449086
AST-2017,766,0.1514360313315927,13,0.08929503916449086
AST-2031,766,0.12402088772845953,13,0.08929503916449086
AST-3008,766,0.057441253263707574,13,0.08929503916449086
AST-3019,766,0.0391644908616188,13,0.08929503916449086
AST-4055,766,0.1475195822454308,13,0.08929503916449086
AST-4061,766,0.06657963446475196,13,0.08929503916449086
AST-5003,766,0.13968668407310705,13,0.08929503916449086
AST-5007,766,0.03655352480417755,13,0.08929503916449086
AST-1041,766,0.06005221932114883,14,0.07023498694516972
AST-1042,766,0.04177545691906005,14,0.07023498694516972
AST-2017,766,0.12924281984334204,14,0.07023498694516972
AST-2031,766,0.09921671018276762,14,0.07023498694516972
AST-3008,766,0.044386422976501305,14,0.07023498694516972
AST-3019,766,0.031331592689295036,14,0.07023498694516972
AST-4055,766,0.11096605744125326,14,0.07023498694516972
AST-4061,766,0.048302872062663184,14,0.07023498694516972
AST-5003,766,0.11096605744125326,14,0.07023498694516972
AST-5007,766,0.02610966057441253,14,0.07023498694516972
