task,severity_threshold,model,model_label,role,cutoff,cutoff_policy,test_rows,positive_rate,average_precision,ap_lift,roc_auc,precision,recall,alert_rate,top10_precision,accuracy,always_negative_accuracy,tn,fp,fn,tp,validation_ap,selected_by_validation,production
machine_risk,12,baseline_a,기준 A · 학습 구간 양성 비율,baseline,0.12,validation_f1,1650,0.11636363636363636,0.11636363636363636,1.0,0.5,0.11636363636363636,1.0,1.0,0.11636363636363636,0.11636363636363636,0.8836363636363637,0,1458,0,192,0.11890243902439024,False,False
machine_risk,12,baseline_b,기준 B · 기계별 과거 비율,baseline,0.18,validation_f1,1650,0.11636363636363636,0.17769217472342472,1.5270421265294312,0.6479445301783264,0.19797979797979798,0.5104166666666666,0.3,0.21212121212121213,0.7024242424242424,0.8836363636363637,1061,397,94,98,0.17636032440910493,False,False
machine_risk,12,logistic_regression,로지스틱 회귀,model,0.2,validation_f1,1650,0.11636363636363636,0.2979430311630844,2.5604479240577565,0.7590449245541838,0.2566585956416465,0.5520833333333334,0.2503030303030303,0.3151515151515151,0.7618181818181818,0.8836363636363637,1151,307,86,106,0.2669688399612695,True,True
machine_risk,12,random_forest,랜덤 포레스트,model,0.16,validation_f1,1650,0.11636363636363636,0.237309537025505,2.0393788338129335,0.7326889003200732,0.19890260631001372,0.7552083333333334,0.44181818181818183,0.2545454545454545,0.6175757575757576,0.8836363636363637,874,584,47,145,0.23541136253884137,False,False
machine_risk,12,hist_gradient_boosting,HGB,model,0.12,validation_f1,1650,0.11636363636363636,0.2589498785811862,2.2253505190570686,0.744963134430727,0.21009771986970685,0.671875,0.37212121212121213,0.2787878787878788,0.6678787878787878,0.8836363636363637,973,485,63,129,0.2122492757772162,False,False
machine_risk,13,baseline_a,기준 A · 학습 구간 양성 비율,baseline,0.08,validation_f1,1650,0.08060606060606061,0.08060606060606061,1.0,0.5,0.08060606060606061,1.0,1.0,0.08060606060606061,0.08060606060606061,0.9193939393939394,0,1517,0,133,0.08414634146341464,False,False
machine_risk,13,baseline_b,기준 B · 기계별 과거 비율,baseline,0.13,validation_f1,1650,0.08060606060606061,0.1367807324950182,1.696903824186316,0.6770535435490506,0.14747474747474748,0.5488721804511278,0.3,0.1696969696969697,0.7078787878787879,0.9193939393939394,1095,422,60,73,0.128658852194112,False,False
machine_risk,13,logistic_regression,로지스틱 회귀,model,0.15,validation_f1,1650,0.08060606060606061,0.2299948299951735,2.8533193194889943,0.7704363083053712,0.19302949061662197,0.5413533834586466,0.22606060606060607,0.24242424242424243,0.7806060606060606,0.9193939393939394,1216,301,61,72,0.2199789094687295,True,True
machine_risk,13,random_forest,랜덤 포레스트,model,0.11,validation_f1,1650,0.08060606060606061,0.16565958834544264,2.0551753441351908,0.7454859958069201,0.14718019257221457,0.8045112781954887,0.4406060606060606,0.1898989898989899,0.6084848484848485,0.9193939393939394,897,620,26,107,0.18301569619299388,False,False
machine_risk,13,hist_gradient_boosting,HGB,model,0.06,validation_f1,1650,0.08060606060606061,0.17291906506986793,2.1452365215434743,0.7496741193788691,0.1510673234811166,0.6917293233082706,0.3690909090909091,0.2,0.6618181818181819,0.9193939393939394,1000,517,41,92,0.15236130736210407,False,False
machine_risk,14,baseline_a,기준 A · 학습 구간 양성 비율,baseline,0.07,validation_f1,1650,0.06424242424242424,0.06424242424242424,1.0,0.5,0.06424242424242424,1.0,1.0,0.06424242424242424,0.06424242424242424,0.9357575757575758,0,1544,0,106,0.0701219512195122,False,False
machine_risk,14,baseline_b,기준 B · 기계별 과거 비율,baseline,0.11,validation_f1,1650,0.06424242424242424,0.10485265956964068,1.6321404555651617,0.6608020089940365,0.11515151515151516,0.5377358490566038,0.3,0.13333333333333333,0.7048484848484848,0.9357575757575758,1106,438,49,57,0.10502991970913497,False,False
machine_risk,14,logistic_regression,로지스틱 회귀,model,0.16,validation_f1,1650,0.06424242424242424,0.16331628358516515,2.5421874331653065,0.7635277153191906,0.16216216216216217,0.2830188679245283,0.11212121212121212,0.1696969696969697,0.86,0.9357575757575758,1389,155,76,30,0.2035205679381624,True,True
machine_risk,14,random_forest,랜덤 포레스트,model,0.1,validation_f1,1650,0.06424242424242424,0.14479884416478944,2.2539442723764394,0.7242460162283704,0.11370716510903427,0.6886792452830188,0.3890909090909091,0.1572192513368984,0.6351515151515151,0.9357575757575758,975,569,33,73,0.1659628613956276,False,False
machine_risk,14,hist_gradient_boosting,HGB,model,0.05,validation_f1,1650,0.06424242424242424,0.13299845694878387,2.070258999674466,0.7075716101280671,0.1182170542635659,0.5754716981132075,0.31272727272727274,0.12121212121212122,0.696969696969697,0.9357575757575758,1089,455,45,61,0.1139205775151813,False,False
