severity_threshold,model,feature,importance_mean,importance_std,split,scoring
12,logistic_regression,plant_code,0.08216148059144068,0.011603751217675679,validation,average_precision
12,logistic_regression,temp_bearing_degC_mean7,0.05391676833044869,0.014816881310604024,validation,average_precision
12,logistic_regression,machine_type,0.049960646364630046,0.00613883924555441,validation,average_precision
12,logistic_regression,vibration_v_mms_diff1,0.048719537143768345,0.0069777709870581595,validation,average_precision
12,logistic_regression,shaft_rpm_mean7,0.04390986171044213,0.007897116148617933,validation,average_precision
12,logistic_regression,load_pct,0.042022832574405776,0.010885495384786562,validation,average_precision
12,logistic_regression,vibration_h_mms_vs_mean7,0.04145890183001454,0.011668549849491967,validation,average_precision
12,logistic_regression,vibration_h_mms_vs_mean30,0.04051565800528327,0.012993293568331583,validation,average_precision
12,logistic_regression,load_pct_mean7,0.03770620324317399,0.013384214196800172,validation,average_precision
12,logistic_regression,load_pct_vs_mean7,0.033793855267302594,0.015290935414359167,validation,average_precision
12,logistic_regression,shaft_rpm,0.029302061115558664,0.00958146929824985,validation,average_precision
12,logistic_regression,load_pct_anomaly7,0.029047873032367034,0.008267451119433784,validation,average_precision
12,logistic_regression,shaft_rpm_vs_mean7,0.024275360890398927,0.008196772461841344,validation,average_precision
12,logistic_regression,power_consumption_kw,0.02257613810788523,0.002998328131587645,validation,average_precision
12,logistic_regression,temp_motor_degC,0.02014799485830887,0.008421910527315847,validation,average_precision
12,logistic_regression,temp_motor_degC_mean7,0.01938830304393615,0.008965544431362734,validation,average_precision
12,logistic_regression,temp_motor_degC_vs_mean7,0.01848368897185672,0.004076794104904566,validation,average_precision
12,logistic_regression,power_consumption_kw_mean7,0.01779049171251979,0.006265959940795806,validation,average_precision
12,logistic_regression,vibration_v_mms_anomaly7,0.015340065238948864,0.005937167055400283,validation,average_precision
12,logistic_regression,load_pct_vs_mean30,0.014778081819843702,0.009786952047685565,validation,average_precision
12,logistic_regression,temp_bearing_degC,0.01227950922125164,0.00358934568355332,validation,average_precision
12,logistic_regression,oil_pressure_bar_mean7,0.011825218640884882,0.006219241889614771,validation,average_precision
12,logistic_regression,power_consumption_kw_vs_mean7,0.011740461384351659,0.005413124668676569,validation,average_precision
12,logistic_regression,shaft_rpm_vs_mean30,0.01099553352951988,0.00731836013853581,validation,average_precision
12,logistic_regression,vibration_v_mms_mean7,0.010743709206888007,0.0015971061152875554,validation,average_precision
12,logistic_regression,power_consumption_kw_vs_mean30,0.010287459121023268,0.003472220613525113,validation,average_precision
12,logistic_regression,shaft_rpm_anomaly7,0.009687917623258957,0.0023753351233710075,validation,average_precision
12,logistic_regression,shaft_rpm_std7,0.008302652765977182,0.009034332987616802,validation,average_precision
12,logistic_regression,vibration_h_mms_std7,0.008220245114470814,0.002423151843413499,validation,average_precision
12,logistic_regression,vibration_h_mms_diff1,0.007875617870883422,0.004520006238808129,validation,average_precision
12,logistic_regression,oil_pressure_bar,0.0076353082016359045,0.005140614461232609,validation,average_precision
12,logistic_regression,load_pct_std7,0.005823802475666562,0.0030537500681266884,validation,average_precision
12,logistic_regression,temp_motor_degC_vs_mean30,0.0051335413973025105,0.0027963586541833794,validation,average_precision
12,logistic_regression,temp_bearing_degC_std7,0.0050103496039433535,0.0031979578640953564,validation,average_precision
12,logistic_regression,temp_bearing_degC_vs_mean7,0.004596577321272477,0.00207574016972163,validation,average_precision
12,logistic_regression,vibration_h_mms_anomaly7,0.004557565508000882,0.002720759526578956,validation,average_precision
12,logistic_regression,load_pct_diff1,0.0030892638036675857,0.006207940438998706,validation,average_precision
12,logistic_regression,temp_motor_degC_std7,0.0015095128535961954,0.004657903512689387,validation,average_precision
12,logistic_regression,power_consumption_kw_anomaly7,0.0009504771484160623,0.0011218683569070443,validation,average_precision
12,logistic_regression,power_consumption_kw_diff1,0.0008385390893186018,0.0008899545290945123,validation,average_precision
12,logistic_regression,vibration_v_mms,0.0007119933306047321,0.0004350977862549358,validation,average_precision
12,logistic_regression,oil_pressure_bar_vs_mean30,0.000636500655243788,0.00027989830866682436,validation,average_precision
12,logistic_regression,temp_motor_degC_diff1,0.0005915147959677403,0.0019076938751428725,validation,average_precision
12,logistic_regression,vibration_h_mms,0.00047689599445751576,0.00032404945855957033,validation,average_precision
12,logistic_regression,temp_bearing_degC_diff1,0.000422984369625623,0.00026644464895090605,validation,average_precision
12,logistic_regression,oil_pressure_bar_anomaly7,0.0003785061923157862,0.0005787611116442432,validation,average_precision
12,logistic_regression,oil_pressure_bar_std7,0.0003777318131303664,0.00018318908688437065,validation,average_precision
12,logistic_regression,temp_motor_degC_anomaly7,0.000351958115832951,0.0005214566160851696,validation,average_precision
12,logistic_regression,temp_bearing_degC_anomaly7,-0.0005269043839788101,0.0007808441348640313,validation,average_precision
12,logistic_regression,vibration_v_mms_std7,-0.0005398880828758057,0.0002031483828390022,validation,average_precision
12,logistic_regression,vibration_v_mms_vs_mean7,-0.0005695838725786828,0.000753503831543412,validation,average_precision
12,logistic_regression,oil_pressure_bar_diff1,-0.0005870656022474829,0.0006751354337555136,validation,average_precision
12,logistic_regression,vibration_v_mms_vs_mean30,-0.0007345452335802749,0.002363623066338853,validation,average_precision
12,logistic_regression,temp_bearing_degC_vs_mean30,-0.0009431380265338629,0.0006785013872950434,validation,average_precision
12,logistic_regression,oil_pressure_bar_vs_mean7,-0.001062707610925595,0.0024742467549895915,validation,average_precision
12,logistic_regression,shaft_rpm_diff1,-0.0012102375468710069,0.003933021180459702,validation,average_precision
12,logistic_regression,power_consumption_kw_std7,-0.0013494123952774272,0.0016852443913691036,validation,average_precision
12,logistic_regression,vibration_h_mms_mean7,-0.002474584375954636,0.0010568495790309225,validation,average_precision
13,logistic_regression,plant_code,0.07323661390876894,0.011099861102157202,validation,average_precision
13,logistic_regression,load_pct_vs_mean7,0.045370438493167846,0.0153803308945144,validation,average_precision
13,logistic_regression,machine_type,0.044404368053785184,0.009000017157651115,validation,average_precision
13,logistic_regression,shaft_rpm_mean7,0.04298809399662717,0.006040103906770101,validation,average_precision
13,logistic_regression,vibration_h_mms_vs_mean30,0.041932087397601084,0.008454112277183389,validation,average_precision
13,logistic_regression,load_pct_mean7,0.0378442562175116,0.01820816665622888,validation,average_precision
13,logistic_regression,load_pct,0.032807857637093915,0.015909046614283273,validation,average_precision
13,logistic_regression,shaft_rpm_vs_mean30,0.03058390761668408,0.014690212295515703,validation,average_precision
13,logistic_regression,power_consumption_kw_mean7,0.028709994927399424,0.014624051044758184,validation,average_precision
13,logistic_regression,vibration_v_mms,0.028452664759662644,0.009095261566180344,validation,average_precision
13,logistic_regression,temp_motor_degC,0.02678765399193473,0.009220981868907805,validation,average_precision
13,logistic_regression,temp_bearing_degC_mean7,0.026481242610521594,0.008115725437677267,validation,average_precision
13,logistic_regression,temp_motor_degC_mean7,0.025809208726143146,0.008750675711986273,validation,average_precision
13,logistic_regression,load_pct_vs_mean30,0.0209091968349824,0.008246832791784998,validation,average_precision
13,logistic_regression,load_pct_anomaly7,0.02016955443181618,0.0053639662542293316,validation,average_precision
13,logistic_regression,vibration_h_mms,0.019325239577476144,0.007793041652074571,validation,average_precision
13,logistic_regression,power_consumption_kw_vs_mean7,0.018219480565487174,0.009239518742248185,validation,average_precision
13,logistic_regression,load_pct_std7,0.015631148481493544,0.0060702237482887535,validation,average_precision
13,logistic_regression,power_consumption_kw,0.014118605479542223,0.00589371300714538,validation,average_precision
13,logistic_regression,shaft_rpm_std7,0.013310632435058289,0.006687283845453376,validation,average_precision
13,logistic_regression,temp_bearing_degC,0.01302493943832655,0.0025971750580474433,validation,average_precision
13,logistic_regression,vibration_v_mms_diff1,0.011391438671744742,0.00402697090157156,validation,average_precision
13,logistic_regression,vibration_v_mms_anomaly7,0.010646345330661944,0.005682874497576985,validation,average_precision
13,logistic_regression,power_consumption_kw_std7,0.008759607097148191,0.005834616935726554,validation,average_precision
13,logistic_regression,vibration_h_mms_std7,0.007977366512789874,0.0020722708395206316,validation,average_precision
13,logistic_regression,temp_motor_degC_std7,0.006992413354637045,0.009756789209357323,validation,average_precision
13,logistic_regression,temp_bearing_degC_vs_mean30,0.00665877332260637,0.0014751864418263438,validation,average_precision
13,logistic_regression,shaft_rpm_vs_mean7,0.004918554834580186,0.009113469834170641,validation,average_precision
13,logistic_regression,shaft_rpm_anomaly7,0.004392848100174984,0.002472905814299107,validation,average_precision
13,logistic_regression,temp_bearing_degC_std7,0.004184366261033362,0.007225487259984825,validation,average_precision
13,logistic_regression,load_pct_diff1,0.003789796578153909,0.003768517836678018,validation,average_precision
13,logistic_regression,power_consumption_kw_vs_mean30,0.0025992051365679504,0.005831864406403828,validation,average_precision
13,logistic_regression,shaft_rpm_diff1,0.002164673684394791,0.003286292445018489,validation,average_precision
13,logistic_regression,power_consumption_kw_anomaly7,0.0014793545038539468,0.0013579846433256079,validation,average_precision
13,logistic_regression,oil_pressure_bar_diff1,0.0014676541862402414,0.002090295433906056,validation,average_precision
13,logistic_regression,oil_pressure_bar_std7,0.0012736251831844902,0.0001692336951938644,validation,average_precision
13,logistic_regression,oil_pressure_bar_vs_mean7,0.001054045877710541,0.0016278941285530811,validation,average_precision
13,logistic_regression,temp_motor_degC_diff1,0.000640397140782778,0.001276495140295089,validation,average_precision
13,logistic_regression,shaft_rpm,0.0004991014298268926,0.0019718695268202842,validation,average_precision
13,logistic_regression,vibration_h_mms_anomaly7,0.00046217591656773084,0.001963030064221122,validation,average_precision
13,logistic_regression,oil_pressure_bar_vs_mean30,0.0002960930842481224,0.0033937045864493123,validation,average_precision
13,logistic_regression,power_consumption_kw_diff1,0.00029318133521451516,0.0004743471525822733,validation,average_precision
13,logistic_regression,oil_pressure_bar_mean7,0.00017677728617977452,0.0020707264830353927,validation,average_precision
13,logistic_regression,oil_pressure_bar,-2.9492150644166993e-05,0.0008024382072632675,validation,average_precision
13,logistic_regression,oil_pressure_bar_anomaly7,-0.0001452254528469976,0.0005262447390226758,validation,average_precision
13,logistic_regression,temp_bearing_degC_anomaly7,-0.00017109461146434525,0.0005998932087710636,validation,average_precision
13,logistic_regression,temp_motor_degC_vs_mean30,-0.00037957206589824265,0.0023110202569617934,validation,average_precision
13,logistic_regression,vibration_h_mms_diff1,-0.0005706610090423336,0.000653258769174722,validation,average_precision
13,logistic_regression,vibration_v_mms_std7,-0.0007172323505651668,0.0010097769462186449,validation,average_precision
13,logistic_regression,temp_motor_degC_anomaly7,-0.001303737024432966,0.0019326056616353374,validation,average_precision
13,logistic_regression,temp_bearing_degC_diff1,-0.0013170390916336428,0.0005871456251044021,validation,average_precision
13,logistic_regression,vibration_h_mms_vs_mean7,-0.0013735468932378815,0.0004746587119979301,validation,average_precision
13,logistic_regression,temp_motor_degC_vs_mean7,-0.0014240690584753745,0.004687647459153117,validation,average_precision
13,logistic_regression,vibration_v_mms_mean7,-0.0018486779556860732,0.0012220081915583405,validation,average_precision
13,logistic_regression,temp_bearing_degC_vs_mean7,-0.0022481419073948515,0.0029535893166182958,validation,average_precision
13,logistic_regression,vibration_h_mms_mean7,-0.0028511042237179375,0.0018209245016579882,validation,average_precision
13,logistic_regression,vibration_v_mms_vs_mean30,-0.003083634814577191,0.0027031240801135502,validation,average_precision
13,logistic_regression,vibration_v_mms_vs_mean7,-0.0033838266085208456,0.001645485322790497,validation,average_precision
14,logistic_regression,plant_code,0.07750308596551936,0.008263787182328135,validation,average_precision
14,logistic_regression,vibration_h_mms_vs_mean30,0.05350977646938855,0.008924435048328391,validation,average_precision
14,logistic_regression,load_pct_mean7,0.05022926047129898,0.01653265057181045,validation,average_precision
14,logistic_regression,temp_motor_degC_mean7,0.04702441578976272,0.0065328367500097455,validation,average_precision
14,logistic_regression,shaft_rpm,0.04606727202323878,0.005333143075446082,validation,average_precision
14,logistic_regression,temp_bearing_degC_mean7,0.035890338340854575,0.010632095411024564,validation,average_precision
14,logistic_regression,machine_type,0.03543747782213029,0.007837115337469884,validation,average_precision
14,logistic_regression,load_pct_vs_mean7,0.02616256852075275,0.01733037331582516,validation,average_precision
14,logistic_regression,load_pct_vs_mean30,0.02603993680578425,0.01434307978903448,validation,average_precision
14,logistic_regression,vibration_v_mms_anomaly7,0.0207937474358935,0.004466592957302447,validation,average_precision
14,logistic_regression,temp_motor_degC,0.01995952675468532,0.009992864617390278,validation,average_precision
14,logistic_regression,load_pct,0.01929201171930428,0.01599589440838499,validation,average_precision
14,logistic_regression,power_consumption_kw_vs_mean7,0.015061107412309533,0.011926719095595856,validation,average_precision
14,logistic_regression,shaft_rpm_vs_mean7,0.014419042225040474,0.010399373791539233,validation,average_precision
14,logistic_regression,power_consumption_kw_mean7,0.012617167163972787,0.00899150897178872,validation,average_precision
14,logistic_regression,temp_bearing_degC_vs_mean30,0.012092808771388113,0.0022709088213189055,validation,average_precision
14,logistic_regression,load_pct_std7,0.011703665811793851,0.008824541471559016,validation,average_precision
14,logistic_regression,vibration_h_mms_anomaly7,0.01094244668739977,0.0007245408573147051,validation,average_precision
14,logistic_regression,vibration_v_mms_mean7,0.009483712689163043,0.004478028032583192,validation,average_precision
14,logistic_regression,load_pct_anomaly7,0.008305654960519854,0.004201122371794725,validation,average_precision
14,logistic_regression,power_consumption_kw_vs_mean30,0.008178239060423292,0.008589787799239978,validation,average_precision
14,logistic_regression,shaft_rpm_vs_mean30,0.008055521701930995,0.008499130934676628,validation,average_precision
14,logistic_regression,temp_bearing_degC,0.007783920056464849,0.0022530595466037366,validation,average_precision
14,logistic_regression,oil_pressure_bar_diff1,0.007204084429809682,0.00410437901112324,validation,average_precision
14,logistic_regression,shaft_rpm_std7,0.006476648877199393,0.005260974619193463,validation,average_precision
14,logistic_regression,shaft_rpm_anomaly7,0.0054250443503505216,0.00618530817406954,validation,average_precision
14,logistic_regression,temp_motor_degC_vs_mean30,0.0047252630884965395,0.007109540008140893,validation,average_precision
14,logistic_regression,oil_pressure_bar_vs_mean30,0.00311144303290386,0.0027107486690574664,validation,average_precision
14,logistic_regression,shaft_rpm_diff1,0.002578287612330582,0.005367153571006777,validation,average_precision
14,logistic_regression,temp_motor_degC_std7,0.0015432695249284977,0.008530851587603736,validation,average_precision
14,logistic_regression,vibration_h_mms_std7,0.0012728496598823525,0.001179223530910273,validation,average_precision
14,logistic_regression,power_consumption_kw,0.0009354145896554922,0.003776526317715321,validation,average_precision
14,logistic_regression,oil_pressure_bar_std7,0.0006826447098425171,0.0013941857248676115,validation,average_precision
14,logistic_regression,load_pct_diff1,0.0004206073084335904,0.0022611811497219563,validation,average_precision
14,logistic_regression,vibration_h_mms,0.0001830311297395859,0.0014588566018269142,validation,average_precision
14,logistic_regression,vibration_v_mms_diff1,0.00016113837118899576,0.00048379459269150293,validation,average_precision
14,logistic_regression,temp_motor_degC_diff1,-8.726035367629393e-05,0.0038680339551127574,validation,average_precision
14,logistic_regression,oil_pressure_bar,-0.000113265078265945,0.000226462481358367,validation,average_precision
14,logistic_regression,power_consumption_kw_anomaly7,-0.0001577749440933085,0.0006109006916100172,validation,average_precision
14,logistic_regression,oil_pressure_bar_anomaly7,-0.00032650823848036635,0.00032400719433623007,validation,average_precision
14,logistic_regression,temp_motor_degC_anomaly7,-0.00033339523733636465,0.0009162064858179204,validation,average_precision
14,logistic_regression,temp_bearing_degC_vs_mean7,-0.0003498185717098146,0.000980908807401968,validation,average_precision
14,logistic_regression,temp_bearing_degC_diff1,-0.00038755674292207943,0.00015847719099332748,validation,average_precision
14,logistic_regression,vibration_v_mms_vs_mean30,-0.00042426029833421143,0.00017168734750759823,validation,average_precision
14,logistic_regression,shaft_rpm_mean7,-0.0008842548468817157,0.003092420756965949,validation,average_precision
14,logistic_regression,temp_bearing_degC_anomaly7,-0.0009180711354511983,0.0009872951753613962,validation,average_precision
14,logistic_regression,vibration_v_mms,-0.0010997652096656652,0.0017522826207822472,validation,average_precision
14,logistic_regression,vibration_v_mms_std7,-0.001218466849079336,0.0007668187029890695,validation,average_precision
14,logistic_regression,vibration_h_mms_diff1,-0.0012708440072952798,0.0011058426707990085,validation,average_precision
14,logistic_regression,vibration_h_mms_vs_mean7,-0.0013783039293079613,0.0006654680553404876,validation,average_precision
14,logistic_regression,oil_pressure_bar_mean7,-0.001477184713610652,0.0011699618391496427,validation,average_precision
14,logistic_regression,vibration_v_mms_vs_mean7,-0.001700157726400181,0.000605320926385917,validation,average_precision
14,logistic_regression,power_consumption_kw_diff1,-0.0018691749381159694,0.0017352278269687376,validation,average_precision
14,logistic_regression,oil_pressure_bar_vs_mean7,-0.002014500516698575,0.002250221177187568,validation,average_precision
14,logistic_regression,power_consumption_kw_std7,-0.002210464763159914,0.004125261971404858,validation,average_precision
14,logistic_regression,vibration_h_mms_mean7,-0.0028056460294498876,0.0024356205781576354,validation,average_precision
14,logistic_regression,temp_motor_degC_vs_mean7,-0.002914872985077632,0.0036630320532482215,validation,average_precision
14,logistic_regression,temp_bearing_degC_std7,-0.003583986145434509,0.004451273383166399,validation,average_precision
